#
# There is insufficient memory for the Java Runtime Environment to continue.
# Native memory allocation (mmap) failed to map 2097152 bytes. Error detail: G1 virtual space
# Possible reasons:
#   The system is out of physical RAM or swap space
#   This process is running with CompressedOops enabled, and the Java Heap may be blocking the growth of the native heap
# Possible solutions:
#   Reduce memory load on the system
#   Increase physical memory or swap space
#   Check if swap backing store is full
#   Decrease Java heap size (-Xmx/-Xms)
#   Decrease number of Java threads
#   Decrease Java thread stack sizes (-Xss)
#   Set larger code cache with -XX:ReservedCodeCacheSize=
#   JVM is running with Zero Based Compressed Oops mode in which the Java heap is
#     placed in the first 32GB address space. The Java Heap base address is the
#     maximum limit for the native heap growth. Please use -XX:HeapBaseMinAddress
#     to set the Java Heap base and to place the Java Heap above 32GB virtual address.
# This output file may be truncated or incomplete.
#
#  Out of Memory Error (os_windows.cpp:3713), pid=10768, tid=4780
#
# JRE version: OpenJDK Runtime Environment Temurin-21.0.8+9 (21.0.8+9) (build 21.0.8+9-LTS)
# Java VM: OpenJDK 64-Bit Server VM Temurin-21.0.8+9 (21.0.8+9-LTS, mixed mode, sharing, tiered, compressed oops, compressed class ptrs, g1 gc, windows-amd64)
# No core dump will be written. Minidumps are not enabled by default on client versions of Windows
#

---------------  S U M M A R Y ------------

Command Line: org.apache.jena.fuseki.cmd.FusekiCmd --config=../.fuseki.ttl --port 3030 --localhost

Host: 11th Gen Intel(R) Core(TM) i5-1145G7 @ 2.60GHz, 8 cores, 15G,  Windows 11 , 64 bit Build 26100 (10.0.26100.8521)
Time: Wed Jun 10 19:02:12 2026 Hora Padrão de Buenos Aires elapsed time: 223.526221 seconds (0d 0h 3m 43s)

---------------  T H R E A D  ---------------

Current thread (0x000001850ac1c2e0):  JavaThread "qtp274100821-35"        [_thread_in_vm, id=4780, stack(0x0000007a6aa00000,0x0000007a6ab00000) (1024K)]

Stack: [0x0000007a6aa00000,0x0000007a6ab00000]
Native frames: (J=compiled Java code, j=interpreted, Vv=VM code, C=native code)
V  [jvm.dll+0x6d2449]
V  [jvm.dll+0x8ae341]
V  [jvm.dll+0x8b08be]
V  [jvm.dll+0x8b0fa3]
V  [jvm.dll+0x280c96]
V  [jvm.dll+0x6cec15]
V  [jvm.dll+0x6c2c3a]
V  [jvm.dll+0x35867a]
V  [jvm.dll+0x360246]
V  [jvm.dll+0x3b1c9b]
V  [jvm.dll+0x3b2334]
V  [jvm.dll+0x3b1ea6]
V  [jvm.dll+0x32cd2e]
V  [jvm.dll+0x32afcf]
V  [jvm.dll+0x6626f0]
V  [jvm.dll+0x240042]
V  [jvm.dll+0x874027]
V  [jvm.dll+0x72e4a7]
C  0x00000184b4bd3429

The last pc belongs to _new_array_Java (printed below).
Java frames: (J=compiled Java code, j=interpreted, Vv=VM code)
v  ~RuntimeStub::_new_array_Java 0x00000184b4bd3429
J 5737 c2 org.apache.jena.tdb.base.file.BufferChannelMem.write(Ljava/nio/ByteBuffer;)I (187 bytes) @ 0x00000184b5479230 [0x00000184b5478900+0x0000000000000930]
J 6484 c2 org.apache.jena.tdb.transaction.Journal.write(Lorg/apache/jena/tdb/transaction/JournalEntryType;Lorg/apache/jena/tdb/sys/FileRef;Lorg/apache/jena/tdb/base/block/Block;)J (363 bytes) @ 0x00000184b55d6448 [0x00000184b55d6020+0x0000000000000428]
J 5901 c2 org.apache.jena.tdb.transaction.BlockMgrJournal.writeJournalEntry(Lorg/apache/jena/tdb/base/block/Block;)V (28 bytes) @ 0x00000184b548f4d0 [0x00000184b548f440+0x0000000000000090]
j  org.apache.jena.tdb.transaction.BlockMgrJournal.commitPrepare(Lorg/apache/jena/tdb/transaction/Transaction;)V+40
j  org.apache.jena.tdb.transaction.Transaction.lambda$prepare$0(Lorg/apache/jena/tdb/transaction/TransactionLifecycle;)V+2
j  org.apache.jena.tdb.transaction.Transaction$$Lambda+0x00000184c6486418.accept(Ljava/lang/Object;)V+8
j  java.util.ArrayList.forEach(Ljava/util/function/Consumer;)V+46 java.base@21.0.8
j  org.apache.jena.tdb.transaction.Transaction.forAllComponents(Ljava/util/function/Consumer;)V+15
j  org.apache.jena.tdb.transaction.Transaction.prepare()V+14
j  org.apache.jena.tdb.transaction.Transaction.writerPrepareCommit()V+7
j  org.apache.jena.tdb.transaction.Transaction.commit()V+78
j  org.apache.jena.tdb.transaction.DatasetGraphTxn.commit()V+4
j  org.apache.jena.tdb.transaction.DatasetGraphTransaction.commit()V+18
j  org.apache.jena.fuseki.servlets.HttpAction.commit()V+11
j  org.apache.jena.fuseki.servlets.GSP_RW.triplesPutPostTxn(Lorg/apache/jena/fuseki/servlets/HttpAction;Z)Lorg/apache/jena/fuseki/system/UploadDetails;+184
j  org.apache.jena.fuseki.servlets.GSP_RW.doPutPostGSP(Lorg/apache/jena/fuseki/servlets/HttpAction;Z)V+24
j  org.apache.jena.fuseki.servlets.GSP_RW.execPutGSP(Lorg/apache/jena/fuseki/servlets/HttpAction;)V+3
j  org.apache.jena.fuseki.servlets.GSP_RW.doPut(Lorg/apache/jena/fuseki/servlets/HttpAction;)V+17
j  org.apache.jena.fuseki.servlets.ActionREST.doPut$(Lorg/apache/jena/fuseki/servlets/HttpAction;)V+12
j  org.apache.jena.fuseki.servlets.ActionREST.execute(Lorg/apache/jena/fuseki/servlets/HttpAction;)V+124
j  org.apache.jena.fuseki.servlets.ActionService.executeLifecycle(Lorg/apache/jena/fuseki/servlets/HttpAction;)V+79
j  org.apache.jena.fuseki.servlets.ActionREST.execAny(Ljava/lang/String;Lorg/apache/jena/fuseki/servlets/HttpAction;)V+2
j  org.apache.jena.fuseki.servlets.ActionProcessor.execPut(Lorg/apache/jena/fuseki/servlets/HttpAction;)V+4
j  org.apache.jena.fuseki.servlets.ActionProcessor.process(Lorg/apache/jena/fuseki/servlets/HttpAction;)V+276
j  org.apache.jena.fuseki.servlets.ActionBase.process(Lorg/apache/jena/fuseki/servlets/HttpAction;)V+2
j  org.apache.jena.fuseki.servlets.ActionExecLib.execActionSub(Lorg/apache/jena/fuseki/servlets/HttpAction;Ljava/util/function/Supplier;)Z+63
j  org.apache.jena.fuseki.servlets.ActionExecLib.execAction(Lorg/apache/jena/fuseki/servlets/HttpAction;Ljava/util/function/Supplier;)Z+2
j  org.apache.jena.fuseki.server.Dispatcher.dispatchAction(Lorg/apache/jena/fuseki/servlets/HttpAction;)Z+7
j  org.apache.jena.fuseki.server.Dispatcher.process(Lorg/apache/jena/fuseki/server/DataAccessPoint;Ljavax/servlet/http/HttpServletRequest;Ljavax/servlet/http/HttpServletResponse;)Z+14
j  org.apache.jena.fuseki.server.Dispatcher.dispatch(Ljavax/servlet/http/HttpServletRequest;Ljavax/servlet/http/HttpServletResponse;)Z+25
j  org.apache.jena.fuseki.servlets.FusekiFilter.doFilter(Ljavax/servlet/ServletRequest;Ljavax/servlet/ServletResponse;Ljavax/servlet/FilterChain;)V+16
j  org.eclipse.jetty.servlet.FilterHolder.doFilter(Ljavax/servlet/ServletRequest;Ljavax/servlet/ServletResponse;Ljavax/servlet/FilterChain;)V+23
j  org.eclipse.jetty.servlet.ServletHandler$Chain.doFilter(Ljavax/servlet/ServletRequest;Ljavax/servlet/ServletResponse;)V+10
j  org.apache.shiro.web.servlet.ProxiedFilterChain.doFilter(Ljavax/servlet/ServletRequest;Ljavax/servlet/ServletResponse;)V+50
j  org.apache.shiro.web.servlet.AdviceFilter.executeChain(Ljavax/servlet/ServletRequest;Ljavax/servlet/ServletResponse;Ljavax/servlet/FilterChain;)V+3
j  org.apache.shiro.web.servlet.AdviceFilter.doFilterInternal(Ljavax/servlet/ServletRequest;Ljavax/servlet/ServletResponse;Ljavax/servlet/FilterChain;)V+64
j  org.apache.shiro.web.servlet.OncePerRequestFilter.doFilter(Ljavax/servlet/ServletRequest;Ljavax/servlet/ServletResponse;Ljavax/servlet/FilterChain;)V+113
j  org.apache.shiro.web.servlet.ProxiedFilterChain.doFilter(Ljavax/servlet/ServletRequest;Ljavax/servlet/ServletResponse;)V+130
j  org.apache.shiro.web.servlet.AdviceFilter.executeChain(Ljavax/servlet/ServletRequest;Ljavax/servlet/ServletResponse;Ljavax/servlet/FilterChain;)V+3
j  org.apache.shiro.web.servlet.AdviceFilter.doFilterInternal(Ljavax/servlet/ServletRequest;Ljavax/servlet/ServletResponse;Ljavax/servlet/FilterChain;)V+64
j  org.apache.shiro.web.servlet.OncePerRequestFilter.doFilter(Ljavax/servlet/ServletRequest;Ljavax/servlet/ServletResponse;Ljavax/servlet/FilterChain;)V+113
j  org.apache.shiro.web.servlet.ProxiedFilterChain.doFilter(Ljavax/servlet/ServletRequest;Ljavax/servlet/ServletResponse;)V+130
j  org.apache.shiro.web.servlet.AbstractShiroFilter.executeChain(Ljavax/servlet/ServletRequest;Ljavax/servlet/ServletResponse;Ljavax/servlet/FilterChain;)V+13
j  org.apache.shiro.web.servlet.AbstractShiroFilter$1.call()Ljava/lang/Object;+31
j  org.apache.shiro.subject.support.SubjectCallable.doCall(Ljava/util/concurrent/Callable;)Ljava/lang/Object;+1
j  org.apache.shiro.subject.support.SubjectCallable.call()Ljava/lang/Object;+14
j  org.apache.shiro.subject.support.DelegatingSubject.execute(Ljava/util/concurrent/Callable;)Ljava/lang/Object;+7
j  org.apache.shiro.web.servlet.AbstractShiroFilter.doFilterInternal(Ljavax/servlet/ServletRequest;Ljavax/servlet/ServletResponse;Ljavax/servlet/FilterChain;)V+47
j  org.apache.shiro.web.servlet.OncePerRequestFilter.doFilter(Ljavax/servlet/ServletRequest;Ljavax/servlet/ServletResponse;Ljavax/servlet/FilterChain;)V+113
j  org.eclipse.jetty.servlet.FilterHolder.doFilter(Ljavax/servlet/ServletRequest;Ljavax/servlet/ServletResponse;Ljavax/servlet/FilterChain;)V+23
j  org.eclipse.jetty.servlet.ServletHandler$Chain.doFilter(Ljavax/servlet/ServletRequest;Ljavax/servlet/ServletResponse;)V+10
j  org.apache.jena.fuseki.servlets.CrossOriginFilter.handle(Ljavax/servlet/http/HttpServletRequest;Ljavax/servlet/http/HttpServletResponse;Ljavax/servlet/FilterChain;)V+181
j  org.apache.jena.fuseki.servlets.CrossOriginFilter.doFilter(Ljavax/servlet/ServletRequest;Ljavax/servlet/ServletResponse;Ljavax/servlet/FilterChain;)V+10
j  org.eclipse.jetty.servlet.FilterHolder.doFilter(Ljavax/servlet/ServletRequest;Ljavax/servlet/ServletResponse;Ljavax/servlet/FilterChain;)V+57
j  org.eclipse.jetty.servlet.ServletHandler$Chain.doFilter(Ljavax/servlet/ServletRequest;Ljavax/servlet/ServletResponse;)V+10
j  org.eclipse.jetty.servlet.ServletHandler.doHandle(Ljava/lang/String;Lorg/eclipse/jetty/server/Request;Ljavax/servlet/http/HttpServletRequest;Ljavax/servlet/http/HttpServletResponse;)V+156
j  org.eclipse.jetty.server.handler.ScopedHandler.handle(Ljava/lang/String;Lorg/eclipse/jetty/server/Request;Ljavax/servlet/http/HttpServletRequest;Ljavax/servlet/http/HttpServletResponse;)V+32
j  org.eclipse.jetty.security.SecurityHandler.handle(Ljava/lang/String;Lorg/eclipse/jetty/server/Request;Ljavax/servlet/http/HttpServletRequest;Ljavax/servlet/http/HttpServletResponse;)V+561
j  org.eclipse.jetty.server.handler.HandlerWrapper.handle(Ljava/lang/String;Lorg/eclipse/jetty/server/Request;Ljavax/servlet/http/HttpServletRequest;Ljavax/servlet/http/HttpServletResponse;)V+18
j  org.eclipse.jetty.server.handler.ScopedHandler.nextHandle(Ljava/lang/String;Lorg/eclipse/jetty/server/Request;Ljavax/servlet/http/HttpServletRequest;Ljavax/servlet/http/HttpServletResponse;)V+46
j  org.eclipse.jetty.server.session.SessionHandler.doHandle(Ljava/lang/String;Lorg/eclipse/jetty/server/Request;Ljavax/servlet/http/HttpServletRequest;Ljavax/servlet/http/HttpServletResponse;)V+6
j  org.eclipse.jetty.server.handler.ScopedHandler.nextHandle(Ljava/lang/String;Lorg/eclipse/jetty/server/Request;Ljavax/servlet/http/HttpServletRequest;Ljavax/servlet/http/HttpServletResponse;)V+27
j  org.eclipse.jetty.server.handler.ContextHandler.doHandle(Ljava/lang/String;Lorg/eclipse/jetty/server/Request;Ljavax/servlet/http/HttpServletRequest;Ljavax/servlet/http/HttpServletResponse;)V+72
j  org.eclipse.jetty.server.handler.ScopedHandler.nextScope(Ljava/lang/String;Lorg/eclipse/jetty/server/Request;Ljavax/servlet/http/HttpServletRequest;Ljavax/servlet/http/HttpServletResponse;)V+38
j  org.eclipse.jetty.servlet.ServletHandler.doScope(Ljava/lang/String;Lorg/eclipse/jetty/server/Request;Ljavax/servlet/http/HttpServletRequest;Ljavax/servlet/http/HttpServletResponse;)V+142
j  org.eclipse.jetty.server.session.SessionHandler.doScope(Ljava/lang/String;Lorg/eclipse/jetty/server/Request;Ljavax/servlet/http/HttpServletRequest;Ljavax/servlet/http/HttpServletResponse;)V+299
j  org.eclipse.jetty.server.handler.ScopedHandler.nextScope(Ljava/lang/String;Lorg/eclipse/jetty/server/Request;Ljavax/servlet/http/HttpServletRequest;Ljavax/servlet/http/HttpServletResponse;)V+16
j  org.eclipse.jetty.server.handler.ContextHandler.doScope(Ljava/lang/String;Lorg/eclipse/jetty/server/Request;Ljavax/servlet/http/HttpServletRequest;Ljavax/servlet/http/HttpServletResponse;)V+343
j  org.eclipse.jetty.server.handler.ScopedHandler.handle(Ljava/lang/String;Lorg/eclipse/jetty/server/Request;Ljavax/servlet/http/HttpServletRequest;Ljavax/servlet/http/HttpServletResponse;)V+20
j  org.eclipse.jetty.server.handler.HandlerWrapper.handle(Ljava/lang/String;Lorg/eclipse/jetty/server/Request;Ljavax/servlet/http/HttpServletRequest;Ljavax/servlet/http/HttpServletResponse;)V+18
j  org.eclipse.jetty.server.handler.gzip.GzipHandler.handle(Ljava/lang/String;Lorg/eclipse/jetty/server/Request;Ljavax/servlet/http/HttpServletRequest;Ljavax/servlet/http/HttpServletResponse;)V+697
j  org.eclipse.jetty.server.handler.HandlerWrapper.handle(Ljava/lang/String;Lorg/eclipse/jetty/server/Request;Ljavax/servlet/http/HttpServletRequest;Ljavax/servlet/http/HttpServletResponse;)V+18
j  org.eclipse.jetty.server.Server.handle(Lorg/eclipse/jetty/server/HttpChannel;)V+158
j  org.eclipse.jetty.server.HttpChannel.lambda$handle$0()V+69
j  org.eclipse.jetty.server.HttpChannel$$Lambda+0x00000184c64b0848.dispatch()V+4
j  org.eclipse.jetty.server.HttpChannel.dispatch(Ljavax/servlet/DispatcherType;Lorg/eclipse/jetty/server/HttpChannel$Dispatchable;)V+37
j  org.eclipse.jetty.server.HttpChannel.handle()Z+179
j  org.eclipse.jetty.server.HttpConnection.onFillable()V+118
j  org.eclipse.jetty.io.AbstractConnection$ReadCallback.succeeded()V+4
j  org.eclipse.jetty.io.FillInterest.fillable()Z+50
j  org.eclipse.jetty.io.SelectableChannelEndPoint$1.run()V+7
j  org.eclipse.jetty.util.thread.strategy.AdaptiveExecutionStrategy.runTask(Ljava/lang/Runnable;)V+1
j  org.eclipse.jetty.util.thread.strategy.AdaptiveExecutionStrategy.consumeTask(Ljava/lang/Runnable;Lorg/eclipse/jetty/util/thread/strategy/AdaptiveExecutionStrategy$SubStrategy;)Z+135
j  org.eclipse.jetty.util.thread.strategy.AdaptiveExecutionStrategy.tryProduce(Z)V+313
j  org.eclipse.jetty.util.thread.strategy.AdaptiveExecutionStrategy.lambda$new$0()V+2
j  org.eclipse.jetty.util.thread.strategy.AdaptiveExecutionStrategy$$Lambda+0x00000184c6496638.run()V+4
j  org.eclipse.jetty.util.thread.ReservedThreadExecutor$ReservedThread.run()V+274
j  org.eclipse.jetty.util.thread.QueuedThreadPool.runJob(Ljava/lang/Runnable;)V+1
j  org.eclipse.jetty.util.thread.QueuedThreadPool$Runner.run()V+252
j  java.lang.Thread.runWith(Ljava/lang/Object;Ljava/lang/Runnable;)V+5 java.base@21.0.8
j  java.lang.Thread.run()V+19 java.base@21.0.8
v  ~StubRoutines::call_stub 0x00000184b4aa10e7
--------------------------------------------------------------------------------
Decoding CodeBlob, name: _new_array_Java, at  [0x00000184b4bd3400, 0x00000184b4bd3470]  112 bytes
[MachCode]
  0x00000184b4bd3400: 4881 ec28 | 0000 0048 | 896c 2420 | 4989 a798 | 0300 0048 | 8bca 418b | d04d 8bc7 | 49ba 70e4 
  0x00000184b4bd3420: a560 fb7f | 0000 41ff | d20f 1f84 | 0000 0000 | 004d 89a7 | 9803 0000 | 4d89 a7a0 | 0300 0049 
  0x00000184b4bd3440: 8b87 f003 | 0000 4d89 | a7f0 0300 | 004d 3b67 | 0875 0648 | 83c4 205d | c333 db49 | ba00 0faa 
  0x00000184b4bd3460: b484 0100 | 0048 83c4 | 205d 41ff | e2f4 f4f4 
[/MachCode]
--------------------------------------------------------------------------------


Compiled method (c2) 223560 5737  s    4       org.apache.jena.tdb.base.file.BufferChannelMem::write (187 bytes)
 total in heap  [0x00000184b5478690,0x00000184b547aed0] = 10304
 relocation     [0x00000184b54787f0,0x00000184b54788f8] = 264
 main code      [0x00000184b5478900,0x00000184b5479fb0] = 5808
 stub code      [0x00000184b5479fb0,0x00000184b5479fc8] = 24
 oops           [0x00000184b5479fc8,0x00000184b5479fe0] = 24
 metadata       [0x00000184b5479fe0,0x00000184b547a0c8] = 232
 scopes data    [0x00000184b547a0c8,0x00000184b547ab30] = 2664
 scopes pcs     [0x00000184b547ab30,0x00000184b547ae50] = 800
 dependencies   [0x00000184b547ae50,0x00000184b547ae78] = 40
 handler table  [0x00000184b547ae78,0x00000184b547aea8] = 48
 nul chk table  [0x00000184b547aea8,0x00000184b547aed0] = 40

[Constant Pool (empty)]

[MachCode]
[Entry Point]
  # {method} {0x0000018507d63a68} 'write' '(Ljava/nio/ByteBuffer;)I' in 'org/apache/jena/tdb/base/file/BufferChannelMem'
  # this:     rdx:rdx   = 'org/apache/jena/tdb/base/file/BufferChannelMem'
  # parm0:    r8:r8     = 'java/nio/ByteBuffer'
  #           [sp+0xd0]  (sp of caller)
  0x00000184b5478900: 448b 5208 | 49bb 0000 | 00c5 8401 | 0000 4d03 | d349 3bc2 

  0x00000184b5478914: ;   {runtime_call ic_miss_stub}
  0x00000184b5478914: 0f85 6660 | 67ff 6690 | 0f1f 4000 
[Verified Entry Point]
  0x00000184b5478920: 8984 2400 | 80ff ff55 | 4881 ecc0 | 0000 0090 | 4181 7f20 | 6307 0000 | 0f85 6516 | 0000 4c89 
  0x00000184b5478940: 4424 3848 | 8954 2430 | 488d 9c24 | b000 0000 | 488b 02a8 | 020f 8523 | 0000 0048 | 83c8 0148 
  0x00000184b5478960: 8903 f048 | 0fb1 1a0f | 8437 0000 | 0048 2bc4 | 4825 07f0 | ffff 4889 | 03e9 2400 | 0000 4c8b 
  0x00000184b5478980: d048 33c0 | f04d 0fb1 | 7a3e 48c7 | 0303 0000 | 0074 114c | 3bf8 7515 | 49ff 8286 | 0000 0048 
  0x00000184b54789a0: 33c0 7509 | 49ff 8748 | 0500 0033 | c00f 85c4 | 0800 004c | 8b54 2430 | 458b 5a10 

  0x00000184b54789bc: ; implicit exception: dispatches to 0x00000184b5479e60
  0x00000184b54789bc: 438b 4cdc | 2041 0fb6 | 6a0c 85ed | 0f85 5209 | 0000 4c8b | 5424 3841 | 8b5a 1c41 | 2b5a 1847 
  0x00000184b54789dc: 8b54 dc18 | 4489 5424 | 4044 8bc1 | 452b c241 | 3bd8 0f8e | ef03 0000 | 8beb 412b 

  0x00000184b54789f8: ;   {oop(a 'java/lang/Class'{0x0000000705e4f1b8} = 'org/apache/jena/tdb/base/file/BufferChannelMem')}
  0x00000184b54789f8: e849 bab8 | f1e4 0507 | 0000 0041 | 036a 7803 | e985 ed0f | 8c04 0f00 | 0049 8bb7 | b801 0000 
  0x00000184b5478a18: 4c8b d649 | 83c2 384d | 3b97 c801 | 0000 0f83 | 9907 0000 | 4d89 97b8 | 0100 0041 | 0f0d 8ac0 
  0x00000184b5478a38: 0000 0048 | c706 0100 

  0x00000184b5478a40: ;   {metadata('java/nio/HeapByteBuffer')}
  0x00000184b5478a40: 0000 c746 | 0888 4d1c | 0044 8966 | 0c4c 8bd6 | 4983 c210 | c5fd efc0 | 62d1 fe28 | 7f02 c4c1 
  0x00000184b5478a60: 79d6 4220 | 81fd 0000 | 1000 0f87 | f40d 0000 | 4863 cd81 | fd00 0010 | 000f 876d | 0700 004d 
  0x00000184b5478a80: 8b87 b801 | 0000 4883 | c117 4c8b | d149 83e2 | f84d 8bd8 | 4d03 da4d | 3b9f c801 | 0000 0f83 
  0x00000184b5478aa0: 4807 0000 | 4d89 9fb8 | 0100 0041 | 0f0d 8bc0 | 0000 0049 | c700 0100 | 0000 410f | 0d8b 0001 
  0x00000184b5478ac0: ;   {metadata({type array byte})}
  0x00000184b5478ac0: 0000 41c7 | 4008 1823 | 0000 4189 | 680c 410f | 0d8b 4001 | 0000 498b | f848 83c7 | 1041 0f0d 
  0x00000184b5478ae0: 8b80 0100 | 0048 c1e9 | 0348 83c1 | fe48 33c0 | 4883 f908 | 7f10 48ff | c978 5648 | 8904 cf48 
  0x00000184b5478b00: ffc9 7df7 | eb4b c5fd | efc0 e90d | 0000 00c5 | fe7f 07c5 | fe7f 4720 | 4883 c740 | 4883 e908 
  0x00000184b5478b20: 7ded 4883 | c104 7c0c | c5fe 7f07 | 4883 c720 | 4883 e904 | 4883 c104 | 7e17 48c7 | c0ff ffff 
  0x00000184b5478b40: ffc4 e2f0 | f5c0 c4e1 | fb92 f862 | f1fe 2f7f | 07c7 460c | ffff ffff | 4d8b d049 | c1ea 0389 
  0x00000184b5478b60: 6e1c 896e | 2044 8956 | 30c6 462d | 0144 8866 | 2e4c 8bd6 | 4d8b d84d | 33da 49c1 | eb15 4d85 
  0x00000184b5478b80: db74 1a49 | c1ea 0948 | b900 b085 | b984 0100 | 0049 03ca | 8039 020f | 8544 0500 | 0044 8966 
  0x00000184b5478ba0: 284c 8b54 | 2430 418b | 4a10 48c7 | 4610 1000 | 0000 458b 

  0x00000184b5478bb4: ;   {metadata('java/nio/HeapByteBuffer')}
  0x00000184b5478bb4: 54cc 0841 | 81fa 884d | 1c00 0f85 | a80c 0000 | 4d8d 2ccc | 418b 6d1c | 85ed 0f8c | 740d 0000 
  0x00000184b5478bd4: 458b 550c | 4585 d20f | 8fb2 0500 | 0045 8965 | 188b 6e24 | 85ed 0f85 | 940d 0000 | 4c8b d149 
  0x00000184b5478bf4: c1e2 034c | 3bd6 0f84 | c40d 0000 | 458b 44cc | 1c45 85c0 | 0f8c 9e0c | 0000 448b | 4e18 448b 
  0x00000184b5478c14: 5e1c 453b | cb0f 8fed | 0d00 0041 | 8beb 412b | e944 3bc5 | 0f8f 320e | 0000 c4c1 | 796e c38b 
  0x00000184b5478c34: fb49 8b5d | 1044 8b5e | 30c4 c179 | 6ecb 458b | 5530 c4c1 | 796e da45 | 8b5d 2441 | 8bc0 4d63 
  0x00000184b5478c54: d0c4 c1f9 | 6ed2 458b | f149 63d1 | 4c8d 4a10 | 4585 db0f | 852f 0e00 | 00c4 c179 | 7edb 4585 
  0x00000184b5478c74: db0f 84f8 | 0300 004c | 8bc3 4885 | db0f 8c95 | 1000 00c4 | c179 7eca | 4585 d274 | 094d 85c9 
  0x00000184b5478c94: 0f8c 0e11 | 0000 8bd8 | 85db 0f84 | c905 0000 | 41c6 8770 | 0400 0001 | 49c1 e203 | 498d 5412 
  0x00000184b5478cb4: ;   {no_reloc}
  0x00000184b5478cb4: 1049 8bcb | 48c1 e103 | 4903 c8c4 | c1f9 7ed0 | 49ba 804b | adb4 8401 | 0000 41ff 

  0x00000184b5478cd0: ;   {other}
  0x00000184b5478cd0: d20f 1f84 | 0000 0000 | 0045 88a7 | 7004 0000 | 448b 561c | 428d 2c33 | 413b ea0f | 8f23 0e00 
  0x00000184b5478cf0: 0085 ed0f | 8c67 0e00 | 0044 8b56 | 0c44 3bd5 | 0f8f 9a04 | 0000 896e | 1841 8b6d | 1c3b dd0f 
  0x00000184b5478d10: 8f93 0e00 | 0045 8b5d | 0c44 3bdb | 0f8f 8a04 | 0000 4189 | 5d18 4c8b | 5424 3045 | 8b5a 1047 
  0x00000184b5478d30: 8b5c dc1c | 8b6e 2044 | 3bdd 0f8f | b00e 0000 | 4585 db0f | 8ceb 0e00 | 0044 8b56 | 1845 3bd3 
  0x00000184b5478d50: 0f8f 2e03 | 0000 4489 | 5e1c 8b6e | 0c41 3beb | 0f8f 0e0f | 0000 448b | 5424 4045 | 3bd3 0f8f 
  0x00000184b5478d70: 440f 0000 | 4585 d20f | 8c6f 0f00 | 003b 6c24 | 400f 8f32 | 0400 0041 | 807f 4000 | 0f85 1303 
  0x00000184b5478d90: 0000 448b | 5424 4044 | 8956 184c | 8b54 2430 | 4c8b de4d | 33da 4c8b | ce49 c1e9 | 034c 8b44 
  0x00000184b5478db0: 2430 4589 | 4810 49c1 | eb15 4d85 | db74 1b49 | c1ea 0949 | b800 b085 | b984 0100 | 004d 03c2 
  0x00000184b5478dd0: ;   {no_reloc}
  0x00000184b5478dd0: 4180 3802 | 0f85 5503 | 0000 4c8b | de49 c1eb | 038b df47 | 8b4c dc1c | 448b d344 | 0354 2440 
  0x00000184b5478df0: 453b ca0f | 8d3b 0500 | 0047 8b4c 

  0x00000184b5478dfc: ;   {metadata('java/nio/HeapByteBuffer')}
  0x00000184b5478dfc: dc08 4181 | f988 4d1c | 000f 858e | 0400 004b | 8d3c dc8b | 6f20 443b | d50f 8f49 | 0500 0045 
  0x00000184b5478e1c: 85d2 0f8c | 6c05 0000 | 448b 5f18 | 453b da0f | 8f4a 0200 | 0044 8957 | 1c8b 6f0c | 413b ea0f 
  0x00000184b5478e3c: 8f7f 0500 | 008b 6f24 | 85ed 0f85 | a005 0000 | 4c8b 5c24 | 384c 3bdf | 0f84 c205 | 0000 458b 
  0x00000184b5478e5c: 431c 4489 | 4424 4045 | 8b5b 1844 | 895c 2444 | 443b 5c24 | 400f 8fd5 | 0500 0044 | 8b6c 2440 
  0x00000184b5478e7c: 452b eb44 | 8b77 1845 | 3bf2 0f8f | ec05 0000 | 418b ea41 | 2bee 443b | ed0f 8f1d | 0600 004c 
  0x00000184b5478e9c: 8b5c 2438 | 458b 5b08 

  0x00000184b5478ea4: ;   {metadata('java/nio/HeapByteBuffer')}
  0x00000184b5478ea4: 4181 fb88 | 4d1c 000f | 8517 0400 | 0089 5c24 | 4848 8b5c | 2438 448b | 4f30 448b | 5b30 448b 
  0x00000184b5478ec4: 4324 4963 | c549 63ce | 4803 4f10 | 4863 7424 | 4448 0373 | 1045 85c0 | 0f85 0206 | 0000 4585 
  0x00000184b5478ee4: ed0f 8c7d | 0600 0045 | 85db 7409 | 4885 f60f | 8c33 0800 | 0045 85c9 | 7409 4885 | c90f 8cc5 
  0x00000184b5478f04: 0800 008b | 5424 403b | 5424 4474 | 3f41 c687 | 7004 0000 | 0149 8bd1 | 48c1 e203 | 4803 d149 
  0x00000184b5478f24: 8bcb 48c1 | e103 4803 | ce4c 8bc0 | 49ba 804b | adb4 8401 | 0000 41ff 

  0x00000184b5478f3c: ;   {other}
  0x00000184b5478f3c: d20f 1f84 | 0000 0000 | 0045 88a7 | 7004 0000 | 448b 571c | 438d 2c2e | 413b ea0f | 8fab 0600 
  0x00000184b5478f5c: 0085 ed0f | 8cff 0600 | 0044 8b57 | 0c44 3bd5 | 0f8f 1b01 | 0000 896f | 188b 6b1c | 448b 5424 
  0x00000184b5478f7c: 4044 3bd5 | 0f8f 2207 | 0000 4585 | d20f 8c51 | 0700 0044 | 8b53 0c44 | 3b54 2440 | 0f8f fb00 
  0x00000184b5478f9c: 0000 448b | 5424 4044 | 8953 184c | 8b54 2430 | 410f b66a | 0c85 ed0f | 855b 0700 | 0048 8d84 
  0x00000184b5478fbc: 24b0 0000 | 004c 8b5c | 2430 4883 | 3800 0f84 | 7900 0000 | 4d8b 1341 | f6c2 020f | 8462 0000 
  0x00000184b5478fdc: 0049 83ba | 8600 0000 | 0074 0949 | ff8a 8600 | 0000 eb4b | 498b 8296 | 0000 0049 | 0b82 8e00 
  0x00000184b5478ffc: 0000 750a | 49c7 423e | 0000 0000 | eb3d 4983 | ba9e 0000 | 0000 7422 | 4833 c049 | c742 3e00 
  0x00000184b547901c: 0000 00f0 | 8304 2400 | 4983 ba9e | 0000 0000 | 750d f04d | 0fb1 7a3e | 7505 83c8 | 01eb 0ca8 
  0x00000184b547903c: ;   {no_reloc}
  0x00000184b547903c: 00eb 084c | 8b10 f04d | 0fb1 1375 | 0a49 ff8f | 4805 0000 | 4533 d20f | 859f 0200 | 008b 4424 
  0x00000184b547905c: 4848 81c4 | c000 0000 

  0x00000184b5479064: ;   {poll_return}
  0x00000184b5479064: 5d49 3ba7 | 4804 0000 | 0f87 1b0f | 0000 c34c | 8bc3 e90c | fcff ff44 | 8957 18e9 | adfd ffff 
  0x00000184b5479084: 4489 5e18 | e9c9 fcff | ffc7 470c | ffff ffff | e9d9 feff | ffc7 430c | ffff ffff | e9f9 feff 
  0x00000184b54790a4: ff4c 8b54 | 2430 458b | 5a10 4585 | db0f 84db | fcff ff4d | 8b57 2849 | 8bcb 48c1 | e103 4d85 
  0x00000184b54790c4: d20f 842d | 0800 004d | 8b5f 384b | 894c 13f8 | 4983 c2f8 | 4d89 5728 | e9b1 fcff | ff4d 8b57 
  0x00000184b54790e4: 584d 8b5f | 48f0 8344 | 24c0 0080 | 3900 0f84 | a5fa ffff | 4488 214d | 85db 751d | 498b d749 
  0x00000184b5479104: baa0 3c65 | 60fb 7f00 | 0041 ffd2 

  0x00000184b5479110: ;   {other}
  0x00000184b5479110: 0f1f 8400 | 0000 0000 | e980 faff | ff4b 894c | 1af8 4983 | c3f8 4d89 | 5f48 e96e | faff ff4d 
  0x00000184b5479130: 8b57 484d | 8b5f 58f0 | 8344 24c0 | 0041 8038 | 0074 3245 | 8820 4d85 | d274 0f4f | 8944 13f8 
  0x00000184b5479150: 4983 c2f8 | 4d89 5748 | eb1b 498b | c849 8bd7 | 49ba a03c | 6560 fb7f | 0000 41ff 

  0x00000184b547916c: ;   {other}
  0x00000184b547916c: d20f 1f84 | 0000 0000 | 004c 8b54 | 2430 458b | 5210 4585 | d20f 84a9 | 0c00 0049 | c1e2 0349 
  0x00000184b547918c: 8bf2 e947 | fcff ff41 | c745 0cff | ffff ffe9 | 41fa ffff | c746 0cff | ffff ffe9 | 5afb ffff 
  0x00000184b54791ac: 41c7 450c | ffff ffff | e969 fbff | ffc7 460c | ffff ffff | e9c2 fbff 

  0x00000184b54791c4: ;   {metadata('java/nio/HeapByteBuffer')}
  0x00000184b54791c4: ff48 ba88 | 4d1c c584 | 0100 0089 

  0x00000184b54791d0: ;   {runtime_call _new_instance_Java}
  0x00000184b54791d0: 5c24 48e8 

  0x00000184b54791d4: ; ImmutableOopMap {[48]=Oop [56]=Oop }
                      ;*new {reexecute=0 rethrow=0 return_oop=1}
                      ; - java.nio.ByteBuffer::allocate@9 (line 391)
                      ; - org.apache.jena.tdb.base.file.BufferChannelMem::write@89 (line 137)
  0x00000184b54791d4: 2866 75ff 

  0x00000184b54791d8: ;   {other}
  0x00000184b54791d8: 0f1f 8400 | 480b 0000 | 488b f08b | 5c24 48e9 | 78f8 ffff | 4889 7424 | 4889 6c24 | 4448 8944 
  0x00000184b54791f8: 24f8 8b44 | 2440 8944 | 242c 488b | 4424 f889 | 5c24 2848 | ff74 2438 | 488f 4424 | 2048 8b6c 
  0x00000184b5479218: ;   {metadata({type array byte})}
  0x00000184b5479218: 2430 48ba | 1823 00c5 | 8401 0000 | 448b 4424 

  0x00000184b5479228: ;   {runtime_call _new_array_Java}
  0x00000184b5479228: 4466 90e8 

  0x00000184b547922c: ; ImmutableOopMap {rbp=Oop [32]=Oop [48]=Oop [72]=Oop }
                      ;*newarray {reexecute=0 rethrow=0 return_oop=1}
                      ; - java.nio.HeapByteBuffer::<init>@6 (line 71)
                      ; - java.nio.ByteBuffer::allocate@16 (line 391)
                      ; - org.apache.jena.tdb.base.file.BufferChannelMem::write@89 (line 137)
  0x00000184b547922c: d0a1 75ff 

  0x00000184b5479230: ;   {other}
  0x00000184b5479230: 0f1f 8400 | a00b 0001 | 48ff 7424 | 2048 8f44 | 2438 448b | 5c24 2848 | 8944 24f8 | 8b44 242c 
  0x00000184b5479250: 8944 2440 | 488b 4424 | f88b 6c24 | 4448 8b74 | 2448 4c8b | c041 8bdb | e9e4 f8ff | ffc4 c179 
  0x00000184b5479270: 7ec2 e96d | faff ff4c | 8d84 24b0 | 0000 0048 | 8954 2428 

  0x00000184b5479284: ;   {runtime_call _complete_monitor_locking_Java}
  0x00000184b5479284: 6666 90e8 

  0x00000184b5479288: ; ImmutableOopMap {[40]=Oop [48]=Oop [56]=Oop }
                      ;*synchronization entry
                      ; - org.apache.jena.tdb.base.file.BufferChannelMem::write@-1 (line 126)
  0x00000184b5479288: 7481 75ff 

  0x00000184b547928c: ;   {other}
  0x00000184b547928c: 0f1f 8400 | fc0b 0002 | e91a f7ff | ffba deff | ffff 488b | 6c24 3048 | ff74 2438 | 488f 4424 
  0x00000184b54792ac: 2089 5c24 | 3044 895c | 2434 4489 

  0x00000184b54792b8: ;   {runtime_call UncommonTrapBlob}
  0x00000184b54792b8: 5424 38e8 

  0x00000184b54792bc: ; ImmutableOopMap {rbp=Oop [32]=Oop [52]=NarrowOop }
                      ;*invokevirtual limit {reexecute=0 rethrow=0 return_oop=0}
                      ; - org.apache.jena.tdb.base.file.BufferChannelMem::write@159 (line 148)
  0x00000184b54792bc: 40ea 67ff 

  0x00000184b54792c0: ;   {other}
  0x00000184b54792c0: 0f1f 8400 | 300c 0003 | bade ffff | ff48 8b6c | 2430 895c | 2440 4889 | 7c24 5048 | 897c 2460 
  0x00000184b54792e0: 4489 7424 | 6844 896c 

  0x00000184b54792e8: ;   {runtime_call UncommonTrapBlob}
  0x00000184b54792e8: 2470 90e8 

  0x00000184b54792ec: ; ImmutableOopMap {rbp=Oop [56]=Oop [80]=Oop [96]=Oop }
                      ;*invokevirtual base {reexecute=0 rethrow=0 return_oop=0}
                      ; - java.nio.ByteBuffer::putBuffer@1 (line 1111)
                      ; - java.nio.ByteBuffer::put@100 (line 1040)
                      ; - java.nio.HeapByteBuffer::put@6 (line 250)
                      ; - org.apache.jena.tdb.base.file.BufferChannelMem::write@168 (line 150)
  0x00000184b54792ec: 10ea 67ff 

  0x00000184b54792f0: ;   {other}
  0x00000184b54792f0: 0f1f 8400 | 600c 0004 | 498b cb48 | 8d94 24b0 | 0000 004d | 8bc7 49ba | f07b a660 | fb7f 0000 
  0x00000184b5479310: ;   {other}
  0x00000184b5479310: 41ff d20f | 1f84 0000 | 0000 00e9 | 39fd ffff | ba45 ffff 

  0x00000184b5479324: ;   {runtime_call UncommonTrapBlob}
  0x00000184b5479324: ff66 90e8 

  0x00000184b5479328: ; ImmutableOopMap {[48]=Oop [56]=Oop }
                      ;*ifeq {reexecute=1 rethrow=0 return_oop=0}
                      ; - (reexecute) org.apache.jena.tdb.base.file.BufferChannelMem::write@8 (line 127)
  0x00000184b5479328: d4e9 67ff 

  0x00000184b547932c: ;   {other}
  0x00000184b547932c: 0f1f 8400 | 9c0c 0005 | ba45 ffff | ff48 8b6c | 2430 48ff | 7424 3848 | 8f44 2420 | 895c 2430 
  0x00000184b547934c: 4489 4c24 | 3444 8954 

  0x00000184b5479354: ;   {runtime_call UncommonTrapBlob}
  0x00000184b5479354: 2438 90e8 

  0x00000184b5479358: ; ImmutableOopMap {rbp=Oop [32]=Oop }
                      ;*if_icmpge {reexecute=1 rethrow=0 return_oop=0}
                      ; - (reexecute) org.apache.jena.tdb.base.file.BufferChannelMem::write@149 (line 147)
  0x00000184b5479358: a4e9 67ff 

  0x00000184b547935c: ;   {other}
  0x00000184b547935c: 0f1f 8400 | cc0c 0006 | ba45 ffff | ff48 ff74 | 2438 488f | 4424 2889 | 5c24 3848 | 897c 2448 
  0x00000184b547937c: 4489 5424 

  0x00000184b5479380: ;   {runtime_call UncommonTrapBlob}
  0x00000184b5479380: 5066 90e8 

  0x00000184b5479384: ; ImmutableOopMap {[40]=Oop [48]=Oop [72]=Oop }
                      ;*if_icmple {reexecute=1 rethrow=0 return_oop=0}
                      ; - (reexecute) java.nio.Buffer::limit@5 (line 379)
                      ; - java.nio.ByteBuffer::limit@2 (line 1565)
                      ; - org.apache.jena.tdb.base.file.BufferChannelMem::write@159 (line 148)
  0x00000184b5479384: 78e9 67ff 

  0x00000184b5479388: ;   {other}
  0x00000184b5479388: 0f1f 8400 | f80c 0007 | ba45 ffff | ff48 8b6c | 2430 48ff | 7424 3848 | 8f44 2420 | 895c 2430 
  0x00000184b54793a8: 4889 7c24 | 4044 8954 

  0x00000184b54793b0: ;   {runtime_call UncommonTrapBlob}
  0x00000184b54793b0: 2448 90e8 

  0x00000184b54793b4: ; ImmutableOopMap {rbp=Oop [32]=Oop [64]=Oop }
                      ;*ifge {reexecute=1 rethrow=0 return_oop=0}
                      ; - (reexecute) java.nio.Buffer::limit@14 (line 379)
                      ; - java.nio.ByteBuffer::limit@2 (line 1565)
                      ; - org.apache.jena.tdb.base.file.BufferChannelMem::write@159 (line 148)
  0x00000184b54793b4: 48e9 67ff 

  0x00000184b54793b8: ;   {other}
  0x00000184b54793b8: 0f1f 8400 | 280d 0008 | ba45 ffff | ff48 ff74 | 2438 488f | 4424 2889 | 5c24 3848 | 897c 2448 
  0x00000184b54793d8: 4489 5424 

  0x00000184b54793dc: ;   {runtime_call UncommonTrapBlob}
  0x00000184b54793dc: 3c66 90e8 

  0x00000184b54793e0: ; ImmutableOopMap {[40]=Oop [48]=Oop [72]=Oop }
                      ;*if_icmple {reexecute=1 rethrow=0 return_oop=0}
                      ; - (reexecute) java.nio.Buffer::limit@55 (line 383)
                      ; - java.nio.ByteBuffer::limit@2 (line 1565)
                      ; - org.apache.jena.tdb.base.file.BufferChannelMem::write@159 (line 148)
  0x00000184b54793e0: 1ce9 67ff 

  0x00000184b54793e4: ;   {other}
  0x00000184b54793e4: 0f1f 8400 | 540d 0009 | ba45 ffff | ff48 ff74 | 2430 488f | 4424 2048 | ff74 2438 | 488f 4424 
  0x00000184b5479404: 3089 5c24 | 3848 897c 

  0x00000184b547940c: ;   {runtime_call UncommonTrapBlob}
  0x00000184b547940c: 2448 90e8 

  0x00000184b5479410: ; ImmutableOopMap {rbp=NarrowOop [32]=Oop [48]=Oop [72]=Oop }
                      ;*ifnull {reexecute=1 rethrow=0 return_oop=0}
                      ; - (reexecute) java.nio.Buffer::session@4 (line 792)
                      ; - java.nio.Buffer::checkSession@1 (line 800)
                      ; - java.nio.HeapByteBuffer::put@1 (line 249)
                      ; - org.apache.jena.tdb.base.file.BufferChannelMem::write@168 (line 150)
  0x00000184b5479410: ece8 67ff 

  0x00000184b5479414: ;   {other}
  0x00000184b5479414: 0f1f 8400 | 840d 000a | ba45 ffff | ff48 8b6c | 2430 48ff | 7424 3848 | 8f44 2430 | 895c 2438 
  0x00000184b5479434: 4889 7c24 | 4848 897c 

  0x00000184b547943c: ;   {runtime_call UncommonTrapBlob}
  0x00000184b547943c: 2450 90e8 

  0x00000184b5479440: ; ImmutableOopMap {rbp=Oop [48]=Oop [72]=Oop [80]=Oop }
                      ;*if_acmpne {reexecute=1 rethrow=0 return_oop=0}
                      ; - (reexecute) java.nio.ByteBuffer::put@2 (line 1025)
                      ; - java.nio.HeapByteBuffer::put@6 (line 250)
                      ; - org.apache.jena.tdb.base.file.BufferChannelMem::write@168 (line 150)
  0x00000184b5479440: bce8 67ff 

  0x00000184b5479444: ;   {other}
  0x00000184b5479444: 0f1f 8400 | b40d 000b | ba45 ffff | ff48 8b6c | 2430 48ff | 7424 3848 | 8f44 2428 | 895c 2430 
  0x00000184b5479464: 4889 7c24 

  0x00000184b5479468: ;   {runtime_call UncommonTrapBlob}
  0x00000184b5479468: 4866 90e8 

  0x00000184b547946c: ; ImmutableOopMap {rbp=Oop [40]=Oop [72]=Oop }
                      ;*if_icmpgt {reexecute=1 rethrow=0 return_oop=0}
                      ; - (reexecute) java.nio.ByteBuffer::put@36 (line 1032)
                      ; - java.nio.HeapByteBuffer::put@6 (line 250)
                      ; - org.apache.jena.tdb.base.file.BufferChannelMem::write@168 (line 150)
  0x00000184b547946c: 90e8 67ff 

  0x00000184b5479470: ;   {other}
  0x00000184b5479470: 0f1f 8400 | e00d 000c | ba45 ffff | ff48 8b6c | 2430 48ff | 7424 3848 | 8f44 2428 | 895c 2430 
  0x00000184b5479490: 4889 7c24 | 4844 895c | 2434 4489 | 6c24 4044 | 8974 2450 | 4489 5424 

  0x00000184b54794a8: ;   {runtime_call UncommonTrapBlob}
  0x00000184b54794a8: 5466 90e8 

  0x00000184b54794ac: ; ImmutableOopMap {rbp=Oop [40]=Oop [72]=Oop }
                      ;*if_icmpgt {reexecute=1 rethrow=0 return_oop=0}
                      ; - (reexecute) java.nio.ByteBuffer::put@64 (line 1035)
                      ; - java.nio.HeapByteBuffer::put@6 (line 250)
                      ; - org.apache.jena.tdb.base.file.BufferChannelMem::write@168 (line 150)
  0x00000184b54794ac: 50e8 67ff 

  0x00000184b54794b0: ;   {other}
  0x00000184b54794b0: 0f1f 8400 | 200e 000d | ba45 ffff | ff48 ff74 | 2430 488f | 4424 2089 | 5c24 3048 | 897c 2438 
  0x00000184b54794d0: 4489 6c24 

  0x00000184b54794d4: ;   {runtime_call UncommonTrapBlob}
  0x00000184b54794d4: 3466 90e8 

  0x00000184b54794d8: ; ImmutableOopMap {[32]=Oop [56]=Oop }
                      ;*if_icmple {reexecute=1 rethrow=0 return_oop=0}
                      ; - (reexecute) java.nio.ByteBuffer::put@82 (line 1037)
                      ; - java.nio.HeapByteBuffer::put@6 (line 250)
                      ; - org.apache.jena.tdb.base.file.BufferChannelMem::write@168 (line 150)
  0x00000184b54794d8: 24e8 67ff 

  0x00000184b54794dc: ;   {other}
  0x00000184b54794dc: 0f1f 8400 | 4c0e 000e | ba45 ffff | ff48 8b6c | 2430 48ff | 7424 3848 | 8f44 2428 | 4889 4424 
  0x00000184b54794fc: f88b 4424 | 4889 4424 | 3048 8b44 | 24f8 4889 | 7c24 4848 | 8944 24f8 | 8b44 2444 | 8944 2434 
  0x00000184b547951c: 488b 4424 | f844 896c | 2440 4489 | 7424 4448 | 897c 2450 | 4489 5c24 | 6044 894c | 2464 4889 
  0x00000184b547953c: 7424 6848 | 894c 2470 | 4889 4424 | 7848 899c | 2480 0000 | 0044 8984 | 2488 0000 

  0x00000184b5479558: ;   {runtime_call UncommonTrapBlob}
  0x00000184b5479558: 0066 90e8 

  0x00000184b547955c: ; ImmutableOopMap {rbp=Oop [40]=Oop [72]=Oop [80]=Oop [96]=NarrowOop [100]=NarrowOop [128]=Oop [136]=NarrowOop }
                      ;*ifnull {reexecute=1 rethrow=0 return_oop=0}
                      ; - (reexecute) java.nio.Buffer::session@4 (line 792)
                      ; - java.nio.ByteBuffer::putBuffer@97 (line 1134)
                      ; - java.nio.ByteBuffer::put@100 (line 1040)
                      ; - java.nio.HeapByteBuffer::put@6 (line 250)
                      ; - org.apache.jena.tdb.base.file.BufferChannelMem::write@168 (line 150)
  0x00000184b547955c: a0e7 67ff 

  0x00000184b5479560: ;   {other}
  0x00000184b5479560: 0f1f 8400 | d00e 000f | 4533 d249 | 3bc2 bdff | ffff ff7c | 0840 0f95 | c540 0fb6 | edba 45ff 
  0x00000184b5479580: ffff 48ff | 7424 3048 | 8f44 2420 | 48ff 7424 | 3848 8f44 | 2430 4889 | 4424 f88b | 4424 4889 
  0x00000184b54795a0: 4424 3848 | 8b44 24f8 | 4889 7c24 | 5048 8944 | 24f8 8b44 | 2444 8944 | 243c 488b | 4424 f844 
  0x00000184b54795c0: 896c 2440 | 4489 7424 | 4448 897c | 2458 4889 | 5c24 6048 | 8984 2480 | 0000 0044 | 899c 2488 
  0x00000184b54795e0: 0000 0048 | 89b4 2490 | 0000 0044 | 898c 248c | 0000 0048 | 898c 2498 

  0x00000184b54795f8: ;   {runtime_call UncommonTrapBlob}
  0x00000184b54795f8: 0000 00e8 

  0x00000184b54795fc: ; ImmutableOopMap {[32]=Oop [48]=Oop [80]=Oop [88]=Oop [96]=Oop [136]=NarrowOop [140]=NarrowOop }
                      ;*ifge {reexecute=1 rethrow=0 return_oop=0}
                      ; - (reexecute) jdk.internal.misc.Unsafe::checkSize@23 (line 468)
                      ; - jdk.internal.misc.Unsafe::copyMemoryChecks@3 (line 831)
                      ; - jdk.internal.misc.Unsafe::copyMemory@9 (line 800)
                      ; - jdk.internal.misc.ScopedMemoryAccess::copyMemoryInternal@28 (line 147)
                      ; - jdk.internal.misc.ScopedMemoryAccess::copyMemory@12 (line 129)
                      ; - java.nio.ByteBuffer::putBuffer@114 (line 1133)
                      ; - java.nio.ByteBuffer::put@100 (line 1040)
                      ; - java.nio.HeapByteBuffer::put@6 (line 250)
                      ; - org.apache.jena.tdb.base.file.BufferChannelMem::write@168 (line 150)
  0x00000184b54795fc: 00e7 67ff 

  0x00000184b5479600: ;   {other}
  0x00000184b5479600: 0f1f 8400 | 700f 0010 | ba45 ffff | ff48 ff74 | 2430 488f | 4424 2048 | 8944 24f8 | 8b44 2448 
  0x00000184b5479620: 8944 2430 | 488b 4424 | f848 897c | 2448 4889 | 5c24 5048 | 8944 24f8 | 8b44 2444 | 8944 2434 
  0x00000184b5479640: 488b 4424 | f844 896c | 2440 4889 | 7c24 5844 | 8954 2444 

  0x00000184b5479654: ;   {runtime_call UncommonTrapBlob}
  0x00000184b5479654: 6666 90e8 

  0x00000184b5479658: ; ImmutableOopMap {[32]=Oop [72]=Oop [80]=Oop [88]=Oop }
                      ;*if_icmple {reexecute=1 rethrow=0 return_oop=0}
                      ; - (reexecute) java.nio.Buffer::position@5 (line 326)
                      ; - java.nio.ByteBuffer::position@2 (line 1551)
                      ; - java.nio.ByteBuffer::put@109 (line 1042)
                      ; - java.nio.HeapByteBuffer::put@6 (line 250)
                      ; - org.apache.jena.tdb.base.file.BufferChannelMem::write@168 (line 150)
  0x00000184b5479658: a4e6 67ff 

  0x00000184b547965c: ;   {other}
  0x00000184b547965c: 0f1f 8400 | cc0f 0011 | ba45 ffff | ff48 ff74 | 2430 488f | 4424 2048 | 8944 24f8 | 8b44 2448 
  0x00000184b547967c: 8944 2430 | 488b 4424 | f848 897c | 2448 4889 | 5c24 5044 | 896c 2440 | 4889 7c24 

  0x00000184b5479698: ;   {runtime_call UncommonTrapBlob}
  0x00000184b5479698: 5866 90e8 

  0x00000184b547969c: ; ImmutableOopMap {[32]=Oop [72]=Oop [80]=Oop [88]=Oop }
                      ;*ifge {reexecute=1 rethrow=0 return_oop=0}
                      ; - (reexecute) java.nio.Buffer::position@14 (line 326)
                      ; - java.nio.ByteBuffer::position@2 (line 1551)
                      ; - java.nio.ByteBuffer::put@109 (line 1042)
                      ; - java.nio.HeapByteBuffer::put@6 (line 250)
                      ; - org.apache.jena.tdb.base.file.BufferChannelMem::write@168 (line 150)
  0x00000184b547969c: 60e6 67ff 

  0x00000184b54796a0: ;   {other}
  0x00000184b54796a0: 0f1f 8400 | 1010 0012 | ba45 ffff | ff48 ff74 | 2430 488f | 4424 2048 | 8944 24f8 | 8b44 2448 
  0x00000184b54796c0: 8944 2430 | 488b 4424 | f848 897c | 2448 4889 

  0x00000184b54796d0: ;   {runtime_call UncommonTrapBlob}
  0x00000184b54796d0: 5c24 58e8 

  0x00000184b54796d4: ; ImmutableOopMap {[32]=Oop [72]=Oop [88]=Oop }
                      ;*if_icmple {reexecute=1 rethrow=0 return_oop=0}
                      ; - (reexecute) java.nio.Buffer::position@5 (line 326)
                      ; - java.nio.ByteBuffer::position@2 (line 1551)
                      ; - java.nio.ByteBuffer::put@118 (line 1043)
                      ; - java.nio.HeapByteBuffer::put@6 (line 250)
                      ; - org.apache.jena.tdb.base.file.BufferChannelMem::write@168 (line 150)
  0x00000184b54796d4: 28e6 67ff 

  0x00000184b54796d8: ;   {other}
  0x00000184b54796d8: 0f1f 8400 | 4810 0013 | ba45 ffff | ff48 8b6c | 2430 4889 | 4424 f88b | 4424 4889 | 4424 2848 
  0x00000184b54796f8: 8b44 24f8 | 4889 7c24 | 3848 895c 

  0x00000184b5479704: ;   {runtime_call UncommonTrapBlob}
  0x00000184b5479704: 2450 90e8 

  0x00000184b5479708: ; ImmutableOopMap {rbp=Oop [56]=Oop [80]=Oop }
                      ;*ifge {reexecute=1 rethrow=0 return_oop=0}
                      ; - (reexecute) java.nio.Buffer::position@14 (line 326)
                      ; - java.nio.ByteBuffer::position@2 (line 1551)
                      ; - java.nio.ByteBuffer::put@118 (line 1043)
                      ; - java.nio.HeapByteBuffer::put@6 (line 250)
                      ; - org.apache.jena.tdb.base.file.BufferChannelMem::write@168 (line 150)
  0x00000184b5479708: f4e5 67ff 

  0x00000184b547970c: ;   {other}
  0x00000184b547970c: 0f1f 8400 | 7c10 0014 | ba45 ffff | ff4c 8954 

  0x00000184b547971c: ;   {runtime_call UncommonTrapBlob}
  0x00000184b547971c: 2428 90e8 

  0x00000184b5479720: ; ImmutableOopMap {[40]=Oop }
                      ;*ifeq {reexecute=1 rethrow=0 return_oop=0}
                      ; - (reexecute) org.apache.jena.tdb.base.file.BufferChannelMem::write@176 (line 152)
  0x00000184b5479720: dce5 67ff 

  0x00000184b5479724: ;   {other}
  0x00000184b5479724: 0f1f 8400 | 9410 0015 | 4533 d249 | 3bf2 bdff | ffff ff7c | 0840 0f95 | c540 0fb6 | edba 45ff 
  0x00000184b5479744: ffff 48ff | 7424 3048 | 8f44 2420 | 48ff 7424 | 3848 8f44 | 2430 4889 | 4424 f88b | 4424 4889 
  0x00000184b5479764: 4424 3848 | 8b44 24f8 | 4889 7c24 | 5048 8944 | 24f8 8b44 | 2444 8944 | 243c 488b | 4424 f844 
  0x00000184b5479784: 896c 2440 | 4489 7424 | 4448 897c | 2458 4889 | 5c24 6048 | 8974 2470 | 4889 8424 | 8000 0000 
  0x00000184b54797a4: 4489 8c24 | 8800 0000 | 4889 8c24 | 9000 0000 | 4489 9c24 | 8c00 0000 

  0x00000184b54797bc: ;   {runtime_call UncommonTrapBlob}
  0x00000184b54797bc: 6666 90e8 

  0x00000184b54797c0: ; ImmutableOopMap {[32]=Oop [48]=Oop [80]=Oop [88]=Oop [96]=Oop [136]=NarrowOop [140]=NarrowOop }
                      ;*ifge {reexecute=1 rethrow=0 return_oop=0}
                      ; - (reexecute) jdk.internal.misc.Unsafe::checkOffset@23 (line 510)
                      ; - jdk.internal.misc.Unsafe::checkPointer@15 (line 546)
                      ; - jdk.internal.misc.Unsafe::checkPrimitivePointer@3 (line 575)
                      ; - jdk.internal.misc.Unsafe::copyMemoryChecks@9 (line 832)
                      ; - jdk.internal.misc.Unsafe::copyMemory@9 (line 800)
                      ; - jdk.internal.misc.ScopedMemoryAccess::copyMemoryInternal@28 (line 147)
                      ; - jdk.internal.misc.ScopedMemoryAccess::copyMemory@12 (line 129)
                      ; - java.nio.ByteBuffer::putBuffer@114 (line 1133)
                      ; - java.nio.ByteBuffer::put@100 (line 1040)
                      ; - java.nio.HeapByteBuffer::put@6 (line 250)
                      ; - org.apache.jena.tdb.base.file.BufferChannelMem::write@168 (line 150)
  0x00000184b54797c0: 3ce5 67ff 

  0x00000184b54797c4: ;   {other}
  0x00000184b54797c4: 0f1f 8400 | 3411 0016 | 4533 d249 | 3bca bdff | ffff ff7c | 0840 0f95 | c540 0fb6 | edba 45ff 
  0x00000184b54797e4: ffff 48ff | 7424 3048 | 8f44 2420 | 48ff 7424 | 3848 8f44 | 2430 4889 | 4424 f88b | 4424 4889 
  0x00000184b5479804: 4424 3848 | 8b44 24f8 | 4889 7c24 | 5048 8944 | 24f8 8b44 | 2444 8944 | 243c 488b | 4424 f844 
  0x00000184b5479824: 896c 2440 | 4489 7424 | 4448 897c | 2458 4889 | 5c24 6044 | 895c 2468 | 4889 7424 | 7048 894c 
  0x00000184b5479844: 2478 4889 | 8424 8000 | 0000 4489 | 8c24 8800 

  0x00000184b5479854: ;   {runtime_call UncommonTrapBlob}
  0x00000184b5479854: 0000 90e8 

  0x00000184b5479858: ; ImmutableOopMap {[32]=Oop [48]=Oop [80]=Oop [88]=Oop [96]=Oop [104]=NarrowOop [136]=NarrowOop }
                      ;*ifge {reexecute=1 rethrow=0 return_oop=0}
                      ; - (reexecute) jdk.internal.misc.Unsafe::checkOffset@23 (line 510)
                      ; - jdk.internal.misc.Unsafe::checkPointer@15 (line 546)
                      ; - jdk.internal.misc.Unsafe::checkPrimitivePointer@3 (line 575)
                      ; - jdk.internal.misc.Unsafe::copyMemoryChecks@17 (line 833)
                      ; - jdk.internal.misc.Unsafe::copyMemory@9 (line 800)
                      ; - jdk.internal.misc.ScopedMemoryAccess::copyMemoryInternal@28 (line 147)
                      ; - jdk.internal.misc.ScopedMemoryAccess::copyMemory@12 (line 129)
                      ; - java.nio.ByteBuffer::putBuffer@114 (line 1133)
                      ; - java.nio.ByteBuffer::put@100 (line 1040)
                      ; - java.nio.HeapByteBuffer::put@6 (line 250)
                      ; - org.apache.jena.tdb.base.file.BufferChannelMem::write@168 (line 150)
  0x00000184b5479858: a4e4 67ff 

  0x00000184b547985c: ;   {other}
  0x00000184b547985c: 0f1f 8400 | cc11 0017 | 4863 cde9 | 07f2 ffff | bade ffff | ff48 8b6c | 2430 48ff | 7424 3848 
  0x00000184b547987c: 8f44 2420 | 895c 2430 | 4889 4424 | f88b 4424 | 4089 4424 | 3448 8b44 | 24f8 4889 | 7424 3889 
  0x00000184b547989c: ;   {runtime_call UncommonTrapBlob}
  0x00000184b547989c: 4c24 40e8 

  0x00000184b54798a0: ; ImmutableOopMap {rbp=Oop [32]=Oop [56]=Oop [64]=NarrowOop }
                      ;*invokevirtual position {reexecute=0 rethrow=0 return_oop=0}
                      ; - org.apache.jena.tdb.base.file.BufferChannelMem::write@99 (line 138)
  0x00000184b54798a0: 5ce4 67ff 

  0x00000184b54798a4: ;   {other}
  0x00000184b54798a4: 0f1f 8400 | 1412 0018 | ba45 ffff | ff48 8b6c | 2430 48ff | 7424 3848 | 8f44 2420 | 895c 2430 
  0x00000184b54798c4: 4889 4424 | f88b 4424 | 4089 4424 | 3448 8b44 | 24f8 4889 | 7424 4048 | 8974 2448 | 894c 2450 
  0x00000184b54798e4: 4489 4424 

  0x00000184b54798e8: ;   {runtime_call UncommonTrapBlob}
  0x00000184b54798e8: 5866 90e8 

  0x00000184b54798ec: ; ImmutableOopMap {rbp=Oop [32]=Oop [64]=Oop [72]=Oop [80]=NarrowOop }
                      ;*if_icmpgt {reexecute=1 rethrow=0 return_oop=0}
                      ; - (reexecute) java.nio.ByteBuffer::put@36 (line 1032)
                      ; - java.nio.HeapByteBuffer::put@6 (line 250)
                      ; - org.apache.jena.tdb.base.file.BufferChannelMem::write@109 (line 140)
  0x00000184b54798ec: 10e4 67ff 

  0x00000184b54798f0: ;   {other}
  0x00000184b54798f0: 0f1f 8400 | 6012 0019 | 498b d749 | bac0 3c65 | 60fb 7f00 | 0041 ffd2 

  0x00000184b5479908: ;   {other}
  0x00000184b5479908: 0f1f 8400 | 0000 0000 | e97d f4ff | ffba 45ff | ffff 48ff | 7424 3848 | 8f44 2428 | 895c 2438 
  0x00000184b5479928: 4889 4424 | f88b 4424 | 4089 4424 | 3c48 8b44 

  0x00000184b5479938: ;   {runtime_call UncommonTrapBlob}
  0x00000184b5479938: 24f8 90e8 

  0x00000184b547993c: ; ImmutableOopMap {[40]=Oop [48]=Oop }
                      ;*ifge {reexecute=1 rethrow=0 return_oop=0}
                      ; - (reexecute) java.nio.ByteBuffer::allocate@1 (line 389)
                      ; - org.apache.jena.tdb.base.file.BufferChannelMem::write@89 (line 137)
  0x00000184b547993c: c0e3 67ff 

  0x00000184b5479940: ;   {other}
  0x00000184b5479940: 0f1f 8400 | b012 001a | ba45 ffff | ff48 ff74 | 2438 488f | 4424 2889 | 5c24 3848 | 8944 24f8 
  0x00000184b5479960: 8b44 2440 | 8944 243c | 488b 4424 | f848 8974 | 2440 4c89 

  0x00000184b5479974: ;   {runtime_call UncommonTrapBlob}
  0x00000184b5479974: 6c24 50e8 

  0x00000184b5479978: ; ImmutableOopMap {[40]=Oop [48]=Oop [64]=Oop [80]=Oop }
                      ;*if_icmple {reexecute=1 rethrow=0 return_oop=0}
                      ; - (reexecute) java.nio.Buffer::position@5 (line 326)
                      ; - java.nio.ByteBuffer::position@2 (line 1551)
                      ; - org.apache.jena.tdb.base.file.BufferChannelMem::write@99 (line 138)
  0x00000184b5479978: 84e3 67ff 

  0x00000184b547997c: ;   {other}
  0x00000184b547997c: 0f1f 8400 | ec12 001b | ba45 ffff | ff48 ff74 | 2438 488f | 4424 2889 | 5c24 3848 | 8944 24f8 
  0x00000184b547999c: 8b44 2440 | 8944 243c | 488b 4424 | f848 8974 | 2448 894c | 2450 4889 

  0x00000184b54799b4: ;   {runtime_call UncommonTrapBlob}
  0x00000184b54799b4: 7424 58e8 

  0x00000184b54799b8: ; ImmutableOopMap {rbp=NarrowOop [40]=Oop [48]=Oop [72]=Oop [80]=NarrowOop [88]=Oop }
                      ;*ifnull {reexecute=1 rethrow=0 return_oop=0}
                      ; - (reexecute) java.nio.Buffer::session@4 (line 792)
                      ; - java.nio.Buffer::checkSession@1 (line 800)
                      ; - java.nio.HeapByteBuffer::put@1 (line 249)
                      ; - org.apache.jena.tdb.base.file.BufferChannelMem::write@109 (line 140)
  0x00000184b54799b8: 44e3 67ff 

  0x00000184b54799bc: ;   {other}
  0x00000184b54799bc: 0f1f 8400 | 2c13 001c | ba45 ffff | ff48 8b6c | 2430 48ff | 7424 3848 | 8f44 2420 | 895c 2430 
  0x00000184b54799dc: 4889 4424 | f88b 4424 | 4089 4424 | 3448 8b44 | 24f8 4889 | 7424 4048 | 8974 2448 | 894c 2454 
  0x00000184b54799fc: ;   {runtime_call UncommonTrapBlob}
  0x00000184b54799fc: 6666 90e8 

  0x00000184b5479a00: ; ImmutableOopMap {rbp=Oop [32]=Oop [64]=Oop [72]=Oop [84]=NarrowOop }
                      ;*if_acmpne {reexecute=1 rethrow=0 return_oop=0}
                      ; - (reexecute) java.nio.ByteBuffer::put@2 (line 1025)
                      ; - java.nio.HeapByteBuffer::put@6 (line 250)
                      ; - org.apache.jena.tdb.base.file.BufferChannelMem::write@109 (line 140)
  0x00000184b5479a00: fce2 67ff 

  0x00000184b5479a04: ;   {other}
  0x00000184b5479a04: 0f1f 8400 | 7413 001d | ba45 ffff | ff48 8b6c | 2430 48ff | 7424 3848 | 8f44 2420 | 895c 2430 
  0x00000184b5479a24: 4889 4424 | f88b 4424 | 4089 4424 | 3448 8b44 | 24f8 4889 | 7424 4048 | 8974 2448 | 894c 2450 
  0x00000184b5479a44: 4489 4424 | 5444 894c | 245c 4489 

  0x00000184b5479a50: ;   {runtime_call UncommonTrapBlob}
  0x00000184b5479a50: 5c24 60e8 

  0x00000184b5479a54: ; ImmutableOopMap {rbp=Oop [32]=Oop [64]=Oop [72]=Oop [80]=NarrowOop }
                      ;*if_icmpgt {reexecute=1 rethrow=0 return_oop=0}
                      ; - (reexecute) java.nio.ByteBuffer::put@64 (line 1035)
                      ; - java.nio.HeapByteBuffer::put@6 (line 250)
                      ; - org.apache.jena.tdb.base.file.BufferChannelMem::write@109 (line 140)
  0x00000184b5479a54: a8e2 67ff 

  0x00000184b5479a58: ;   {other}
  0x00000184b5479a58: 0f1f 8400 | c813 001e | ba45 ffff | ff48 ff74 | 2438 488f | 4424 2889 | 5c24 3848 | 8944 24f8 
  0x00000184b5479a78: 8b44 2440 | 8944 243c | 488b 4424 | f848 8974 | 2448 4489 

  0x00000184b5479a8c: ;   {runtime_call UncommonTrapBlob}
  0x00000184b5479a8c: 4424 50e8 

  0x00000184b5479a90: ; ImmutableOopMap {[40]=Oop [48]=Oop [72]=Oop }
                      ;*if_icmple {reexecute=1 rethrow=0 return_oop=0}
                      ; - (reexecute) java.nio.ByteBuffer::put@82 (line 1037)
                      ; - java.nio.HeapByteBuffer::put@6 (line 250)
                      ; - org.apache.jena.tdb.base.file.BufferChannelMem::write@109 (line 140)
  0x00000184b5479a90: 6ce2 67ff 

  0x00000184b5479a94: ;   {other}
  0x00000184b5479a94: 0f1f 8400 | 0414 001f | ba45 ffff | ff48 8b6c | 2430 48ff | 7424 3848 | 8f44 2420 | 897c 2430 
  0x00000184b5479ab4: 448b 4424 | 4044 8944 | 2434 4889 | 7424 4048 | 8974 2448 | 894c 2450 | 8944 2454 | 4489 7424 
  0x00000184b5479ad4: 58c5 fa11 | 5c24 5cc5 | fa11 4c24 | 7048 895c | 2478 4c89 | 8c24 8000 | 0000 c5fb | 1194 2488 
  0x00000184b5479af4: 0000 004c | 89ac 2490 | 0000 0044 | 895c 2474 

  0x00000184b5479b04: ;   {runtime_call UncommonTrapBlob}
  0x00000184b5479b04: 6666 90e8 

  0x00000184b5479b08: ; ImmutableOopMap {rbp=Oop [32]=Oop [64]=Oop [72]=Oop [80]=NarrowOop [92]=NarrowOop [112]=NarrowOop [116]=NarrowOop [144]=Oop }
                      ;*ifnull {reexecute=1 rethrow=0 return_oop=0}
                      ; - (reexecute) java.nio.Buffer::session@4 (line 792)
                      ; - java.nio.ByteBuffer::putBuffer@97 (line 1134)
                      ; - java.nio.ByteBuffer::put@100 (line 1040)
                      ; - java.nio.HeapByteBuffer::put@6 (line 250)
                      ; - org.apache.jena.tdb.base.file.BufferChannelMem::write@109 (line 140)
  0x00000184b5479b08: f4e1 67ff 

  0x00000184b5479b0c: ;   {other}
  0x00000184b5479b0c: 0f1f 8400 | 7c14 0020 | ba45 ffff | ff48 ff74 | 2438 488f | 4424 2889 | 7c24 3848 | 8944 24f8 
  0x00000184b5479b2c: 8b44 2440 | 8944 243c | 488b 4424 | f848 8974 | 2448 4889 | 7424 504c | 896c 2458 | 895c 2460 
  0x00000184b5479b4c: 4489 5424 

  0x00000184b5479b50: ;   {runtime_call UncommonTrapBlob}
  0x00000184b5479b50: 6466 90e8 

  0x00000184b5479b54: ; ImmutableOopMap {[40]=Oop [48]=Oop [72]=Oop [80]=Oop [88]=Oop }
                      ;*if_icmple {reexecute=1 rethrow=0 return_oop=0}
                      ; - (reexecute) java.nio.Buffer::position@5 (line 326)
                      ; - java.nio.ByteBuffer::position@2 (line 1551)
                      ; - java.nio.ByteBuffer::put@109 (line 1042)
                      ; - java.nio.HeapByteBuffer::put@6 (line 250)
                      ; - org.apache.jena.tdb.base.file.BufferChannelMem::write@109 (line 140)
  0x00000184b5479b54: a8e1 67ff 

  0x00000184b5479b58: ;   {other}
  0x00000184b5479b58: 0f1f 8400 | c814 0021 | ba45 ffff | ff48 ff74 | 2438 488f | 4424 2889 | 7c24 3848 | 8944 24f8 
  0x00000184b5479b78: 8b44 2440 | 8944 243c | 488b 4424 | f848 8974 | 2448 4889 | 7424 504c | 896c 2458 | 895c 2460 
  0x00000184b5479b98: ;   {runtime_call UncommonTrapBlob}
  0x00000184b5479b98: 6666 90e8 

  0x00000184b5479b9c: ; ImmutableOopMap {[40]=Oop [48]=Oop [72]=Oop [80]=Oop [88]=Oop }
                      ;*ifge {reexecute=1 rethrow=0 return_oop=0}
                      ; - (reexecute) java.nio.Buffer::position@14 (line 326)
                      ; - java.nio.ByteBuffer::position@2 (line 1551)
                      ; - java.nio.ByteBuffer::put@109 (line 1042)
                      ; - java.nio.HeapByteBuffer::put@6 (line 250)
                      ; - org.apache.jena.tdb.base.file.BufferChannelMem::write@109 (line 140)
  0x00000184b5479b9c: 60e1 67ff 

  0x00000184b5479ba0: ;   {other}
  0x00000184b5479ba0: 0f1f 8400 | 1015 0022 | ba45 ffff | ff48 ff74 | 2438 488f | 4424 2889 | 7c24 3848 | 8944 24f8 
  0x00000184b5479bc0: 8b44 2440 | 8944 243c | 488b 4424 | f848 8974 | 2448 4889 | 7424 504c | 896c 2460 | 895c 246c 
  0x00000184b5479be0: ;   {runtime_call UncommonTrapBlob}
  0x00000184b5479be0: 6666 90e8 

  0x00000184b5479be4: ; ImmutableOopMap {[40]=Oop [48]=Oop [72]=Oop [80]=Oop [96]=Oop }
                      ;*if_icmple {reexecute=1 rethrow=0 return_oop=0}
                      ; - (reexecute) java.nio.Buffer::position@5 (line 326)
                      ; - java.nio.ByteBuffer::position@2 (line 1551)
                      ; - java.nio.ByteBuffer::put@118 (line 1043)
                      ; - java.nio.HeapByteBuffer::put@6 (line 250)
                      ; - org.apache.jena.tdb.base.file.BufferChannelMem::write@109 (line 140)
  0x00000184b5479be4: 18e1 67ff 

  0x00000184b5479be8: ;   {other}
  0x00000184b5479be8: 0f1f 8400 | 5815 0023 | ba45 ffff | ff48 ff74 | 2438 488f | 4424 2889 | 7c24 3848 | 8944 24f8 
  0x00000184b5479c08: 8b44 2440 | 8944 243c | 488b 4424 | f848 8974 | 2448 4889 | 7424 5044 | 895c 245c 

  0x00000184b5479c24: ;   {runtime_call UncommonTrapBlob}
  0x00000184b5479c24: 6666 90e8 

  0x00000184b5479c28: ; ImmutableOopMap {[40]=Oop [48]=Oop [72]=Oop [80]=Oop }
                      ;*if_icmple {reexecute=1 rethrow=0 return_oop=0}
                      ; - (reexecute) java.nio.Buffer::limit@5 (line 379)
                      ; - java.nio.ByteBuffer::limit@2 (line 1565)
                      ; - org.apache.jena.tdb.base.file.BufferChannelMem::write@122 (line 141)
  0x00000184b5479c28: d4e0 67ff 

  0x00000184b5479c2c: ;   {other}
  0x00000184b5479c2c: 0f1f 8400 | 9c15 0024 | ba45 ffff | ff48 ff74 | 2438 488f | 4424 204c | 8954 2428 | 897c 2430 
  0x00000184b5479c4c: 448b 4424 | 4044 8944 | 2434 4889 | 7424 4048 | 8974 2448 | 4489 5c24 

  0x00000184b5479c64: ;   {runtime_call UncommonTrapBlob}
  0x00000184b5479c64: 5466 90e8 

  0x00000184b5479c68: ; ImmutableOopMap {[32]=Oop [40]=Oop [64]=Oop [72]=Oop }
                      ;*ifge {reexecute=1 rethrow=0 return_oop=0}
                      ; - (reexecute) java.nio.Buffer::limit@14 (line 379)
                      ; - java.nio.ByteBuffer::limit@2 (line 1565)
                      ; - org.apache.jena.tdb.base.file.BufferChannelMem::write@122 (line 141)
  0x00000184b5479c68: 94e0 67ff 

  0x00000184b5479c6c: ;   {other}
  0x00000184b5479c6c: 0f1f 8400 | dc15 0025 | ba45 ffff | ff48 ff74 | 2438 488f | 4424 2889 | 7c24 3848 | 8944 24f8 
  0x00000184b5479c8c: 8b44 2440 | 8944 243c | 488b 4424 | f848 8974 | 2448 4889 | 7424 5044 | 895c 2458 

  0x00000184b5479ca8: ;   {runtime_call UncommonTrapBlob}
  0x00000184b5479ca8: 6666 90e8 

  0x00000184b5479cac: ; ImmutableOopMap {[40]=Oop [48]=Oop [72]=Oop [80]=Oop }
                      ;*if_icmple {reexecute=1 rethrow=0 return_oop=0}
                      ; - (reexecute) java.nio.Buffer::limit@55 (line 383)
                      ; - java.nio.ByteBuffer::limit@2 (line 1565)
                      ; - org.apache.jena.tdb.base.file.BufferChannelMem::write@122 (line 141)
  0x00000184b5479cac: 50e0 67ff 

  0x00000184b5479cb0: ;   {other}
  0x00000184b5479cb0: 0f1f 8400 | 2016 0026 | ba45 ffff | ff48 8b6c | 2430 48ff | 7424 3848 | 8f44 2420 | 897c 2430 
  0x00000184b5479cd0: 4889 7424 | 4848 8974 | 2450 4489 

  0x00000184b5479cdc: ;   {runtime_call UncommonTrapBlob}
  0x00000184b5479cdc: 5c24 58e8 

  0x00000184b5479ce0: ; ImmutableOopMap {rbp=Oop [32]=Oop [72]=Oop [80]=Oop }
                      ;*if_icmple {reexecute=1 rethrow=0 return_oop=0}
                      ; - (reexecute) java.nio.Buffer::position@5 (line 326)
                      ; - java.nio.ByteBuffer::position@2 (line 1551)
                      ; - org.apache.jena.tdb.base.file.BufferChannelMem::write@129 (line 143)
  0x00000184b5479ce0: 1ce0 67ff 

  0x00000184b5479ce4: ;   {other}
  0x00000184b5479ce4: 0f1f 8400 | 5416 0027 | ba45 ffff | ff48 8b6c | 2430 48ff | 7424 3848 | 8f44 2420 | 897c 2430 
  0x00000184b5479d04: 4889 7424 | 4848 8974 

  0x00000184b5479d0c: ;   {runtime_call UncommonTrapBlob}
  0x00000184b5479d0c: 2450 90e8 

  0x00000184b5479d10: ; ImmutableOopMap {rbp=Oop [32]=Oop [72]=Oop [80]=Oop }
                      ;*ifge {reexecute=1 rethrow=0 return_oop=0}
                      ; - (reexecute) java.nio.Buffer::position@14 (line 326)
                      ; - java.nio.ByteBuffer::position@2 (line 1551)
                      ; - org.apache.jena.tdb.base.file.BufferChannelMem::write@129 (line 143)
  0x00000184b5479d10: ecdf 67ff 

  0x00000184b5479d14: ;   {other}
  0x00000184b5479d14: 0f1f 8400 | 8416 0028 | 4533 d249 | 3bda bdff | ffff ff7c | 0840 0f95 | c540 0fb6 | edba 45ff 
  0x00000184b5479d34: ffff 48ff | 7424 3848 | 8f44 2428 | 897c 2438 | 4889 4424 | f88b 4424 | 4089 4424 | 3c48 8b44 
  0x00000184b5479d54: 24f8 4889 | 7424 4848 | 8974 2450 | 894c 2458 | 8944 245c | 4489 7424 | 604c 896c | 2470 4889 
  0x00000184b5479d74: 5c24 78c5 | fb11 9424 | 9000 0000 | c5fa 118c | 2484 0000 | 004c 898c | 2498 0000 | 0044 899c 
  0x00000184b5479d94: 24a0 0000 

  0x00000184b5479d98: ;   {runtime_call UncommonTrapBlob}
  0x00000184b5479d98: 0066 90e8 

  0x00000184b5479d9c: ; ImmutableOopMap {[40]=Oop [48]=Oop [72]=Oop [80]=Oop [88]=NarrowOop [112]=Oop [132]=NarrowOop [160]=NarrowOop }
                      ;*ifge {reexecute=1 rethrow=0 return_oop=0}
                      ; - (reexecute) jdk.internal.misc.Unsafe::checkOffset@23 (line 510)
                      ; - jdk.internal.misc.Unsafe::checkPointer@15 (line 546)
                      ; - jdk.internal.misc.Unsafe::checkPrimitivePointer@3 (line 575)
                      ; - jdk.internal.misc.Unsafe::copyMemoryChecks@9 (line 832)
                      ; - jdk.internal.misc.Unsafe::copyMemory@9 (line 800)
                      ; - jdk.internal.misc.ScopedMemoryAccess::copyMemoryInternal@28 (line 147)
                      ; - jdk.internal.misc.ScopedMemoryAccess::copyMemory@12 (line 129)
                      ; - java.nio.ByteBuffer::putBuffer@114 (line 1133)
                      ; - java.nio.ByteBuffer::put@100 (line 1040)
                      ; - java.nio.HeapByteBuffer::put@6 (line 250)
                      ; - org.apache.jena.tdb.base.file.BufferChannelMem::write@109 (line 140)
  0x00000184b5479d9c: 60df 67ff 

  0x00000184b5479da0: ;   {other}
  0x00000184b5479da0: 0f1f 8400 | 1017 0029 | 33db 4c3b | cbbd ffff | ffff 7c08 | 400f 95c5 | 400f b6ed | ba45 ffff 
  0x00000184b5479dc0: ff48 ff74 | 2438 488f | 4424 2889 | 7c24 3848 | 8944 24f8 | 8b44 2440 | 8944 243c | 488b 4424 
  0x00000184b5479de0: f848 8974 | 2448 4889 | 7424 5089 | 4c24 5889 | 4424 5c44 | 8974 2460 | 4c89 6c24 | 7044 895c 
  0x00000184b5479e00: 2464 4c89 | 4424 784c | 898c 2488 | 0000 00c5 | fb11 9424 | 9000 0000 | 4489 9424 | 8400 0000 
  0x00000184b5479e20: ;   {runtime_call UncommonTrapBlob}
  0x00000184b5479e20: 6666 90e8 

  0x00000184b5479e24: ; ImmutableOopMap {[40]=Oop [48]=Oop [72]=Oop [80]=Oop [88]=NarrowOop [100]=NarrowOop [112]=Oop [132]=NarrowOop }
                      ;*ifge {reexecute=1 rethrow=0 return_oop=0}
                      ; - (reexecute) jdk.internal.misc.Unsafe::checkOffset@23 (line 510)
                      ; - jdk.internal.misc.Unsafe::checkPointer@15 (line 546)
                      ; - jdk.internal.misc.Unsafe::checkPrimitivePointer@3 (line 575)
                      ; - jdk.internal.misc.Unsafe::copyMemoryChecks@17 (line 833)
                      ; - jdk.internal.misc.Unsafe::copyMemory@9 (line 800)
                      ; - jdk.internal.misc.ScopedMemoryAccess::copyMemoryInternal@28 (line 147)
                      ; - jdk.internal.misc.ScopedMemoryAccess::copyMemory@12 (line 129)
                      ; - java.nio.ByteBuffer::putBuffer@114 (line 1133)
                      ; - java.nio.ByteBuffer::put@100 (line 1040)
                      ; - java.nio.HeapByteBuffer::put@6 (line 250)
                      ; - org.apache.jena.tdb.base.file.BufferChannelMem::write@109 (line 140)
  0x00000184b5479e24: d8de 67ff 

  0x00000184b5479e28: ;   {other}
  0x00000184b5479e28: 0f1f 8400 | 9817 002a | baf6 ffff | ff48 8b6c 

  0x00000184b5479e38: ;   {runtime_call UncommonTrapBlob}
  0x00000184b5479e38: 2430 90e8 

  0x00000184b5479e3c: ; ImmutableOopMap {rbp=Oop }
                      ;*invokevirtual limit {reexecute=0 rethrow=0 return_oop=0}
                      ; - org.apache.jena.tdb.base.file.BufferChannelMem::write@143 (line 147)
  0x00000184b5479e3c: c0de 67ff 

  0x00000184b5479e40: ;   {other}
  0x00000184b5479e40: 0f1f 8400 | b017 002b | baf6 ffff | ff48 8b6c 

  0x00000184b5479e50: ;   {runtime_call UncommonTrapBlob}
  0x00000184b5479e50: 2430 90e8 

  0x00000184b5479e54: ; ImmutableOopMap {rbp=Oop }
                      ;*invokevirtual limit {reexecute=0 rethrow=0 return_oop=0}
                      ; - org.apache.jena.tdb.base.file.BufferChannelMem::write@25 (line 129)
  0x00000184b5479e54: a8de 67ff 

  0x00000184b5479e58: ;   {other}
  0x00000184b5479e58: 0f1f 8400 | c817 002c | ba45 ffff | ff49 8bea | 4c8b 5424 | 384c 8954 | 2420 4489 

  0x00000184b5479e74: ;   {runtime_call UncommonTrapBlob}
  0x00000184b5479e74: 5c24 38e8 

  0x00000184b5479e78: ; ImmutableOopMap {rbp=Oop [32]=Oop [56]=NarrowOop }
                      ;*ifnonnull {reexecute=1 rethrow=0 return_oop=0}
                      ; - (reexecute) org.apache.jena.tdb.base.file.BufferChannelMem::checkIfClosed@4 (line 213)
                      ; - org.apache.jena.tdb.base.file.BufferChannelMem::write@1 (line 126)
  0x00000184b5479e78: 84de 67ff 

  0x00000184b5479e7c: ;   {other}
  0x00000184b5479e7c: 0f1f 8400 | ec17 002d | baf6 ffff | ff48 8b6c 

  0x00000184b5479e8c: ;   {runtime_call UncommonTrapBlob}
  0x00000184b5479e8c: 2430 90e8 

  0x00000184b5479e90: ; ImmutableOopMap {rbp=Oop }
                      ;*invokevirtual position {reexecute=0 rethrow=0 return_oop=0}
                      ; - org.apache.jena.tdb.base.file.BufferChannelMem::write@99 (line 138)
  0x00000184b5479e90: 6cde 67ff 

  0x00000184b5479e94: ;   {other}
  0x00000184b5479e94: 0f1f 8400 | 0418 002e | baf6 ffff | ff49 8bea 

  0x00000184b5479ea4: ;   {runtime_call UncommonTrapBlob}
  0x00000184b5479ea4: 6666 90e8 

  0x00000184b5479ea8: ; ImmutableOopMap {rbp=Oop }
                      ;*invokevirtual limit {reexecute=0 rethrow=0 return_oop=0}
                      ; - org.apache.jena.tdb.base.file.BufferChannelMem::write@119 (line 141)
  0x00000184b5479ea8: 54de 67ff 

  0x00000184b5479eac: ;   {other}
  0x00000184b5479eac: 0f1f 8400 | 1c18 002f | 488b d8eb | 0348 8bd8 | 488d 8424 | b000 0000 | 4c8b 5c24 | 3048 8338 
  0x00000184b5479ecc: 000f 8479 | 0000 004d | 8b13 41f6 | c202 0f84 | 6200 0000 | 4983 ba86 | 0000 0000 | 7409 49ff 
  0x00000184b5479eec: 8a86 0000 | 00eb 4b49 | 8b82 9600 | 0000 490b | 828e 0000 | 0075 0a49 | c742 3e00 | 0000 00eb 
  0x00000184b5479f0c: 3d49 83ba | 9e00 0000 | 0074 2248 | 33c0 49c7 | 423e 0000 | 0000 f083 | 0424 0049 | 83ba 9e00 
  0x00000184b5479f2c: 0000 0075 | 0df0 4d0f | b17a 3e75 | 0583 c801 | eb0c a800 | eb08 4c8b | 10f0 4d0f | b113 750a 
  0x00000184b5479f4c: 49ff 8f48 | 0500 0045 | 33d2 7510 | 488b d348 | 81c4 c000 

  0x00000184b5479f60: ;   {runtime_call _rethrow_Java}
  0x00000184b5479f60: 0000 5de9 | 98e0 75ff | 498b cb48 | 8d94 24b0 | 0000 004d | 8bc7 49ba | f07b a660 | fb7f 0000 
  0x00000184b5479f80: ;   {other}
  0x00000184b5479f80: 41ff d20f | 1f84 0000 | 0000 00eb 

  0x00000184b5479f8c: ;   {internal_word}
  0x00000184b5479f8c: cb49 ba65 | 9047 b584 | 0100 004d | 8997 6004 

  0x00000184b5479f9c: ;   {runtime_call SafepointBlob}
  0x00000184b5479f9c: 0000 e9dd 

  0x00000184b5479fa0: ;   {runtime_call StubRoutines (final stubs)}
  0x00000184b5479fa0: cb67 ffe8 | 18bd 65ff | e991 e9ff | fff4 f4f4 
[Exception Handler]
  0x00000184b5479fb0: ;   {no_reloc}
  0x00000184b5479fb0: e94b 5b75 | ffe8 0000 | 0000 4883 

  0x00000184b5479fbc: ;   {runtime_call DeoptimizationBlob}
  0x00000184b5479fbc: 2c24 05e9 | 5ce0 67ff | f4f4 f4f4 
[/MachCode]


Compiled method (c2) 223605 6484  s    4       org.apache.jena.tdb.transaction.Journal::write (363 bytes)
 total in heap  [0x00000184b55d5d90,0x00000184b55d7c98] = 7944
 relocation     [0x00000184b55d5ef0,0x00000184b55d6018] = 296
 main code      [0x00000184b55d6020,0x00000184b55d6fc0] = 4000
 stub code      [0x00000184b55d6fc0,0x00000184b55d7020] = 96
 oops           [0x00000184b55d7020,0x00000184b55d7038] = 24
 metadata       [0x00000184b55d7038,0x00000184b55d7118] = 224
 scopes data    [0x00000184b55d7118,0x00000184b55d7858] = 1856
 scopes pcs     [0x00000184b55d7858,0x00000184b55d7b68] = 784
 dependencies   [0x00000184b55d7b68,0x00000184b55d7b90] = 40
 handler table  [0x00000184b55d7b90,0x00000184b55d7c20] = 144
 nul chk table  [0x00000184b55d7c20,0x00000184b55d7c98] = 120

[Constant Pool (empty)]

[MachCode]
[Entry Point]
  # {method} {0x0000018507d89550} 'write' '(Lorg/apache/jena/tdb/transaction/JournalEntryType;Lorg/apache/jena/tdb/sys/FileRef;Lorg/apache/jena/tdb/base/block/Block;)J' in 'org/apache/jena/tdb/transaction/Journal'
  # this:     rdx:rdx   = 'org/apache/jena/tdb/transaction/Journal'
  # parm0:    r8:r8     = 'org/apache/jena/tdb/transaction/JournalEntryType'
  # parm1:    r9:r9     = 'org/apache/jena/tdb/sys/FileRef'
  # parm2:    rdi:rdi   = 'org/apache/jena/tdb/base/block/Block'
  #           [sp+0x90]  (sp of caller)
  0x00000184b55d6020: 448b 5208 | 49bb 0000 | 00c5 8401 | 0000 4d03 | d349 3bc2 

  0x00000184b55d6034: ;   {runtime_call ic_miss_stub}
  0x00000184b55d6034: 0f85 4689 | 51ff 6690 | 0f1f 4000 
[Verified Entry Point]
  0x00000184b55d6040: 8984 2400 | 80ff ff55 | 4881 ec80 | 0000 0090 | 4181 7f20 | 6307 0000 | 0f85 530f | 0000 488b 
  0x00000184b55d6060: ef4c 894c | 2430 4c89 | 4424 2848 | 8954 2420 | 488d 5c24 | 7048 8b02 | a802 0f85 | 2300 0000 
  0x00000184b55d6080: 4883 c801 | 4889 03f0 | 480f b11a | 0f84 3700 | 0000 482b | c448 2507 | f0ff ff48 | 8903 e924 
  0x00000184b55d60a0: 0000 004c | 8bd0 4833 | c0f0 4d0f | b17a 3e48 | c703 0300 | 0000 7411 | 4c3b f875 | 1549 ff82 
  0x00000184b55d60c0: 8600 0000 | 4833 c075 | 0949 ff87 | 4805 0000 | 33c0 0f85 | 4406 0000 | 4c8b ed48 | 85ed 0f84 
  0x00000184b55d60e0: d905 0000 | 448b 5514 | 4585 d20f | 84cf 0500 | 0047 8b44 | d41c 472b | 44d4 1845 | 85c0 0f8e 
  0x00000184b55d6100: 6b05 0000 | 478b 5cd4 | 204b 8d2c | d44c 8b54 | 2420 458b | 7228 478b | 4cf4 0849 

  0x00000184b55d611c: ;   {metadata('java/nio/HeapByteBuffer')}
  0x00000184b55d611c: 8b7a 1041 | 81f9 884d | 1c00 0f85 | 0906 0000 | 4f8d 0cf4 | 418b 7120 | 4189 711c | 41c7 410c 
  0x00000184b55d613c: ffff ffff | 4589 6118 | 4c8b 5424 | 2841 8b4a | 1845 8b51 | 2445 85d2 | 0f85 9a07 | 0000 418b 
  0x00000184b55d615c: 5930 83fe | 040f 8ccd | 0700 0048 | 897c 2440 | 41c7 4118 | 0400 0000 | 410f b651 | 2d49 8b79 
  0x00000184b55d617c: 1044 8bd1 | 410f ca85 | d241 0f45 | ca85 db0f | 8446 0500 | 0044 8d56 | fc49 8d04 | dc48 03c7 
  0x00000184b55d619c: 8908 4183 | fa04 0f8c | d007 0000 | 41c7 4118 | 0800 0000 | 418b cb0f | c985 d245 | 8bd3 440f 
  0x00000184b55d61bc: 45d1 4489 | 5004 4c8b | 5424 3045 | 8b52 0c8d | 4ef8 83f9 | 040f 8ce5 | 0700 0041 | c741 180c 
  0x00000184b55d61dc: 0000 0041 | 8bca 0fc9 | 85d2 440f | 45d1 4489 | 5008 4d85 | ed0f 84d6 | 0400 0045 | 8b55 104f 
  0x00000184b55d61fc: 8b54 d410 | 418b ca83 | c6f4 83fe | 040f 8ced | 0700 0045 | 8961 184c | 8b54 2420 | 458b 5224 
  0x00000184b55d621c: ;   {no_reloc}
  0x00000184b55d621c: 41c7 411c | 1000 0000 | 8bd9 0fcb | 85d2 0f45 | cb89 480c 

  0x00000184b55d6230: ; implicit exception: dispatches to 0x00000184b55d6d64
  0x00000184b55d6230: 438b 4cd4 

  0x00000184b55d6234: ;   {metadata('org/apache/jena/tdb/base/file/BufferChannelMem')}
  0x00000184b55d6234: 0881 f9d0 | 5e45 010f | 851f 0500 | 0044 895c | 2438 4489 | 4424 3c48 | 896c 2428 | 4b8d 14d4 
  0x00000184b55d6254: 4d8b c649 

  0x00000184b55d6258: ;   {optimized virtual_call}
  0x00000184b55d6258: c1e0 03e8 

  0x00000184b55d625c: ; ImmutableOopMap {rbp=Oop [32]=Oop [40]=Oop }
                      ;*invokeinterface write {reexecute=0 rethrow=0 return_oop=0}
                      ; - org.apache.jena.tdb.transaction.Journal::write@130 (line 170)
  0x00000184b55d625c: c026 eaff 

  0x00000184b55d6260: ;   {other}
  0x00000184b55d6260: 0f1f 8400 | d004 0000 | 498b 87b8 | 0100 004c | 8bd0 4983 | c210 4d3b | 97c8 0100 | 000f 8317 
  0x00000184b55d6280: 0400 004d | 8997 b801 | 0000 410f | 0d8a c000 | 0000 48c7 | 0001 0000 

  0x00000184b55d6298: ;   {metadata('java/util/zip/Adler32')}
  0x00000184b55d6298: 00c7 4008 | 3847 3d01 | 488b 6c24 | 2044 8b45 | 28c7 400c | 0100 0000 

  0x00000184b55d62b0: ; implicit exception: dispatches to 0x00000184b55d6d7c
  0x00000184b55d62b0: 478b 54c4 | 3043 8b7c | d40c 470f | b644 c42c | 4585 c00f | 856b 0700 | 0048 8944 | 2448 4889 
  0x00000184b55d62d0: 6c24 584f | 8d04 d448 | 8bd0 4533 

  0x00000184b55d62dc: ;   {optimized virtual_call}
  0x00000184b55d62dc: c966 90e8 

  0x00000184b55d62e0: ; ImmutableOopMap {rbp=Oop [32]=Oop [40]=Oop [72]=Oop [88]=Oop }
                      ;*invokeinterface update {reexecute=0 rethrow=0 return_oop=0}
                      ; - java.util.zip.Checksum::update@5 (line 58)
                      ; - org.apache.jena.tdb.transaction.Journal::write@154 (line 173)
  0x00000184b55d62e0: 5c83 eaff 

  0x00000184b55d62e4: ;   {other}
  0x00000184b55d62e4: 0f1f 8400 | 5405 0001 | 448b 5c24 | 3c45 85db | 0f8e ee01 | 0000 4c8b | 5424 2845 | 8b42 0845 
  0x00000184b55d6304: 8b5a 1841 

  0x00000184b55d6308: ;   {metadata('java/nio/HeapByteBuffer')}
  0x00000184b55d6308: 8b6a 1c41 | 81f8 884d | 1c00 0f85 | 3105 0000 | 4d8b c245 | 8b48 1c45 | 85c9 0f8c | 7407 0000 
  0x00000184b55d6328: 458b 500c | 4585 d20f | 8f4b 0300 | 0045 8960 | 1845 8b48 | 2044 8b54 | 2438 453b | d10f 8f8d 
  0x00000184b55d6348: 0700 0045 | 85d2 0f8c | c007 0000 | 4589 501c | 418b 480c | 413b ca0f | 8fe7 0700 | 0044 8b4c 
  0x00000184b55d6368: 243c 453b | ca0f 8d9c | 0000 0045 | 8bca 8b5c | 243c 413b | d90f 8369 | 0900 004d | 63c9 4963 
  0x00000184b55d6388: da48 8d4b | ff49 3bc9 | 0f83 5609 | 0000 418b | 5030 458b | 4cd4 0c49 | 6348 284d | 63c9 4863 
  0x00000184b55d63a8: 7c24 3c48 | 03f9 493b | f90f 8335 | 0900 0048 | 8d5c 0bff | 493b d90f | 8327 0900 | 0049 8d04 
  0x00000184b55d63c8: d4bb e803 | 0000 8b7c | 243c 418b | f22b f733 | d244 3bd7 | 0f4c f281 | fee8 0300 | 000f 47f3 
  0x00000184b55d63e8: 03f7 448b | cf49 63d1 | 4803 d144 | 8864 1010 | ffc7 3bfe | 7cec 498b | 9750 0400 

  0x00000184b55d6404: ; ImmutableOopMap {r8=Oop rax=Oop [72]=Oop [88]=Oop }
                      ;*goto {reexecute=1 rethrow=0 return_oop=0}
                      ; - (reexecute) org.apache.jena.tdb.transaction.Journal::write@214 (line 186)
  0x00000184b55d6404: 0041 ffc1 

  0x00000184b55d6408: ;   {poll}
  0x00000184b55d6408: 8502 413b | fa7c c348 | 8b4c 2458 | 448b 4924 

  0x00000184b55d6418: ; implicit exception: dispatches to 0x00000184b55d6de8
  0x00000184b55d6418: 438b 7ccc 

  0x00000184b55d641c: ;   {metadata('org/apache/jena/tdb/base/file/BufferChannelMem')}
  0x00000184b55d641c: 0881 ffd0 | 5e45 010f | 854b 0400 | 004c 8944 | 2420 4489 | 5c24 5044 | 8954 2438 | 4b8d 14cc 
  0x00000184b55d643c: 4889 4c24 

  0x00000184b55d6440: ;   {optimized virtual_call}
  0x00000184b55d6440: 2866 90e8 

  0x00000184b55d6444: ; ImmutableOopMap {[32]=Oop [40]=Oop [72]=Oop [88]=Oop }
                      ;*invokeinterface write {reexecute=0 rethrow=0 return_oop=0}
                      ; - org.apache.jena.tdb.transaction.Journal::write@223 (line 190)
  0x00000184b55d6444: d824 eaff 

  0x00000184b55d6448: ;   {other}
  0x00000184b55d6448: 0f1f 8400 | b806 0003 | 4c8b 4424 | 2045 8b50 | 3043 8b7c | d40c 450f | b658 2c45 | 85db 0f85 
  0x00000184b55d6468: 4404 0000 | 4f8d 04d4 | 488b 5424 | 4845 33c9 

  0x00000184b55d6478: ;   {optimized virtual_call}
  0x00000184b55d6478: 6666 90e8 

  0x00000184b55d647c: ; ImmutableOopMap {[32]=Oop [40]=Oop [72]=Oop [88]=Oop }
                      ;*invokeinterface update {reexecute=0 rethrow=0 return_oop=0}
                      ; - java.util.zip.Checksum::update@5 (line 58)
                      ; - org.apache.jena.tdb.transaction.Journal::write@244 (line 192)
  0x00000184b55d647c: c081 eaff 

  0x00000184b55d6480: ;   {other}
  0x00000184b55d6480: 0f1f 8400 | f006 0004 | 4c8b 5424 | 2045 8b42 | 1c44 8b4c | 2450 453b | c80f 8fe9 | 0600 0045 
  0x00000184b55d64a0: 85c9 0f8c | 3007 0000 | 458b 420c | 453b c10f | 8fd8 0100 | 0045 894a | 1845 8b5a | 2041 3beb 
  0x00000184b55d64c0: 0f8f 5e07 | 0000 85ed | 0f8c 9a07 | 0000 443b | cd0f 8fa0 | 0100 0041 | 896a 1c45 | 8b5a 0c44 
  0x00000184b55d64e0: 3bdd 0f8f | c007 0000 | 488b 6c24 | 588b 4d2c 

  0x00000184b55d64f0: ; implicit exception: dispatches to 0x00000184b55d6da8
  0x00000184b55d64f0: 458b 54cc 

  0x00000184b55d64f4: ;   {metadata('java/nio/HeapByteBuffer')}
  0x00000184b55d64f4: 0841 81fa | 884d 1c00 | 0f85 8e02 | 0000 458b | 44cc 304c | 8b54 2448 | 458b 520c | 4d8d 1ccc 
  0x00000184b55d6514: 418b 5b20 | 4189 5b1c | 41c7 430c | ffff ffff | 4589 6318 

  0x00000184b55d6528: ; implicit exception: dispatches to 0x00000184b55d6e8c
  0x00000184b55d6528: 478b 4cc4 | 0c45 0fb6 | 5ccc 2c45 | 85db 0f85 | 4405 0000 | 458b da41 | c1fb 1841 | 83f9 030f 
  0x00000184b55d6548: 866b 0200 | 0047 885c | c410 8b5d | 2445 8bda | 41c1 eb10 | 4788 5cc4 | 1145 8bda | 41c1 eb08 
  0x00000184b55d6568: 4788 5cc4 | 1247 8854 | c413 458b 

  0x00000184b55d6574: ;   {metadata('org/apache/jena/tdb/base/file/BufferChannelMem')}
  0x00000184b55d6574: 54dc 0841 | 81fa d05e | 4501 0f85 | 7402 0000 | 498d 14dc | 4c8b c149 

  0x00000184b55d658c: ;   {optimized virtual_call}
  0x00000184b55d658c: c1e0 03e8 

  0x00000184b55d6590: ; ImmutableOopMap {rbp=Oop }
                      ;*invokeinterface write {reexecute=0 rethrow=0 return_oop=0}
                      ; - org.apache.jena.tdb.transaction.Journal::write@334 (line 208)
  0x00000184b55d6590: 8c23 eaff 

  0x00000184b55d6594: ;   {other}
  0x00000184b55d6594: 0f1f 8400 | 0408 0005 

  0x00000184b55d659c: ;   {oop(a 'java/lang/Class'{0x0000000705dc2618} = 'org/apache/jena/tdb/transaction/Journal')}
  0x00000184b55d659c: 49ba 1826 | dc05 0700 | 0000 448b | 5c24 3c45 | 035a 7445 | 035a 7c4d | 63d3 4c01 | 5510 488d 
  0x00000184b55d65bc: 4424 7048 | 8338 000f | 847b 0000 | 004c 8b55 | 0041 f6c2 | 020f 8462 | 0000 0049 | 83ba 8600 
  0x00000184b55d65dc: 0000 0074 | 0949 ff8a | 8600 0000 | eb4b 498b | 8296 0000 | 0049 0b82 | 8e00 0000 | 750a 49c7 
  0x00000184b55d65fc: 423e 0000 | 0000 eb3e | 4983 ba9e | 0000 0000 | 7422 4833 | c049 c742 | 3e00 0000 | 00f0 8304 
  0x00000184b55d661c: 2400 4983 | ba9e 0000 | 0000 750d | f04d 0fb1 | 7a3e 7505 | 83c8 01eb | 0da8 00eb | 094c 8b10 
  0x00000184b55d663c: f04c 0fb1 | 5500 750a | 49ff 8f48 | 0500 0045 | 33d2 0f85 | d001 0000 | 488b 4424 | 4048 81c4 
  0x00000184b55d665c: 8000 0000 

  0x00000184b55d6660: ;   {poll_return}
  0x00000184b55d6660: 5d49 3ba7 | 4804 0000 | 0f87 2d09 | 0000 c345 | 33c0 e98d | faff ff41 | 896a 18e9 | 57fe ffff 
  0x00000184b55d6680: 41c7 400c | ffff ffff | e9a8 fcff | ff41 c742 | 0cff ffff | ffe9 1bfe 

  0x00000184b55d6698: ;   {metadata('java/util/zip/Adler32')}
  0x00000184b55d6698: ffff 48ba | 3847 3dc6 | 8401 0000 | 488b 6c24 

  0x00000184b55d66a8: ;   {runtime_call _new_instance_Java}
  0x00000184b55d66a8: 2066 90e8 

  0x00000184b55d66ac: ; ImmutableOopMap {rbp=Oop [32]=Oop [40]=Oop }
                      ;*new {reexecute=0 rethrow=0 return_oop=1}
                      ; - org.apache.jena.tdb.transaction.Journal::write@136 (line 172)
  0x00000184b55d66ac: 5091 5fff 

  0x00000184b55d66b0: ;   {other}
  0x00000184b55d66b0: 0f1f 8400 | 2009 0006 | e9e3 fbff | ff45 33ed | 33ed 4533 | c045 33db | e940 faff | ffb9 0500 
  0x00000184b55d66d0: 0000 e92c | fbff ffba | 5cff ffff | 4c8b 5424 | 304c 8954 | 2428 4c89 | 6c24 3048 | ff74 2440 
  0x00000184b55d66f0: 488f 4424 | 3844 895c | 2440 4489 | 4424 444c | 894c 2450 | 4889 7c24 | 5889 4c24 

  0x00000184b55d670c: ;   {runtime_call UncommonTrapBlob}
  0x00000184b55d670c: 6066 90e8 

  0x00000184b55d6710: ; ImmutableOopMap {rbp=Oop [32]=Oop [40]=Oop [48]=Oop [80]=Oop }
                      ;*invokevirtual putIntUnaligned {reexecute=0 rethrow=0 return_oop=0}
                      ; - jdk.internal.misc.Unsafe::putIntUnaligned@10 (line 3698)
                      ; - jdk.internal.misc.ScopedMemoryAccess::putIntUnalignedInternal@17 (line 1930)
                      ; - jdk.internal.misc.ScopedMemoryAccess::putIntUnaligned@8 (line 1918)
                      ; - java.nio.HeapByteBuffer::putInt@26 (line 509)
                      ; - org.apache.jena.tdb.transaction.Journal::write@61 (line 163)
  0x00000184b55d6710: ec15 52ff 

  0x00000184b55d6714: ;   {other}
  0x00000184b55d6714: 0f1f 8400 | 8409 0007 | 4c8d 4424 

  0x00000184b55d6720: ;   {runtime_call _complete_monitor_locking_Java}
  0x00000184b55d6720: 7066 90e8 

  0x00000184b55d6724: ; ImmutableOopMap {rbp=Oop [32]=Oop [40]=Oop [48]=Oop }
                      ;*synchronization entry
                      ; - org.apache.jena.tdb.transaction.Journal::write@-1 (line 150)
  0x00000184b55d6724: d8ac 5fff 

  0x00000184b55d6728: ;   {other}
  0x00000184b55d6728: 0f1f 8400 | 9809 0008 | e9a3 f9ff | ffba deff | ffff 4c89 | 6c24 3848 | 897c 2440 | 4489 5c24 
  0x00000184b55d6748: 4844 8944 | 244c 4489 

  0x00000184b55d6750: ;   {runtime_call UncommonTrapBlob}
  0x00000184b55d6750: 7424 50e8 

  0x00000184b55d6754: ; ImmutableOopMap {rbp=Oop [32]=Oop [40]=Oop [48]=Oop [56]=Oop [80]=NarrowOop }
                      ;*invokevirtual clear {reexecute=0 rethrow=0 return_oop=0}
                      ; - org.apache.jena.tdb.transaction.Journal::write@49 (line 162)
  0x00000184b55d6754: a815 52ff 

  0x00000184b55d6758: ;   {other}
  0x00000184b55d6758: 0f1f 8400 | c809 0009 | bade ffff | ff48 ff74 | 2440 488f | 4424 2844 | 895c 2430 | 4489 4424 
  0x00000184b55d6778: 3444 8954 | 2438 4489 

  0x00000184b55d6780: ;   {runtime_call UncommonTrapBlob}
  0x00000184b55d6780: 7424 3ce8 

  0x00000184b55d6784: ; ImmutableOopMap {rbp=Oop [32]=Oop [56]=NarrowOop [60]=NarrowOop }
                      ;*invokeinterface write {reexecute=0 rethrow=0 return_oop=0}
                      ; - org.apache.jena.tdb.transaction.Journal::write@130 (line 170)
  0x00000184b55d6784: 7815 52ff 

  0x00000184b55d6788: ;   {other}
  0x00000184b55d6788: 0f1f 8400 | f809 000a | bade ffff | ff48 8944 | 24f8 8b44 | 243c 8944 | 2428 488b | 4424 f889 
  0x00000184b55d67a8: ;   {runtime_call UncommonTrapBlob}
  0x00000184b55d67a8: 4c24 2ce8 

  0x00000184b55d67ac: ; ImmutableOopMap {rbp=Oop [44]=NarrowOop [72]=Oop }
                      ;*invokevirtual clear {reexecute=0 rethrow=0 return_oop=0}
                      ; - org.apache.jena.tdb.transaction.Journal::write@306 (line 206)
  0x00000184b55d67ac: 5015 52ff 

  0x00000184b55d67b0: ;   {other}
  0x00000184b55d67b0: 0f1f 8400 | 200a 000b | bae4 ffff | ff4c 8b4c | 2440 4c89 | 4c24 2048 | 8944 24f8 | 8b44 243c 
  0x00000184b55d67d0: 8944 2428 | 488b 4424 | f844 8954 | 242c 4489 | 4424 3c44 | 895c 2440 

  0x00000184b55d67e8: ;   {runtime_call UncommonTrapBlob}
  0x00000184b55d67e8: 6666 90e8 

  0x00000184b55d67ec: ; ImmutableOopMap {rbp=Oop [60]=NarrowOop }
                      ;*bastore {reexecute=0 rethrow=0 return_oop=0}
                      ; - org.apache.jena.atlas.lib.Bytes::setInt@13 (line 178)
                      ; - org.apache.jena.atlas.lib.Bytes::setInt@3 (line 165)
                      ; - org.apache.jena.tdb.transaction.Journal::write@323 (line 207)
  0x00000184b55d67ec: 1015 52ff 

  0x00000184b55d67f0: ;   {other}
  0x00000184b55d67f0: 0f1f 8400 | 600a 000c | bade ffff | ff48 8944 | 24f8 8b44 | 243c 8944 | 2428 488b | 4424 f889 
  0x00000184b55d6810: 5c24 2c89 

  0x00000184b55d6814: ;   {runtime_call UncommonTrapBlob}
  0x00000184b55d6814: 4c24 30e8 

  0x00000184b55d6818: ; ImmutableOopMap {rbp=Oop [44]=NarrowOop [48]=NarrowOop }
                      ;*invokeinterface write {reexecute=0 rethrow=0 return_oop=0}
                      ; - org.apache.jena.tdb.transaction.Journal::write@334 (line 208)
  0x00000184b55d6818: e414 52ff 

  0x00000184b55d681c: ;   {other}
  0x00000184b55d681c: 0f1f 8400 | 8c0a 000d | 488b cd48 | 8d54 2470 | 4d8b c749 | baf0 7ba6 | 60fb 7f00 | 0041 ffd2 
  0x00000184b55d683c: ;   {other}
  0x00000184b55d683c: 0f1f 8400 | 0000 0000 | e90b feff | ffba deff | ffff 4c8b | 4424 404c | 8944 2430 | 4c8b 4424 
  0x00000184b55d685c: 484c 8944 | 2440 4489 

  0x00000184b55d6864: ;   {runtime_call UncommonTrapBlob}
  0x00000184b55d6864: 5c24 48e8 

  0x00000184b55d6868: ; ImmutableOopMap {[32]=Oop [40]=Oop [64]=Oop }
                      ;*invokevirtual position {reexecute=0 rethrow=0 return_oop=0}
                      ; - org.apache.jena.tdb.transaction.Journal::write@179 (line 183)
  0x00000184b55d6868: 9414 52ff 

  0x00000184b55d686c: ;   {other}
  0x00000184b55d686c: 0f1f 8400 | dc0a 000e | bade ffff | ff48 8b5c | 2440 4889 | 5c24 3044 | 8954 2438 | 4c8b 5424 
  0x00000184b55d688c: 484c 8954 | 2440 4489 | 5c24 4844 | 894c 244c | 4c89 4424 

  0x00000184b55d68a0: ;   {runtime_call UncommonTrapBlob}
  0x00000184b55d68a0: 5066 90e8 

  0x00000184b55d68a4: ; ImmutableOopMap {[64]=Oop [76]=NarrowOop [80]=Oop [88]=Oop }
                      ;*invokeinterface write {reexecute=0 rethrow=0 return_oop=0}
                      ; - org.apache.jena.tdb.transaction.Journal::write@223 (line 190)
  0x00000184b55d68a4: 5814 52ff 

  0x00000184b55d68a8: ;   {other}
  0x00000184b55d68a8: 0f1f 8400 | 180b 000f | ba45 ffff | ff4c 8b54 | 2428 4c89 | 5424 204c | 8944 2428 | 4c8b 5424 
  0x00000184b55d68c8: 404c 8954 | 2430 4c8b | 5424 484c | 8954 2440 | 448b 5424 | 5044 8954 | 2448 4489 

  0x00000184b55d68e4: ;   {runtime_call UncommonTrapBlob}
  0x00000184b55d68e4: 5c24 4ce8 

  0x00000184b55d68e8: ; ImmutableOopMap {[32]=Oop [40]=Oop [64]=Oop }
                      ;*ifne {reexecute=1 rethrow=0 return_oop=0}
                      ; - (reexecute) java.nio.ByteBuffer::hasArray@11 (line 1481)
                      ; - org.apache.jena.tdb.transaction.Journal::write@231 (line 191)
  0x00000184b55d68e8: 1414 52ff 

  0x00000184b55d68ec: ;   {other}
  0x00000184b55d68ec: 0f1f 8400 | 5c0b 0010 | ba45 ffff | ff48 8b5c | 2430 4889 | 5c24 284c | 896c 2430 | 4889 7c24 
  0x00000184b55d690c: 3844 895c | 2440 4489 | 4424 4489 | 4c24 584c | 894c 2460 | 4489 5424 

  0x00000184b55d6924: ;   {runtime_call UncommonTrapBlob}
  0x00000184b55d6924: 5c66 90e8 

  0x00000184b55d6928: ; ImmutableOopMap {rbp=Oop [32]=Oop [40]=Oop [48]=Oop [92]=NarrowOop [96]=Oop }
                      ;*ifnull {reexecute=1 rethrow=0 return_oop=0}
                      ; - (reexecute) java.nio.Buffer::session@4 (line 792)
                      ; - java.nio.HeapByteBuffer::putInt@4 (line 509)
                      ; - org.apache.jena.tdb.transaction.Journal::write@61 (line 163)
  0x00000184b55d6928: d413 52ff 

  0x00000184b55d692c: ;   {other}
  0x00000184b55d692c: 0f1f 8400 | 9c0b 0011 | ba45 ffff | ff4c 8b54 | 2430 4c89 | 5424 284c | 896c 2430 | 4889 7c24 
  0x00000184b55d694c: 3844 895c | 2440 4489 | 4424 4489 | 4c24 5889 | 5c24 5c4c | 894c 2460 | 8974 2468 

  0x00000184b55d6968: ;   {runtime_call UncommonTrapBlob}
  0x00000184b55d6968: 6666 90e8 

  0x00000184b55d696c: ; ImmutableOopMap {rbp=Oop [32]=Oop [40]=Oop [48]=Oop [92]=NarrowOop [96]=Oop }
                      ;*if_icmpge {reexecute=1 rethrow=0 return_oop=0}
                      ; - (reexecute) java.nio.Buffer::nextPutIndex@12 (line 743)
                      ; - java.nio.HeapByteBuffer::putInt@14 (line 509)
                      ; - org.apache.jena.tdb.transaction.Journal::write@61 (line 163)
  0x00000184b55d696c: 9013 52ff 

  0x00000184b55d6970: ;   {other}
  0x00000184b55d6970: 0f1f 8400 | e00b 0012 | ba45 ffff | ff48 8b4c | 2430 4889 | 4c24 284c | 896c 2430 | 48ff 7424 
  0x00000184b55d6990: 4048 8f44 | 2438 4489 | 4424 4444 | 895c 2458 | 895c 245c | 4c89 4c24 | 6044 8954 

  0x00000184b55d69ac: ;   {runtime_call UncommonTrapBlob}
  0x00000184b55d69ac: 2468 90e8 

  0x00000184b55d69b0: ; ImmutableOopMap {rbp=Oop [32]=Oop [40]=Oop [48]=Oop [92]=NarrowOop [96]=Oop }
                      ;*if_icmpge {reexecute=1 rethrow=0 return_oop=0}
                      ; - (reexecute) java.nio.Buffer::nextPutIndex@12 (line 743)
                      ; - java.nio.HeapByteBuffer::putInt@14 (line 509)
                      ; - org.apache.jena.tdb.transaction.Journal::write@71 (line 165)
  0x00000184b55d69b0: 4c13 52ff 

  0x00000184b55d69b4: ;   {other}
  0x00000184b55d69b4: 0f1f 8400 | 240c 0013 | ba45 ffff | ff4c 896c | 2428 48ff | 7424 4048 | 8f44 2430 | 4489 5c24 
  0x00000184b55d69d4: 3844 8944 | 243c 4489 | 5424 5089 | 5c24 544c | 894c 2458 | 894c 2460 

  0x00000184b55d69ec: ;   {runtime_call UncommonTrapBlob}
  0x00000184b55d69ec: 6666 90e8 

  0x00000184b55d69f0: ; ImmutableOopMap {rbp=Oop [32]=Oop [40]=Oop [84]=NarrowOop [88]=Oop }
                      ;*if_icmpge {reexecute=1 rethrow=0 return_oop=0}
                      ; - (reexecute) java.nio.Buffer::nextPutIndex@12 (line 743)
                      ; - java.nio.HeapByteBuffer::putInt@14 (line 509)
                      ; - org.apache.jena.tdb.transaction.Journal::write@83 (line 166)
  0x00000184b55d69f0: 0c13 52ff 

  0x00000184b55d69f4: ;   {other}
  0x00000184b55d69f4: 0f1f 8400 | 640c 0014 | ba45 ffff | ff48 ff74 | 2440 488f | 4424 2844 | 895c 2430 | 4489 4424 
  0x00000184b55d6a14: 3489 4c24 | 4889 5c24 | 4c4c 894c | 2450 8974 

  0x00000184b55d6a24: ;   {runtime_call UncommonTrapBlob}
  0x00000184b55d6a24: 2458 90e8 

  0x00000184b55d6a28: ; ImmutableOopMap {rbp=Oop [32]=Oop [76]=NarrowOop [80]=Oop }
                      ;*if_icmpge {reexecute=1 rethrow=0 return_oop=0}
                      ; - (reexecute) java.nio.Buffer::nextPutIndex@12 (line 743)
                      ; - java.nio.HeapByteBuffer::putInt@14 (line 509)
                      ; - org.apache.jena.tdb.transaction.Journal::write@110 (line 168)
  0x00000184b55d6a28: d412 52ff 

  0x00000184b55d6a2c: ;   {other}
  0x00000184b55d6a2c: 0f1f 8400 | 9c0c 0015 | ba45 ffff | ff48 ff74 | 2428 488f | 4424 204c | 8b54 2440 | 4c89 5424 
  0x00000184b55d6a4c: 2844 8b5c | 2438 4489 | 5c24 3048 | 8944 24f8 | 8b44 243c | 8944 2434 | 488b 4424 | f848 8944 
  0x00000184b55d6a6c: 2440 4489 

  0x00000184b55d6a70: ;   {runtime_call UncommonTrapBlob}
  0x00000184b55d6a70: 4424 50e8 

  0x00000184b55d6a74: ; ImmutableOopMap {rbp=Oop [32]=Oop [64]=Oop }
                      ;*ifeq {reexecute=1 rethrow=0 return_oop=0}
                      ; - (reexecute) java.nio.ByteBuffer::array@19 (line 1506)
                      ; - org.apache.jena.tdb.transaction.Journal::write@151 (line 173)
  0x00000184b55d6a74: 8812 52ff 

  0x00000184b55d6a78: ;   {other}
  0x00000184b55d6a78: 0f1f 8400 | e80c 0016 | ba45 ffff | ff44 8954 | 242c 4489 

  0x00000184b55d6a8c: ;   {runtime_call UncommonTrapBlob}
  0x00000184b55d6a8c: 5c24 38e8 

  0x00000184b55d6a90: ; ImmutableOopMap {rbp=Oop }
                      ;*ifeq {reexecute=1 rethrow=0 return_oop=0}
                      ; - (reexecute) java.nio.ByteBuffer::array@19 (line 1506)
                      ; - org.apache.jena.tdb.transaction.Journal::write@320 (line 207)
  0x00000184b55d6a90: 6c12 52ff 

  0x00000184b55d6a94: ;   {other}
  0x00000184b55d6a94: 0f1f 8400 | 040d 0017 | ba45 ffff | ff4c 8b54 | 2440 4c89 | 5424 304c | 8b54 2448 | 4c89 5424 
  0x00000184b55d6ab4: 4044 895c | 2448 4c89 | 4424 584c | 8944 2460 | 4489 4c24 

  0x00000184b55d6ac8: ;   {runtime_call UncommonTrapBlob}
  0x00000184b55d6ac8: 4c66 90e8 

  0x00000184b55d6acc: ; ImmutableOopMap {[32]=Oop [64]=Oop [88]=Oop [96]=Oop }
                      ;*if_icmple {reexecute=1 rethrow=0 return_oop=0}
                      ; - (reexecute) java.nio.Buffer::position@5 (line 326)
                      ; - java.nio.ByteBuffer::position@2 (line 1551)
                      ; - org.apache.jena.tdb.transaction.Journal::write@179 (line 183)
  0x00000184b55d6acc: 3012 52ff 

  0x00000184b55d6ad0: ;   {other}
  0x00000184b55d6ad0: 0f1f 8400 | 400d 0018 | ba45 ffff | ff48 8b4c | 2440 4889 | 4c24 3048 | 8b4c 2448 | 4889 4c24 
  0x00000184b55d6af0: 4044 895c | 2448 4c89 | 4424 584c | 8944 2460 | 4489 4c24 

  0x00000184b55d6b04: ;   {runtime_call UncommonTrapBlob}
  0x00000184b55d6b04: 6c66 90e8 

  0x00000184b55d6b08: ; ImmutableOopMap {[32]=Oop [64]=Oop [88]=Oop [96]=Oop }
                      ;*if_icmple {reexecute=1 rethrow=0 return_oop=0}
                      ; - (reexecute) java.nio.Buffer::limit@5 (line 379)
                      ; - java.nio.ByteBuffer::limit@2 (line 1565)
                      ; - org.apache.jena.tdb.transaction.Journal::write@187 (line 184)
  0x00000184b55d6b08: f411 52ff 

  0x00000184b55d6b0c: ;   {other}
  0x00000184b55d6b0c: 0f1f 8400 | 7c0d 0019 | ba45 ffff | ff4c 8b4c | 2440 4c89 | 4c24 304c | 8b4c 2448 | 4c89 4c24 
  0x00000184b55d6b2c: 4044 895c | 2448 4c89 | 4424 584c | 8944 2460 

  0x00000184b55d6b3c: ;   {runtime_call UncommonTrapBlob}
  0x00000184b55d6b3c: 6666 90e8 

  0x00000184b55d6b40: ; ImmutableOopMap {[32]=Oop [64]=Oop [88]=Oop [96]=Oop }
                      ;*ifge {reexecute=1 rethrow=0 return_oop=0}
                      ; - (reexecute) java.nio.Buffer::limit@14 (line 379)
                      ; - java.nio.ByteBuffer::limit@2 (line 1565)
                      ; - org.apache.jena.tdb.transaction.Journal::write@187 (line 184)
  0x00000184b55d6b40: bc11 52ff 

  0x00000184b55d6b44: ;   {other}
  0x00000184b55d6b44: 0f1f 8400 | b40d 001a | ba45 ffff | ff4c 8b4c | 2440 4c89 | 4c24 304c | 8b4c 2448 | 4c89 4c24 
  0x00000184b55d6b64: 4044 895c | 2448 4c89 | 4424 584c | 8944 2460 | 894c 244c 

  0x00000184b55d6b78: ;   {runtime_call UncommonTrapBlob}
  0x00000184b55d6b78: 6666 90e8 

  0x00000184b55d6b7c: ; ImmutableOopMap {[32]=Oop [64]=Oop [88]=Oop [96]=Oop }
                      ;*if_icmple {reexecute=1 rethrow=0 return_oop=0}
                      ; - (reexecute) java.nio.Buffer::limit@55 (line 383)
                      ; - java.nio.ByteBuffer::limit@2 (line 1565)
                      ; - org.apache.jena.tdb.transaction.Journal::write@187 (line 184)
  0x00000184b55d6b7c: 8011 52ff 

  0x00000184b55d6b80: ;   {other}
  0x00000184b55d6b80: 0f1f 8400 | f00d 001b | ba45 ffff | ff4c 8b5c | 2428 4c89 | 5c24 204c | 8b5c 2440 | 4c89 5c24 
  0x00000184b55d6ba0: 3044 8b5c | 243c 4489 | 5c24 384c | 8b5c 2448 | 4c89 5c24 | 404c 8954 | 2450 4c89 | 5424 5844 
  0x00000184b55d6bc0: 894c 2460 | 4489 4424 

  0x00000184b55d6bc8: ;   {runtime_call UncommonTrapBlob}
  0x00000184b55d6bc8: 6466 90e8 

  0x00000184b55d6bcc: ; ImmutableOopMap {[32]=Oop [64]=Oop [80]=Oop [88]=Oop }
                      ;*if_icmple {reexecute=1 rethrow=0 return_oop=0}
                      ; - (reexecute) java.nio.Buffer::position@5 (line 326)
                      ; - java.nio.ByteBuffer::position@2 (line 1551)
                      ; - org.apache.jena.tdb.transaction.Journal::write@290 (line 201)
  0x00000184b55d6bcc: 3011 52ff 

  0x00000184b55d6bd0: ;   {other}
  0x00000184b55d6bd0: 0f1f 8400 | 400e 001c | ba45 ffff | ff4c 8b5c | 2428 4c89 | 5c24 204c | 8b5c 2440 | 4c89 5c24 
  0x00000184b55d6bf0: 3044 8b44 | 243c 4489 | 4424 384c | 8b5c 2448 | 4c89 5c24 | 404c 8954 | 2450 4c89 | 5424 5844 
  0x00000184b55d6c10: 894c 2460 

  0x00000184b55d6c14: ;   {runtime_call UncommonTrapBlob}
  0x00000184b55d6c14: 6666 90e8 

  0x00000184b55d6c18: ; ImmutableOopMap {[32]=Oop [64]=Oop [80]=Oop [88]=Oop }
                      ;*ifge {reexecute=1 rethrow=0 return_oop=0}
                      ; - (reexecute) java.nio.Buffer::position@14 (line 326)
                      ; - java.nio.ByteBuffer::position@2 (line 1551)
                      ; - org.apache.jena.tdb.transaction.Journal::write@290 (line 201)
  0x00000184b55d6c18: e410 52ff 

  0x00000184b55d6c1c: ;   {other}
  0x00000184b55d6c1c: 0f1f 8400 | 8c0e 001d | ba45 ffff | ff4c 8b44 | 2428 4c89 | 4424 204c | 8b44 2440 | 4c89 4424 
  0x00000184b55d6c3c: 2844 8b44 | 243c 4489 | 4424 304c | 8b44 2448 | 4c89 4424 | 384c 8954 | 2450 4489 

  0x00000184b55d6c58: ;   {runtime_call UncommonTrapBlob}
  0x00000184b55d6c58: 5c24 58e8 

  0x00000184b55d6c5c: ; ImmutableOopMap {[32]=Oop [56]=Oop [80]=Oop }
                      ;*if_icmple {reexecute=1 rethrow=0 return_oop=0}
                      ; - (reexecute) java.nio.Buffer::limit@5 (line 379)
                      ; - java.nio.ByteBuffer::limit@2 (line 1565)
                      ; - org.apache.jena.tdb.transaction.Journal::write@298 (line 202)
  0x00000184b55d6c5c: a010 52ff 

  0x00000184b55d6c60: ;   {other}
  0x00000184b55d6c60: 0f1f 8400 | d00e 001e | ba45 ffff | ff4c 8b5c | 2428 4c89 | 5c24 204c | 8b5c 2440 | 4c89 5c24 
  0x00000184b55d6c80: 2844 8b44 | 243c 4489 | 4424 304c | 8b5c 2448 | 4c89 5c24 | 384c 8954 

  0x00000184b55d6c98: ;   {runtime_call UncommonTrapBlob}
  0x00000184b55d6c98: 2450 90e8 

  0x00000184b55d6c9c: ; ImmutableOopMap {[32]=Oop [56]=Oop [80]=Oop }
                      ;*ifge {reexecute=1 rethrow=0 return_oop=0}
                      ; - (reexecute) java.nio.Buffer::limit@14 (line 379)
                      ; - java.nio.ByteBuffer::limit@2 (line 1565)
                      ; - org.apache.jena.tdb.transaction.Journal::write@298 (line 202)
  0x00000184b55d6c9c: 6010 52ff 

  0x00000184b55d6ca0: ;   {other}
  0x00000184b55d6ca0: 0f1f 8400 | 100f 001f | ba45 ffff | ff4c 8b44 | 2428 4c89 | 4424 204c | 8b44 2440 | 4c89 4424 
  0x00000184b55d6cc0: 2844 8b44 | 243c 4489 | 4424 304c | 8b44 2448 | 4c89 4424 | 384c 8954 | 2450 4489 

  0x00000184b55d6cdc: ;   {runtime_call UncommonTrapBlob}
  0x00000184b55d6cdc: 5c24 34e8 

  0x00000184b55d6ce0: ; ImmutableOopMap {[32]=Oop [56]=Oop [80]=Oop }
                      ;*if_icmple {reexecute=1 rethrow=0 return_oop=0}
                      ; - (reexecute) java.nio.Buffer::limit@55 (line 383)
                      ; - java.nio.ByteBuffer::limit@2 (line 1565)
                      ; - org.apache.jena.tdb.transaction.Journal::write@298 (line 202)
  0x00000184b55d6ce0: 1c10 52ff 

  0x00000184b55d6ce4: ;   {other}
  0x00000184b55d6ce4: 0f1f 8400 | 540f 0020 | ba76 ffff | ff4c 8944 | 2428 4c8b | 4424 404c | 8944 2430 | 4c8b 4424 
  0x00000184b55d6d04: 484c 8944 | 2440 4489 

  0x00000184b55d6d0c: ;   {runtime_call UncommonTrapBlob}
  0x00000184b55d6d0c: 5c24 48e8 

  0x00000184b55d6d10: ; ImmutableOopMap {[32]=Oop [40]=Oop [64]=Oop }
                      ;*if_icmpge {reexecute=1 rethrow=0 return_oop=0}
                      ; - (reexecute) org.apache.jena.tdb.transaction.Journal::write@199 (line 186)
  0x00000184b55d6d10: ec0f 52ff 

  0x00000184b55d6d14: ;   {other}
  0x00000184b55d6d14: 0f1f 8400 | 840f 0021 | baf6 ffff | ff49 8bea 

  0x00000184b55d6d24: ;   {runtime_call UncommonTrapBlob}
  0x00000184b55d6d24: 6666 90e8 

  0x00000184b55d6d28: ; ImmutableOopMap {rbp=Oop }
                      ;*invokevirtual clear {reexecute=0 rethrow=0 return_oop=0}
                      ; - org.apache.jena.tdb.transaction.Journal::write@49 (line 162)
  0x00000184b55d6d28: d40f 52ff 

  0x00000184b55d6d2c: ;   {other}
  0x00000184b55d6d2c: 0f1f 8400 | 9c0f 0022 | baf6 ffff | ff48 8b6c 

  0x00000184b55d6d3c: ;   {runtime_call UncommonTrapBlob}
  0x00000184b55d6d3c: 2420 90e8 

  0x00000184b55d6d40: ; ImmutableOopMap {rbp=Oop }
                      ;*getfield id {reexecute=1 rethrow=0 return_oop=0}
                      ; - (reexecute) org.apache.jena.tdb.transaction.Journal::write@58 (line 163)
  0x00000184b55d6d40: bc0f 52ff 

  0x00000184b55d6d44: ;   {other}
  0x00000184b55d6d44: 0f1f 8400 | b40f 0023 | baf6 ffff | ff48 8b6c 

  0x00000184b55d6d54: ;   {runtime_call UncommonTrapBlob}
  0x00000184b55d6d54: 2420 90e8 

  0x00000184b55d6d58: ; ImmutableOopMap {rbp=Oop }
                      ;*invokevirtual getId {reexecute=0 rethrow=0 return_oop=0}
                      ; - org.apache.jena.tdb.transaction.Journal::write@80 (line 166)
  0x00000184b55d6d58: a40f 52ff 

  0x00000184b55d6d5c: ;   {other}
  0x00000184b55d6d5c: 0f1f 8400 | cc0f 0024 | baf6 ffff | ff41 8bee 

  0x00000184b55d6d6c: ;   {runtime_call UncommonTrapBlob}
  0x00000184b55d6d6c: 6666 90e8 

  0x00000184b55d6d70: ; ImmutableOopMap {rbp=NarrowOop [32]=Oop }
                      ;*invokeinterface write {reexecute=0 rethrow=0 return_oop=0}
                      ; - org.apache.jena.tdb.transaction.Journal::write@130 (line 170)
  0x00000184b55d6d70: 8c0f 52ff 

  0x00000184b55d6d74: ;   {other}
  0x00000184b55d6d74: 0f1f 8400 | e40f 0025 | baf6 ffff 

  0x00000184b55d6d80: ;   {runtime_call UncommonTrapBlob}
  0x00000184b55d6d80: ff66 90e8 

  0x00000184b55d6d84: ; ImmutableOopMap {rbp=Oop }
                      ;*invokevirtual array {reexecute=0 rethrow=0 return_oop=0}
                      ; - org.apache.jena.tdb.transaction.Journal::write@151 (line 173)
  0x00000184b55d6d84: 780f 52ff 

  0x00000184b55d6d88: ;   {other}
  0x00000184b55d6d88: 0f1f 8400 | f80f 0026 | baf6 ffff | ff48 8b6c 

  0x00000184b55d6d98: ;   {runtime_call UncommonTrapBlob}
  0x00000184b55d6d98: 2420 90e8 

  0x00000184b55d6d9c: ; ImmutableOopMap {rbp=Oop }
                      ;*invokevirtual intValue {reexecute=0 rethrow=0 return_oop=0}
                      ; - org.apache.jena.tdb.transaction.Journal::write@99 (line 167)
  0x00000184b55d6d9c: 600f 52ff 

  0x00000184b55d6da0: ;   {other}
  0x00000184b55d6da0: 0f1f 8400 | 1010 0027 | baf6 ffff 

  0x00000184b55d6dac: ;   {runtime_call UncommonTrapBlob}
  0x00000184b55d6dac: ff66 90e8 

  0x00000184b55d6db0: ; ImmutableOopMap {rbp=Oop }
                      ;*invokevirtual clear {reexecute=0 rethrow=0 return_oop=0}
                      ; - org.apache.jena.tdb.transaction.Journal::write@306 (line 206)
  0x00000184b55d6db0: 4c0f 52ff 

  0x00000184b55d6db4: ;   {other}
  0x00000184b55d6db4: 0f1f 8400 | 2410 0028 | baf6 ffff | ff89 4c24 

  0x00000184b55d6dc4: ;   {runtime_call UncommonTrapBlob}
  0x00000184b55d6dc4: 2066 90e8 

  0x00000184b55d6dc8: ; ImmutableOopMap {rbp=Oop [32]=NarrowOop }
                      ;*invokeinterface write {reexecute=0 rethrow=0 return_oop=0}
                      ; - org.apache.jena.tdb.transaction.Journal::write@334 (line 208)
  0x00000184b55d6dc8: 340f 52ff 

  0x00000184b55d6dcc: ;   {other}
  0x00000184b55d6dcc: 0f1f 8400 | 3c10 0029 | baf6 ffff 

  0x00000184b55d6dd8: ;   {runtime_call UncommonTrapBlob}
  0x00000184b55d6dd8: ff66 90e8 

  0x00000184b55d6ddc: ; ImmutableOopMap {rbp=Oop }
                      ;*invokevirtual limit {reexecute=0 rethrow=0 return_oop=0}
                      ; - org.apache.jena.tdb.transaction.Journal::write@164 (line 181)
  0x00000184b55d6ddc: 200f 52ff 

  0x00000184b55d6de0: ;   {other}
  0x00000184b55d6de0: 0f1f 8400 | 5010 002a | baf6 ffff | ff49 8be8 

  0x00000184b55d6df0: ;   {runtime_call UncommonTrapBlob}
  0x00000184b55d6df0: 6666 90e8 

  0x00000184b55d6df4: ; ImmutableOopMap {rbp=Oop [88]=Oop }
                      ;*invokeinterface write {reexecute=0 rethrow=0 return_oop=0}
                      ; - org.apache.jena.tdb.transaction.Journal::write@223 (line 190)
  0x00000184b55d6df4: 080f 52ff 

  0x00000184b55d6df8: ;   {other}
  0x00000184b55d6df8: 0f1f 8400 | 6810 002b | ba45 ffff | ff4c 8b54 | 2428 4c89 | 5424 204c | 8944 2428 | 4c8b 5424 
  0x00000184b55d6e18: 404c 8954 | 2430 4c8b | 5424 484c | 8954 2440 | 448b 5c24 | 5044 895c 

  0x00000184b55d6e30: ;   {runtime_call UncommonTrapBlob}
  0x00000184b55d6e30: 2448 90e8 

  0x00000184b55d6e34: ; ImmutableOopMap {[32]=Oop [40]=Oop [64]=Oop }
                      ;*ifeq {reexecute=1 rethrow=0 return_oop=0}
                      ; - (reexecute) org.apache.jena.tdb.transaction.Journal::write@234 (line 191)
  0x00000184b55d6e34: c80e 52ff 

  0x00000184b55d6e38: ;   {other}
  0x00000184b55d6e38: 0f1f 8400 | a810 002c | ba45 ffff | ff48 ff74 | 2428 488f | 4424 204c | 8b5c 2440 | 4c89 5c24 
  0x00000184b55d6e58: 2844 8b5c | 2438 4489 | 5c24 3048 | 8944 24f8 | 8b44 243c | 8944 2434 | 488b 4424 | f848 8944 
  0x00000184b55d6e78: 2440 4489 

  0x00000184b55d6e7c: ;   {runtime_call UncommonTrapBlob}
  0x00000184b55d6e7c: 5424 50e8 

  0x00000184b55d6e80: ; ImmutableOopMap {rbp=Oop [32]=Oop [64]=Oop [80]=NarrowOop }
                      ;*ifnonnull {reexecute=1 rethrow=0 return_oop=0}
                      ; - (reexecute) java.nio.ByteBuffer::array@4 (line 1504)
                      ; - org.apache.jena.tdb.transaction.Journal::write@151 (line 173)
  0x00000184b55d6e80: 7c0e 52ff 

  0x00000184b55d6e84: ;   {other}
  0x00000184b55d6e84: 0f1f 8400 | f410 002d | ba45 ffff | ff44 8954 | 242c 4489 

  0x00000184b55d6e98: ;   {runtime_call UncommonTrapBlob}
  0x00000184b55d6e98: 4424 38e8 

  0x00000184b55d6e9c: ; ImmutableOopMap {rbp=Oop [56]=NarrowOop }
                      ;*ifnonnull {reexecute=1 rethrow=0 return_oop=0}
                      ; - (reexecute) java.nio.ByteBuffer::array@4 (line 1504)
                      ; - org.apache.jena.tdb.transaction.Journal::write@320 (line 207)
  0x00000184b55d6e9c: 600e 52ff 

  0x00000184b55d6ea0: ;   {other}
  0x00000184b55d6ea0: 0f1f 8400 | 1011 002e | 488b d8eb | 2648 8bd8 | 488b 6c24 | 28eb 1c48 | 8bd8 488b | 6c24 28eb 
  0x00000184b55d6ec0: 1248 8bd8 | eb0d 488b | d848 8b6c | 2420 eb03 | 488b d848 | 8d44 2470 | 4883 3800 | 0f84 7b00 
  0x00000184b55d6ee0: 0000 4c8b | 5500 41f6 | c202 0f84 | 6200 0000 | 4983 ba86 | 0000 0000 | 7409 49ff | 8a86 0000 
  0x00000184b55d6f00: 00eb 4b49 | 8b82 9600 | 0000 490b | 828e 0000 | 0075 0a49 | c742 3e00 | 0000 00eb | 3e49 83ba 
  0x00000184b55d6f20: 9e00 0000 | 0074 2248 | 33c0 49c7 | 423e 0000 | 0000 f083 | 0424 0049 | 83ba 9e00 | 0000 0075 
  0x00000184b55d6f40: 0df0 4d0f | b17a 3e75 | 0583 c801 | eb0d a800 | eb09 4c8b | 10f0 4c0f | b155 0075 | 0a49 ff8f 
  0x00000184b55d6f60: 4805 0000 | 4533 d275 | 1048 8bd3 | 4881 c480 | 0000 005d 

  0x00000184b55d6f74: ;   {runtime_call _rethrow_Java}
  0x00000184b55d6f74: e987 1060 | ff48 8bcd | 488d 5424 | 704d 8bc7 | 49ba f07b | a660 fb7f | 0000 41ff 

  0x00000184b55d6f90: ;   {other}
  0x00000184b55d6f90: d20f 1f84 | 0000 0000 

  0x00000184b55d6f98: ;   {internal_word}
  0x00000184b55d6f98: 00eb ce49 | ba61 665d | b584 0100 | 004d 8997 | 6004 0000 

  0x00000184b55d6fac: ;   {runtime_call SafepointBlob}
  0x00000184b55d6fac: e9cf fb51 

  0x00000184b55d6fb0: ;   {runtime_call StubRoutines (final stubs)}
  0x00000184b55d6fb0: ffe8 0aed | 4fff e9a3 | f0ff fff4 | f4f4 f4f4 
[Stub Code]
  0x00000184b55d6fc0: ;   {no_reloc}
  0x00000184b55d6fc0: 48bb 0000 | 0000 0000 

  0x00000184b55d6fc8: ;   {runtime_call nmethod}
  0x00000184b55d6fc8: 0000 e9fb 

  0x00000184b55d6fcc: ;   {static_stub}
  0x00000184b55d6fcc: ffff ff48 | bb00 0000 | 0000 0000 

  0x00000184b55d6fd8: ;   {runtime_call nmethod}
  0x00000184b55d6fd8: 00e9 fbff 

  0x00000184b55d6fdc: ;   {static_stub}
  0x00000184b55d6fdc: ffff 48bb | 0000 0000 | 0000 0000 

  0x00000184b55d6fe8: ;   {runtime_call nmethod}
  0x00000184b55d6fe8: e9fb ffff 

  0x00000184b55d6fec: ;   {static_stub}
  0x00000184b55d6fec: ff48 bb00 | 0000 0000 

  0x00000184b55d6ff4: ;   {runtime_call nmethod}
  0x00000184b55d6ff4: 0000 00e9 | fbff ffff 

  0x00000184b55d6ffc: ;   {static_stub}
  0x00000184b55d6ffc: 48bb 0000 | 0000 0000 

  0x00000184b55d7004: ;   {runtime_call nmethod}
  0x00000184b55d7004: 0000 e9fb 

  0x00000184b55d7008: ;   {runtime_call ExceptionBlob}
  0x00000184b55d7008: ffff ffe9 | f08a 5fff 
[Deopt Handler Code]
  0x00000184b55d7010: e800 0000 | 0048 832c 

  0x00000184b55d7018: ;   {runtime_call DeoptimizationBlob}
  0x00000184b55d7018: 2405 e901 | 1052 fff4 
[/MachCode]


---------------  P R O C E S S  ---------------

Threads class SMR info:
_java_thread_list=0x000001850bdcb730, length=26, elements={
0x00000184a9bd5500, 0x00000184c3d7ad40, 0x00000184c3d7b880, 0x00000184c41c0820,
0x00000184c41c0fb0, 0x00000184c41c2660, 0x00000184c41c8940, 0x00000184c41c5780,
0x00000184c41c6220, 0x00000184c41c8fd0, 0x00000184c41c7c20, 0x00000184c41c9660,
0x00000184c41ca380, 0x00000184c41c82b0, 0x00000184c41c9cf0, 0x00000184c41c6f00,
0x000001850ac1c970, 0x000001850ac1c2e0, 0x000001850ac1d000, 0x000001850ac1b5c0,
0x000001850ac1a8a0, 0x000001850ac1bc50, 0x000001850ac19b80, 0x000001850ac1a210,
0x000001850c8beb10, 0x000001850c8be480
}

Java Threads: ( => current thread )
  0x00000184a9bd5500 JavaThread "main"                              [_thread_blocked, id=14432, stack(0x0000007a68b00000,0x0000007a68c00000) (1024K)]
  0x00000184c3d7ad40 JavaThread "Reference Handler"          daemon [_thread_blocked, id=10700, stack(0x0000007a69300000,0x0000007a69400000) (1024K)]
  0x00000184c3d7b880 JavaThread "Finalizer"                  daemon [_thread_blocked, id=13972, stack(0x0000007a69400000,0x0000007a69500000) (1024K)]
  0x00000184c41c0820 JavaThread "Signal Dispatcher"          daemon [_thread_blocked, id=7884, stack(0x0000007a69500000,0x0000007a69600000) (1024K)]
  0x00000184c41c0fb0 JavaThread "Attach Listener"            daemon [_thread_blocked, id=16328, stack(0x0000007a69600000,0x0000007a69700000) (1024K)]
  0x00000184c41c2660 JavaThread "Service Thread"             daemon [_thread_blocked, id=17012, stack(0x0000007a69700000,0x0000007a69800000) (1024K)]
  0x00000184c41c8940 JavaThread "Monitor Deflation Thread"   daemon [_thread_blocked, id=9488, stack(0x0000007a69800000,0x0000007a69900000) (1024K)]
  0x00000184c41c5780 JavaThread "C2 CompilerThread0"         daemon [_thread_blocked, id=4376, stack(0x0000007a69900000,0x0000007a69a00000) (1024K)]
  0x00000184c41c6220 JavaThread "C1 CompilerThread0"         daemon [_thread_blocked, id=3272, stack(0x0000007a69a00000,0x0000007a69b00000) (1024K)]
  0x00000184c41c8fd0 JavaThread "Notification Thread"        daemon [_thread_blocked, id=8196, stack(0x0000007a69b00000,0x0000007a69c00000) (1024K)]
  0x00000184c41c7c20 JavaThread "Common-Cleaner"             daemon [_thread_blocked, id=4620, stack(0x0000007a69c00000,0x0000007a69d00000) (1024K)]
  0x00000184c41c9660 JavaThread "qtp274100821-29"                   [_thread_in_native, id=12076, stack(0x0000007a69d00000,0x0000007a69e00000) (1024K)]
  0x00000184c41ca380 JavaThread "qtp274100821-30"                   [_thread_blocked, id=16292, stack(0x0000007a6a500000,0x0000007a6a600000) (1024K)]
  0x00000184c41c82b0 JavaThread "qtp274100821-31"                   [_thread_blocked, id=17420, stack(0x0000007a6a600000,0x0000007a6a700000) (1024K)]
  0x00000184c41c9cf0 JavaThread "qtp274100821-32"                   [_thread_in_native, id=10616, stack(0x0000007a6a700000,0x0000007a6a800000) (1024K)]
  0x00000184c41c6f00 JavaThread "qtp274100821-33"                   [_thread_blocked, id=4824, stack(0x0000007a6a800000,0x0000007a6a900000) (1024K)]
  0x000001850ac1c970 JavaThread "qtp274100821-34-acceptor-0@26902a55-ServerConnector@680bddf5{HTTP/1.1, (http/1.1)}{localhost:3030}"        [_thread_in_native, id=7064, stack(0x0000007a6a900000,0x0000007a6aa00000) (1024K)]
=>0x000001850ac1c2e0 JavaThread "qtp274100821-35"                   [_thread_in_vm, id=4780, stack(0x0000007a6aa00000,0x0000007a6ab00000) (1024K)]
  0x000001850ac1d000 JavaThread "qtp274100821-36"                   [_thread_in_native, id=8480, stack(0x0000007a6ab00000,0x0000007a6ac00000) (1024K)]
  0x000001850ac1b5c0 JavaThread "Session-HouseKeeper-57a48985-1"        [_thread_blocked, id=9804, stack(0x0000007a6ae00000,0x0000007a6af00000) (1024K)]
  0x000001850ac1a8a0 JavaThread "HttpClient-1-SelectorManager" daemon [_thread_in_native, id=10204, stack(0x0000007a6b000000,0x0000007a6b100000) (1024K)]
  0x000001850ac1bc50 JavaThread "Connector-Scheduler-680bddf5-1"        [_thread_blocked, id=3088, stack(0x0000007a6ac00000,0x0000007a6ad00000) (1024K)]
  0x000001850ac19b80 JavaThread "alarm-clock-1"              daemon [_thread_blocked, id=15400, stack(0x0000007a6b200000,0x0000007a6b300000) (1024K)]
  0x000001850ac1a210 JavaThread "qtp274100821-42"                   [_thread_in_native, id=16068, stack(0x0000007a6b300000,0x0000007a6b400000) (1024K)]
  0x000001850c8beb10 JavaThread "qtp274100821-44"                   [_thread_blocked, id=13580, stack(0x0000007a6b400000,0x0000007a6b500000) (1024K)]
  0x000001850c8be480 JavaThread "qtp274100821-45"                   [_thread_blocked, id=14816, stack(0x0000007a6b600000,0x0000007a6b700000) (1024K)]
Total: 26

Other Threads:
  0x00000184c3d60370 VMThread "VM Thread"                           [id=4140, stack(0x0000007a69200000,0x0000007a69300000) (1024K)]
  0x00000184c3d4d840 WatcherThread "VM Periodic Task Thread"        [id=12700, stack(0x0000007a69100000,0x0000007a69200000) (1024K)]
  0x00000184a9c3d080 WorkerThread "GC Thread#0"                     [id=3172, stack(0x0000007a68c00000,0x0000007a68d00000) (1024K)]
  0x000001850a61e7f0 WorkerThread "GC Thread#1"                     [id=18260, stack(0x0000007a69f00000,0x0000007a6a000000) (1024K)]
  0x00000184c4be2200 WorkerThread "GC Thread#2"                     [id=12252, stack(0x0000007a6a000000,0x0000007a6a100000) (1024K)]
  0x00000184c4dbd800 WorkerThread "GC Thread#3"                     [id=9368, stack(0x0000007a6a100000,0x0000007a6a200000) (1024K)]
  0x00000184c4dbdba0 WorkerThread "GC Thread#4"                     [id=17472, stack(0x0000007a6a200000,0x0000007a6a300000) (1024K)]
  0x00000184c4dbe550 WorkerThread "GC Thread#5"                     [id=17948, stack(0x0000007a6a300000,0x0000007a6a400000) (1024K)]
  0x00000184c4c97440 WorkerThread "GC Thread#6"                     [id=13780, stack(0x0000007a6a400000,0x0000007a6a500000) (1024K)]
  0x00000184c4d5bed0 WorkerThread "GC Thread#7"                     [id=9448, stack(0x0000007a69e00000,0x0000007a69f00000) (1024K)]
  0x00000184a9c4ebc0 ConcurrentGCThread "G1 Main Marker"            [id=10016, stack(0x0000007a68d00000,0x0000007a68e00000) (1024K)]
  0x00000184a9c50540 WorkerThread "G1 Conc#0"                       [id=6904, stack(0x0000007a68e00000,0x0000007a68f00000) (1024K)]
  0x000001850a9d2aa0 WorkerThread "G1 Conc#1"                       [id=8772, stack(0x0000007a6ad00000,0x0000007a6ae00000) (1024K)]
  0x00000184c3c0f030 ConcurrentGCThread "G1 Refine#0"               [id=776, stack(0x0000007a68f00000,0x0000007a69000000) (1024K)]
  0x00000184c3c0f850 ConcurrentGCThread "G1 Service"                [id=7916, stack(0x0000007a69000000,0x0000007a69100000) (1024K)]
Total: 15

Threads with active compile tasks:
Total: 0

VM state: not at safepoint (normal execution)

VM Mutex/Monitor currently owned by a thread:  ([mutex/lock_event])
[0x00007ffb60fe5558] Heap_lock - owner thread: 0x000001850ac1c2e0

Heap address: 0x0000000704a00000, size: 4022 MB, Compressed Oops mode: Zero based, Oop shift amount: 3

CDS archive(s) mapped at: [0x00000184c5000000-0x00000184c5c80000-0x00000184c5c80000), size 13107200, SharedBaseAddress: 0x00000184c5000000, ArchiveRelocationMode: 1.
Compressed class space mapped at: 0x00000184c6000000-0x0000018506000000, reserved size: 1073741824
Narrow klass base: 0x00000184c5000000, Narrow klass shift: 0, Narrow klass range: 0x100000000

GC Precious Log:
 CardTable entry size: 512
 Card Set container configuration: InlinePtr #cards 4 size 8 Array Of Cards #cards 16 size 48 Howl #buckets 8 coarsen threshold 3686 Howl Bitmap #cards 512 size 80 coarsen threshold 460 Card regions per heap region 1 cards per card region 4096
 CPUs: 8 total, 8 available
 Memory: 16087M
 Large Page Support: Disabled
 NUMA Support: Disabled
 Compressed Oops: Enabled (Zero based)
 Heap Region Size: 2M
 Heap Min Capacity: 8M
 Heap Initial Capacity: 252M
 Heap Max Capacity: 4022M
 Pre-touch: Disabled
 Parallel Workers: 8
 Concurrent Workers: 2
 Concurrent Refinement Workers: 8
 Periodic GC: Disabled

Heap:
 garbage-first heap   total 3141632K, used 2878657K [0x0000000704a00000, 0x0000000800000000)
  region size 2048K, 11 young (22528K), 10 survivors (20480K)
 Metaspace       used 39424K, committed 39936K, reserved 1114112K
  class space    used 4748K, committed 4992K, reserved 1048576K

Heap Regions: E=young(eden), S=young(survivor), O=old, HS=humongous(starts), HC=humongous(continues), CS=collection set, F=free, TAMS=top-at-mark-start, PB=parsable bottom
|   0|0x0000000704a00000, 0x0000000704c00000, 0x0000000704c00000|100%|HS|  |TAMS 0x0000000704a00000| PB 0x0000000704a00000| Complete 
|   1|0x0000000704c00000, 0x0000000704e00000, 0x0000000704e00000|100%|HC|  |TAMS 0x0000000704c00000| PB 0x0000000704c00000| Complete 
|   2|0x0000000704e00000, 0x0000000705000000, 0x0000000705000000|100%| O|  |TAMS 0x0000000704e00000| PB 0x0000000704e00000| Untracked 
|   3|0x0000000705000000, 0x0000000705200000, 0x0000000705200000|100%| O|  |TAMS 0x0000000705000000| PB 0x0000000705000000| Untracked 
|   4|0x0000000705200000, 0x00000007053fb4f8, 0x0000000705400000| 99%| O|  |TAMS 0x0000000705200000| PB 0x0000000705200000| Untracked 
|   5|0x0000000705400000, 0x0000000705600000, 0x0000000705600000|100%| O|  |TAMS 0x0000000705400000| PB 0x0000000705400000| Untracked 
|   6|0x0000000705600000, 0x0000000705800000, 0x0000000705800000|100%| O|  |TAMS 0x0000000705600000| PB 0x0000000705600000| Untracked 
|   7|0x0000000705800000, 0x0000000705a00000, 0x0000000705a00000|100%| O|  |TAMS 0x0000000705800000| PB 0x0000000705800000| Untracked 
|   8|0x0000000705a00000, 0x0000000705c00000, 0x0000000705c00000|100%| O|  |TAMS 0x0000000705a00000| PB 0x0000000705a00000| Untracked 
|   9|0x0000000705c00000, 0x0000000705e00000, 0x0000000705e00000|100%| O|  |TAMS 0x0000000705c00000| PB 0x0000000705c00000| Untracked 
|  10|0x0000000705e00000, 0x0000000706000000, 0x0000000706000000|100%| O|  |TAMS 0x0000000705e00000| PB 0x0000000705e00000| Untracked 
|  11|0x0000000706000000, 0x0000000706200000, 0x0000000706200000|100%| O|  |TAMS 0x0000000706000000| PB 0x0000000706000000| Untracked 
|  12|0x0000000706200000, 0x0000000706400000, 0x0000000706400000|100%| O|  |TAMS 0x0000000706200000| PB 0x0000000706200000| Untracked 
|  13|0x0000000706400000, 0x0000000706600000, 0x0000000706600000|100%| O|  |TAMS 0x0000000706400000| PB 0x0000000706400000| Untracked 
|  14|0x0000000706600000, 0x0000000706800000, 0x0000000706800000|100%| O|  |TAMS 0x0000000706600000| PB 0x0000000706600000| Untracked 
|  15|0x0000000706800000, 0x0000000706a00000, 0x0000000706a00000|100%| O|  |TAMS 0x0000000706800000| PB 0x0000000706800000| Untracked 
|  16|0x0000000706a00000, 0x0000000706c00000, 0x0000000706c00000|100%| O|Cm|TAMS 0x0000000706a00000| PB 0x0000000706a00000| Complete 
|  17|0x0000000706c00000, 0x0000000706c00000, 0x0000000706e00000|  0%| F|  |TAMS 0x0000000706c00000| PB 0x0000000706c00000| Untracked 
|  18|0x0000000706e00000, 0x0000000707000000, 0x0000000707000000|100%| O|  |TAMS 0x0000000706e00000| PB 0x0000000706e00000| Untracked 
|  19|0x0000000707000000, 0x0000000707200000, 0x0000000707200000|100%| O|  |TAMS 0x0000000707000000| PB 0x0000000707000000| Untracked 
|  20|0x0000000707200000, 0x0000000707400000, 0x0000000707400000|100%| O|Cm|TAMS 0x0000000707200000| PB 0x0000000707200000| Complete 
|  21|0x0000000707400000, 0x0000000707600000, 0x0000000707600000|100%| O|  |TAMS 0x0000000707400000| PB 0x0000000707400000| Untracked 
|  22|0x0000000707600000, 0x0000000707800000, 0x0000000707800000|100%| O|  |TAMS 0x0000000707600000| PB 0x0000000707600000| Untracked 
|  23|0x0000000707800000, 0x0000000707a00000, 0x0000000707a00000|100%| O|  |TAMS 0x0000000707800000| PB 0x0000000707800000| Untracked 
|  24|0x0000000707a00000, 0x0000000707a00000, 0x0000000707c00000|  0%| F|  |TAMS 0x0000000707a00000| PB 0x0000000707a00000| Untracked 
|  25|0x0000000707c00000, 0x0000000707c00000, 0x0000000707e00000|  0%| F|  |TAMS 0x0000000707c00000| PB 0x0000000707c00000| Untracked 
|  26|0x0000000707e00000, 0x0000000707e00000, 0x0000000708000000|  0%| F|  |TAMS 0x0000000707e00000| PB 0x0000000707e00000| Untracked 
|  27|0x0000000708000000, 0x0000000708200000, 0x0000000708200000|100%| O|Cm|TAMS 0x0000000708000000| PB 0x0000000708000000| Complete 
|  28|0x0000000708200000, 0x0000000708400000, 0x0000000708400000|100%| O|  |TAMS 0x0000000708200000| PB 0x0000000708200000| Untracked 
|  29|0x0000000708400000, 0x0000000708600000, 0x0000000708600000|100%| O|  |TAMS 0x0000000708400000| PB 0x0000000708400000| Untracked 
|  30|0x0000000708600000, 0x0000000708800000, 0x0000000708800000|100%| O|  |TAMS 0x0000000708600000| PB 0x0000000708600000| Untracked 
|  31|0x0000000708800000, 0x0000000708a00000, 0x0000000708a00000|100%| O|Cm|TAMS 0x0000000708800000| PB 0x0000000708800000| Complete 
|  32|0x0000000708a00000, 0x0000000708c00000, 0x0000000708c00000|100%| O|  |TAMS 0x0000000708a00000| PB 0x0000000708a00000| Untracked 
|  33|0x0000000708c00000, 0x0000000708e00000, 0x0000000708e00000|100%| O|  |TAMS 0x0000000708c00000| PB 0x0000000708c00000| Untracked 
|  34|0x0000000708e00000, 0x0000000708e00000, 0x0000000709000000|  0%| F|  |TAMS 0x0000000708e00000| PB 0x0000000708e00000| Untracked 
|  35|0x0000000709000000, 0x0000000709200000, 0x0000000709200000|100%| O|Cm|TAMS 0x0000000709000000| PB 0x0000000709000000| Complete 
|  36|0x0000000709200000, 0x0000000709400000, 0x0000000709400000|100%| O|  |TAMS 0x0000000709200000| PB 0x0000000709200000| Untracked 
|  37|0x0000000709400000, 0x0000000709600000, 0x0000000709600000|100%| O|  |TAMS 0x0000000709400000| PB 0x0000000709400000| Untracked 
|  38|0x0000000709600000, 0x0000000709800000, 0x0000000709800000|100%| O|  |TAMS 0x0000000709600000| PB 0x0000000709600000| Untracked 
|  39|0x0000000709800000, 0x0000000709a00000, 0x0000000709a00000|100%| O|Cm|TAMS 0x0000000709800000| PB 0x0000000709800000| Complete 
|  40|0x0000000709a00000, 0x0000000709c00000, 0x0000000709c00000|100%| O|  |TAMS 0x0000000709a00000| PB 0x0000000709a00000| Untracked 
|  41|0x0000000709c00000, 0x0000000709e00000, 0x0000000709e00000|100%| O|  |TAMS 0x0000000709c00000| PB 0x0000000709c00000| Untracked 
|  42|0x0000000709e00000, 0x000000070a000000, 0x000000070a000000|100%| O|  |TAMS 0x0000000709e00000| PB 0x0000000709e00000| Untracked 
|  43|0x000000070a000000, 0x000000070a200000, 0x000000070a200000|100%| O|  |TAMS 0x000000070a000000| PB 0x000000070a000000| Untracked 
|  44|0x000000070a200000, 0x000000070a400000, 0x000000070a400000|100%| O|  |TAMS 0x000000070a200000| PB 0x000000070a200000| Untracked 
|  45|0x000000070a400000, 0x000000070a400000, 0x000000070a600000|  0%| F|  |TAMS 0x000000070a400000| PB 0x000000070a400000| Untracked 
|  46|0x000000070a600000, 0x000000070a800000, 0x000000070a800000|100%| O|Cm|TAMS 0x000000070a600000| PB 0x000000070a600000| Complete 
|  47|0x000000070a800000, 0x000000070aa00000, 0x000000070aa00000|100%| O|Cm|TAMS 0x000000070a800000| PB 0x000000070a800000| Complete 
|  48|0x000000070aa00000, 0x000000070aa00000, 0x000000070ac00000|  0%| F|  |TAMS 0x000000070aa00000| PB 0x000000070aa00000| Untracked 
|  49|0x000000070ac00000, 0x000000070ae00000, 0x000000070ae00000|100%| O|  |TAMS 0x000000070ac00000| PB 0x000000070ac00000| Untracked 
|  50|0x000000070ae00000, 0x000000070b000000, 0x000000070b000000|100%| O|  |TAMS 0x000000070ae00000| PB 0x000000070ae00000| Untracked 
|  51|0x000000070b000000, 0x000000070b200000, 0x000000070b200000|100%| O|  |TAMS 0x000000070b000000| PB 0x000000070b000000| Untracked 
|  52|0x000000070b200000, 0x000000070b400000, 0x000000070b400000|100%| O|  |TAMS 0x000000070b200000| PB 0x000000070b200000| Untracked 
|  53|0x000000070b400000, 0x000000070b400000, 0x000000070b600000|  0%| F|  |TAMS 0x000000070b400000| PB 0x000000070b400000| Untracked 
|  54|0x000000070b600000, 0x000000070b600000, 0x000000070b800000|  0%| F|  |TAMS 0x000000070b600000| PB 0x000000070b600000| Untracked 
|  55|0x000000070b800000, 0x000000070b800000, 0x000000070ba00000|  0%| F|  |TAMS 0x000000070b800000| PB 0x000000070b800000| Untracked 
|  56|0x000000070ba00000, 0x000000070ba00000, 0x000000070bc00000|  0%| F|  |TAMS 0x000000070ba00000| PB 0x000000070ba00000| Untracked 
|  57|0x000000070bc00000, 0x000000070bc00000, 0x000000070be00000|  0%| F|  |TAMS 0x000000070bc00000| PB 0x000000070bc00000| Untracked 
|  58|0x000000070be00000, 0x000000070c000000, 0x000000070c000000|100%| O|Cm|TAMS 0x000000070be00000| PB 0x000000070be00000| Complete 
|  59|0x000000070c000000, 0x000000070c000000, 0x000000070c200000|  0%| F|  |TAMS 0x000000070c000000| PB 0x000000070c000000| Untracked 
|  60|0x000000070c200000, 0x000000070c200000, 0x000000070c400000|  0%| F|  |TAMS 0x000000070c200000| PB 0x000000070c200000| Untracked 
|  61|0x000000070c400000, 0x000000070c400000, 0x000000070c600000|  0%| F|  |TAMS 0x000000070c400000| PB 0x000000070c400000| Untracked 
|  62|0x000000070c600000, 0x000000070c600000, 0x000000070c800000|  0%| F|  |TAMS 0x000000070c600000| PB 0x000000070c600000| Untracked 
|  63|0x000000070c800000, 0x000000070c800000, 0x000000070ca00000|  0%| F|  |TAMS 0x000000070c800000| PB 0x000000070c800000| Untracked 
|  64|0x000000070ca00000, 0x000000070cc00000, 0x000000070cc00000|100%| O|Cm|TAMS 0x000000070ca00000| PB 0x000000070ca00000| Complete 
|  65|0x000000070cc00000, 0x000000070cc00000, 0x000000070ce00000|  0%| F|  |TAMS 0x000000070cc00000| PB 0x000000070cc00000| Untracked 
|  66|0x000000070ce00000, 0x000000070ce00000, 0x000000070d000000|  0%| F|  |TAMS 0x000000070ce00000| PB 0x000000070ce00000| Untracked 
|  67|0x000000070d000000, 0x000000070d000000, 0x000000070d200000|  0%| F|  |TAMS 0x000000070d000000| PB 0x000000070d000000| Untracked 
|  68|0x000000070d200000, 0x000000070d400000, 0x000000070d400000|100%| O|  |TAMS 0x000000070d200000| PB 0x000000070d200000| Untracked 
|  69|0x000000070d400000, 0x000000070d600000, 0x000000070d600000|100%| O|  |TAMS 0x000000070d400000| PB 0x000000070d400000| Untracked 
|  70|0x000000070d600000, 0x000000070d800000, 0x000000070d800000|100%| O|  |TAMS 0x000000070d600000| PB 0x000000070d600000| Untracked 
|  71|0x000000070d800000, 0x000000070da00000, 0x000000070da00000|100%| O|  |TAMS 0x000000070d800000| PB 0x000000070d800000| Untracked 
|  72|0x000000070da00000, 0x000000070dc00000, 0x000000070dc00000|100%| O|  |TAMS 0x000000070da00000| PB 0x000000070da00000| Untracked 
|  73|0x000000070dc00000, 0x000000070de00000, 0x000000070de00000|100%| O|  |TAMS 0x000000070dc00000| PB 0x000000070dc00000| Untracked 
|  74|0x000000070de00000, 0x000000070e000000, 0x000000070e000000|100%| O|  |TAMS 0x000000070de00000| PB 0x000000070de00000| Untracked 
|  75|0x000000070e000000, 0x000000070e200000, 0x000000070e200000|100%| O|  |TAMS 0x000000070e000000| PB 0x000000070e000000| Untracked 
|  76|0x000000070e200000, 0x000000070e400000, 0x000000070e400000|100%| O|  |TAMS 0x000000070e200000| PB 0x000000070e200000| Untracked 
|  77|0x000000070e400000, 0x000000070e600000, 0x000000070e600000|100%| O|  |TAMS 0x000000070e400000| PB 0x000000070e400000| Untracked 
|  78|0x000000070e600000, 0x000000070e800000, 0x000000070e800000|100%| O|  |TAMS 0x000000070e600000| PB 0x000000070e600000| Untracked 
|  79|0x000000070e800000, 0x000000070ea00000, 0x000000070ea00000|100%| O|  |TAMS 0x000000070e800000| PB 0x000000070e800000| Untracked 
|  80|0x000000070ea00000, 0x000000070ec00000, 0x000000070ec00000|100%| O|  |TAMS 0x000000070ea00000| PB 0x000000070ea00000| Untracked 
|  81|0x000000070ec00000, 0x000000070ee00000, 0x000000070ee00000|100%| O|  |TAMS 0x000000070ec00000| PB 0x000000070ec00000| Untracked 
|  82|0x000000070ee00000, 0x000000070f000000, 0x000000070f000000|100%| O|  |TAMS 0x000000070ee00000| PB 0x000000070ee00000| Untracked 
|  83|0x000000070f000000, 0x000000070f200000, 0x000000070f200000|100%| O|  |TAMS 0x000000070f000000| PB 0x000000070f000000| Untracked 
|  84|0x000000070f200000, 0x000000070f400000, 0x000000070f400000|100%| O|  |TAMS 0x000000070f200000| PB 0x000000070f200000| Untracked 
|  85|0x000000070f400000, 0x000000070f600000, 0x000000070f600000|100%| O|  |TAMS 0x000000070f400000| PB 0x000000070f400000| Untracked 
|  86|0x000000070f600000, 0x000000070f800000, 0x000000070f800000|100%| O|  |TAMS 0x000000070f600000| PB 0x000000070f600000| Untracked 
|  87|0x000000070f800000, 0x000000070fa00000, 0x000000070fa00000|100%| O|  |TAMS 0x000000070f800000| PB 0x000000070f800000| Untracked 
|  88|0x000000070fa00000, 0x000000070fc00000, 0x000000070fc00000|100%| O|  |TAMS 0x000000070fa00000| PB 0x000000070fa00000| Untracked 
|  89|0x000000070fc00000, 0x000000070fe00000, 0x000000070fe00000|100%| O|  |TAMS 0x000000070fc00000| PB 0x000000070fc00000| Untracked 
|  90|0x000000070fe00000, 0x0000000710000000, 0x0000000710000000|100%| O|  |TAMS 0x000000070fe00000| PB 0x000000070fe00000| Untracked 
|  91|0x0000000710000000, 0x0000000710200000, 0x0000000710200000|100%| O|  |TAMS 0x0000000710000000| PB 0x0000000710000000| Untracked 
|  92|0x0000000710200000, 0x0000000710400000, 0x0000000710400000|100%| O|  |TAMS 0x0000000710200000| PB 0x0000000710200000| Untracked 
|  93|0x0000000710400000, 0x0000000710600000, 0x0000000710600000|100%| O|  |TAMS 0x0000000710400000| PB 0x0000000710400000| Untracked 
|  94|0x0000000710600000, 0x0000000710800000, 0x0000000710800000|100%| O|  |TAMS 0x0000000710600000| PB 0x0000000710600000| Untracked 
|  95|0x0000000710800000, 0x0000000710a00000, 0x0000000710a00000|100%| O|  |TAMS 0x0000000710800000| PB 0x0000000710800000| Untracked 
|  96|0x0000000710a00000, 0x0000000710c00000, 0x0000000710c00000|100%| O|  |TAMS 0x0000000710a00000| PB 0x0000000710a00000| Untracked 
|  97|0x0000000710c00000, 0x0000000710e00000, 0x0000000710e00000|100%| O|  |TAMS 0x0000000710c00000| PB 0x0000000710c00000| Untracked 
|  98|0x0000000710e00000, 0x0000000711000000, 0x0000000711000000|100%| O|  |TAMS 0x0000000710e00000| PB 0x0000000710e00000| Untracked 
|  99|0x0000000711000000, 0x0000000711200000, 0x0000000711200000|100%| O|  |TAMS 0x0000000711000000| PB 0x0000000711000000| Untracked 
| 100|0x0000000711200000, 0x0000000711400000, 0x0000000711400000|100%| O|  |TAMS 0x0000000711200000| PB 0x0000000711200000| Untracked 
| 101|0x0000000711400000, 0x0000000711600000, 0x0000000711600000|100%| O|  |TAMS 0x0000000711400000| PB 0x0000000711400000| Untracked 
| 102|0x0000000711600000, 0x0000000711800000, 0x0000000711800000|100%| O|  |TAMS 0x0000000711600000| PB 0x0000000711600000| Untracked 
| 103|0x0000000711800000, 0x0000000711a00000, 0x0000000711a00000|100%| O|  |TAMS 0x0000000711800000| PB 0x0000000711800000| Untracked 
| 104|0x0000000711a00000, 0x0000000711a00000, 0x0000000711c00000|  0%| F|  |TAMS 0x0000000711a00000| PB 0x0000000711a00000| Untracked 
| 105|0x0000000711c00000, 0x0000000711e00000, 0x0000000711e00000|100%| O|  |TAMS 0x0000000711c00000| PB 0x0000000711c00000| Untracked 
| 106|0x0000000711e00000, 0x0000000712000000, 0x0000000712000000|100%| O|  |TAMS 0x0000000711e00000| PB 0x0000000711e00000| Untracked 
| 107|0x0000000712000000, 0x0000000712200000, 0x0000000712200000|100%| O|Cm|TAMS 0x0000000712000000| PB 0x0000000712000000| Complete 
| 108|0x0000000712200000, 0x0000000712400000, 0x0000000712400000|100%| O|  |TAMS 0x0000000712200000| PB 0x0000000712200000| Untracked 
| 109|0x0000000712400000, 0x0000000712600000, 0x0000000712600000|100%| O|  |TAMS 0x0000000712400000| PB 0x0000000712400000| Untracked 
| 110|0x0000000712600000, 0x0000000712800000, 0x0000000712800000|100%| O|  |TAMS 0x0000000712600000| PB 0x0000000712600000| Untracked 
| 111|0x0000000712800000, 0x0000000712a00000, 0x0000000712a00000|100%| O|  |TAMS 0x0000000712800000| PB 0x0000000712800000| Untracked 
| 112|0x0000000712a00000, 0x0000000712c00000, 0x0000000712c00000|100%| O|  |TAMS 0x0000000712a00000| PB 0x0000000712a00000| Untracked 
| 113|0x0000000712c00000, 0x0000000712e00000, 0x0000000712e00000|100%| O|  |TAMS 0x0000000712c00000| PB 0x0000000712c00000| Untracked 
| 114|0x0000000712e00000, 0x0000000713000000, 0x0000000713000000|100%| O|  |TAMS 0x0000000712e00000| PB 0x0000000712e00000| Untracked 
| 115|0x0000000713000000, 0x0000000713200000, 0x0000000713200000|100%| O|  |TAMS 0x0000000713000000| PB 0x0000000713000000| Untracked 
| 116|0x0000000713200000, 0x0000000713400000, 0x0000000713400000|100%| O|  |TAMS 0x0000000713200000| PB 0x0000000713200000| Untracked 
| 117|0x0000000713400000, 0x0000000713600000, 0x0000000713600000|100%| O|  |TAMS 0x0000000713400000| PB 0x0000000713400000| Untracked 
| 118|0x0000000713600000, 0x0000000713800000, 0x0000000713800000|100%| O|  |TAMS 0x0000000713600000| PB 0x0000000713600000| Untracked 
| 119|0x0000000713800000, 0x0000000713a00000, 0x0000000713a00000|100%| O|  |TAMS 0x0000000713800000| PB 0x0000000713800000| Untracked 
| 120|0x0000000713a00000, 0x0000000713c00000, 0x0000000713c00000|100%| O|  |TAMS 0x0000000713a00000| PB 0x0000000713a00000| Untracked 
| 121|0x0000000713c00000, 0x0000000713e00000, 0x0000000713e00000|100%| O|  |TAMS 0x0000000713c00000| PB 0x0000000713c00000| Untracked 
| 122|0x0000000713e00000, 0x0000000714000000, 0x0000000714000000|100%| O|  |TAMS 0x0000000713e00000| PB 0x0000000713e00000| Untracked 
| 123|0x0000000714000000, 0x0000000714200000, 0x0000000714200000|100%| O|  |TAMS 0x0000000714000000| PB 0x0000000714000000| Untracked 
| 124|0x0000000714200000, 0x0000000714400000, 0x0000000714400000|100%| O|  |TAMS 0x0000000714200000| PB 0x0000000714200000| Untracked 
| 125|0x0000000714400000, 0x0000000714400000, 0x0000000714600000|  0%| F|  |TAMS 0x0000000714400000| PB 0x0000000714400000| Untracked 
| 126|0x0000000714600000, 0x0000000714600000, 0x0000000714800000|  0%| F|  |TAMS 0x0000000714600000| PB 0x0000000714600000| Untracked 
| 127|0x0000000714800000, 0x0000000714800000, 0x0000000714a00000|  0%| F|  |TAMS 0x0000000714800000| PB 0x0000000714800000| Untracked 
| 128|0x0000000714a00000, 0x0000000714a00000, 0x0000000714c00000|  0%| F|  |TAMS 0x0000000714a00000| PB 0x0000000714a00000| Untracked 
| 129|0x0000000714c00000, 0x0000000714e00000, 0x0000000714e00000|100%| O|  |TAMS 0x0000000714c00000| PB 0x0000000714c00000| Untracked 
| 130|0x0000000714e00000, 0x0000000715000000, 0x0000000715000000|100%| O|  |TAMS 0x0000000714e00000| PB 0x0000000714e00000| Untracked 
| 131|0x0000000715000000, 0x0000000715200000, 0x0000000715200000|100%| O|  |TAMS 0x0000000715000000| PB 0x0000000715000000| Untracked 
| 132|0x0000000715200000, 0x0000000715400000, 0x0000000715400000|100%| O|  |TAMS 0x0000000715200000| PB 0x0000000715200000| Untracked 
| 133|0x0000000715400000, 0x0000000715600000, 0x0000000715600000|100%| O|  |TAMS 0x0000000715400000| PB 0x0000000715400000| Untracked 
| 134|0x0000000715600000, 0x0000000715800000, 0x0000000715800000|100%| O|  |TAMS 0x0000000715600000| PB 0x0000000715600000| Untracked 
| 135|0x0000000715800000, 0x0000000715a00000, 0x0000000715a00000|100%| O|  |TAMS 0x0000000715800000| PB 0x0000000715800000| Untracked 
| 136|0x0000000715a00000, 0x0000000715c00000, 0x0000000715c00000|100%| O|  |TAMS 0x0000000715a00000| PB 0x0000000715a00000| Untracked 
| 137|0x0000000715c00000, 0x0000000715e00000, 0x0000000715e00000|100%| O|  |TAMS 0x0000000715c00000| PB 0x0000000715c00000| Untracked 
| 138|0x0000000715e00000, 0x0000000716000000, 0x0000000716000000|100%| O|  |TAMS 0x0000000715e00000| PB 0x0000000715e00000| Untracked 
| 139|0x0000000716000000, 0x0000000716200000, 0x0000000716200000|100%| O|  |TAMS 0x0000000716000000| PB 0x0000000716000000| Untracked 
| 140|0x0000000716200000, 0x0000000716400000, 0x0000000716400000|100%| O|  |TAMS 0x0000000716200000| PB 0x0000000716200000| Untracked 
| 141|0x0000000716400000, 0x0000000716600000, 0x0000000716600000|100%| O|  |TAMS 0x0000000716400000| PB 0x0000000716400000| Untracked 
| 142|0x0000000716600000, 0x0000000716800000, 0x0000000716800000|100%| O|  |TAMS 0x0000000716600000| PB 0x0000000716600000| Untracked 
| 143|0x0000000716800000, 0x0000000716a00000, 0x0000000716a00000|100%| O|  |TAMS 0x0000000716800000| PB 0x0000000716800000| Untracked 
| 144|0x0000000716a00000, 0x0000000716c00000, 0x0000000716c00000|100%| O|  |TAMS 0x0000000716a00000| PB 0x0000000716a00000| Untracked 
| 145|0x0000000716c00000, 0x0000000716e00000, 0x0000000716e00000|100%| O|  |TAMS 0x0000000716c00000| PB 0x0000000716c00000| Untracked 
| 146|0x0000000716e00000, 0x0000000717000000, 0x0000000717000000|100%| O|  |TAMS 0x0000000716e00000| PB 0x0000000716e00000| Untracked 
| 147|0x0000000717000000, 0x0000000717200000, 0x0000000717200000|100%| O|  |TAMS 0x0000000717000000| PB 0x0000000717000000| Untracked 
| 148|0x0000000717200000, 0x0000000717200000, 0x0000000717400000|  0%| F|  |TAMS 0x0000000717200000| PB 0x0000000717200000| Untracked 
| 149|0x0000000717400000, 0x0000000717400000, 0x0000000717600000|  0%| F|  |TAMS 0x0000000717400000| PB 0x0000000717400000| Untracked 
| 150|0x0000000717600000, 0x0000000717800000, 0x0000000717800000|100%| O|  |TAMS 0x0000000717600000| PB 0x0000000717600000| Untracked 
| 151|0x0000000717800000, 0x0000000717a00000, 0x0000000717a00000|100%| O|  |TAMS 0x0000000717800000| PB 0x0000000717800000| Untracked 
| 152|0x0000000717a00000, 0x0000000717c00000, 0x0000000717c00000|100%| O|  |TAMS 0x0000000717a00000| PB 0x0000000717a00000| Untracked 
| 153|0x0000000717c00000, 0x0000000717e00000, 0x0000000717e00000|100%| O|  |TAMS 0x0000000717c00000| PB 0x0000000717c00000| Untracked 
| 154|0x0000000717e00000, 0x0000000718000000, 0x0000000718000000|100%| O|  |TAMS 0x0000000717e00000| PB 0x0000000717e00000| Untracked 
| 155|0x0000000718000000, 0x0000000718200000, 0x0000000718200000|100%| O|  |TAMS 0x0000000718000000| PB 0x0000000718000000| Untracked 
| 156|0x0000000718200000, 0x0000000718400000, 0x0000000718400000|100%| O|  |TAMS 0x0000000718200000| PB 0x0000000718200000| Untracked 
| 157|0x0000000718400000, 0x0000000718600000, 0x0000000718600000|100%| O|  |TAMS 0x0000000718400000| PB 0x0000000718400000| Untracked 
| 158|0x0000000718600000, 0x0000000718800000, 0x0000000718800000|100%| O|  |TAMS 0x0000000718600000| PB 0x0000000718600000| Untracked 
| 159|0x0000000718800000, 0x0000000718a00000, 0x0000000718a00000|100%| O|  |TAMS 0x0000000718800000| PB 0x0000000718800000| Untracked 
| 160|0x0000000718a00000, 0x0000000718c00000, 0x0000000718c00000|100%| O|  |TAMS 0x0000000718a00000| PB 0x0000000718a00000| Untracked 
| 161|0x0000000718c00000, 0x0000000718e00000, 0x0000000718e00000|100%| O|  |TAMS 0x0000000718c00000| PB 0x0000000718c00000| Untracked 
| 162|0x0000000718e00000, 0x0000000719000000, 0x0000000719000000|100%| O|Cm|TAMS 0x0000000718e00000| PB 0x0000000718e00000| Complete 
| 163|0x0000000719000000, 0x0000000719200000, 0x0000000719200000|100%| O|Cm|TAMS 0x0000000719000000| PB 0x0000000719000000| Complete 
| 164|0x0000000719200000, 0x0000000719400000, 0x0000000719400000|100%| O|  |TAMS 0x0000000719200000| PB 0x0000000719200000| Untracked 
| 165|0x0000000719400000, 0x0000000719600000, 0x0000000719600000|100%| O|  |TAMS 0x0000000719400000| PB 0x0000000719400000| Untracked 
| 166|0x0000000719600000, 0x0000000719800000, 0x0000000719800000|100%| O|Cm|TAMS 0x0000000719600000| PB 0x0000000719600000| Complete 
| 167|0x0000000719800000, 0x0000000719a00000, 0x0000000719a00000|100%| O|Cm|TAMS 0x0000000719800000| PB 0x0000000719800000| Complete 
| 168|0x0000000719a00000, 0x0000000719a00000, 0x0000000719c00000|  0%| F|  |TAMS 0x0000000719a00000| PB 0x0000000719a00000| Untracked 
| 169|0x0000000719c00000, 0x0000000719e00000, 0x0000000719e00000|100%| O|  |TAMS 0x0000000719c00000| PB 0x0000000719c00000| Untracked 
| 170|0x0000000719e00000, 0x0000000719e00000, 0x000000071a000000|  0%| F|  |TAMS 0x0000000719e00000| PB 0x0000000719e00000| Untracked 
| 171|0x000000071a000000, 0x000000071a200000, 0x000000071a200000|100%| O|Cm|TAMS 0x000000071a000000| PB 0x000000071a000000| Complete 
| 172|0x000000071a200000, 0x000000071a200000, 0x000000071a400000|  0%| F|  |TAMS 0x000000071a200000| PB 0x000000071a200000| Untracked 
| 173|0x000000071a400000, 0x000000071a400000, 0x000000071a600000|  0%| F|  |TAMS 0x000000071a400000| PB 0x000000071a400000| Untracked 
| 174|0x000000071a600000, 0x000000071a600000, 0x000000071a800000|  0%| F|  |TAMS 0x000000071a600000| PB 0x000000071a600000| Untracked 
| 175|0x000000071a800000, 0x000000071aa00000, 0x000000071aa00000|100%| O|Cm|TAMS 0x000000071a800000| PB 0x000000071a800000| Complete 
| 176|0x000000071aa00000, 0x000000071ac00000, 0x000000071ac00000|100%| O|Cm|TAMS 0x000000071aa00000| PB 0x000000071aa00000| Complete 
| 177|0x000000071ac00000, 0x000000071ae00000, 0x000000071ae00000|100%| O|  |TAMS 0x000000071ac00000| PB 0x000000071ac00000| Untracked 
| 178|0x000000071ae00000, 0x000000071b000000, 0x000000071b000000|100%| O|  |TAMS 0x000000071ae00000| PB 0x000000071ae00000| Untracked 
| 179|0x000000071b000000, 0x000000071b200000, 0x000000071b200000|100%| O|  |TAMS 0x000000071b000000| PB 0x000000071b000000| Untracked 
| 180|0x000000071b200000, 0x000000071b400000, 0x000000071b400000|100%| O|  |TAMS 0x000000071b200000| PB 0x000000071b200000| Untracked 
| 181|0x000000071b400000, 0x000000071b600000, 0x000000071b600000|100%| O|  |TAMS 0x000000071b400000| PB 0x000000071b400000| Untracked 
| 182|0x000000071b600000, 0x000000071b800000, 0x000000071b800000|100%| O|Cm|TAMS 0x000000071b600000| PB 0x000000071b600000| Complete 
| 183|0x000000071b800000, 0x000000071ba00000, 0x000000071ba00000|100%| O|  |TAMS 0x000000071b800000| PB 0x000000071b800000| Untracked 
| 184|0x000000071ba00000, 0x000000071bc00000, 0x000000071bc00000|100%| O|Cm|TAMS 0x000000071ba00000| PB 0x000000071ba00000| Complete 
| 185|0x000000071bc00000, 0x000000071be00000, 0x000000071be00000|100%| O|Cm|TAMS 0x000000071bc00000| PB 0x000000071bc00000| Complete 
| 186|0x000000071be00000, 0x000000071be00000, 0x000000071c000000|  0%| F|  |TAMS 0x000000071be00000| PB 0x000000071be00000| Untracked 
| 187|0x000000071c000000, 0x000000071c000000, 0x000000071c200000|  0%| F|  |TAMS 0x000000071c000000| PB 0x000000071c000000| Untracked 
| 188|0x000000071c200000, 0x000000071c200000, 0x000000071c400000|  0%| F|  |TAMS 0x000000071c200000| PB 0x000000071c200000| Untracked 
| 189|0x000000071c400000, 0x000000071c600000, 0x000000071c600000|100%| O|  |TAMS 0x000000071c400000| PB 0x000000071c400000| Untracked 
| 190|0x000000071c600000, 0x000000071c800000, 0x000000071c800000|100%| O|  |TAMS 0x000000071c600000| PB 0x000000071c600000| Untracked 
| 191|0x000000071c800000, 0x000000071ca00000, 0x000000071ca00000|100%| O|  |TAMS 0x000000071c800000| PB 0x000000071c800000| Untracked 
| 192|0x000000071ca00000, 0x000000071cc00000, 0x000000071cc00000|100%| O|  |TAMS 0x000000071ca00000| PB 0x000000071ca00000| Untracked 
| 193|0x000000071cc00000, 0x000000071ce00000, 0x000000071ce00000|100%| O|  |TAMS 0x000000071cc00000| PB 0x000000071cc00000| Untracked 
| 194|0x000000071ce00000, 0x000000071d000000, 0x000000071d000000|100%| O|Cm|TAMS 0x000000071ce00000| PB 0x000000071ce00000| Complete 
| 195|0x000000071d000000, 0x000000071d200000, 0x000000071d200000|100%| O|Cm|TAMS 0x000000071d000000| PB 0x000000071d000000| Complete 
| 196|0x000000071d200000, 0x000000071d400000, 0x000000071d400000|100%| O|Cm|TAMS 0x000000071d200000| PB 0x000000071d200000| Complete 
| 197|0x000000071d400000, 0x000000071d600000, 0x000000071d600000|100%| O|Cm|TAMS 0x000000071d400000| PB 0x000000071d400000| Complete 
| 198|0x000000071d600000, 0x000000071d600000, 0x000000071d800000|  0%| F|  |TAMS 0x000000071d600000| PB 0x000000071d600000| Untracked 
| 199|0x000000071d800000, 0x000000071da00000, 0x000000071da00000|100%| O|Cm|TAMS 0x000000071d800000| PB 0x000000071d800000| Complete 
| 200|0x000000071da00000, 0x000000071da00000, 0x000000071dc00000|  0%| F|  |TAMS 0x000000071da00000| PB 0x000000071da00000| Untracked 
| 201|0x000000071dc00000, 0x000000071de00000, 0x000000071de00000|100%| O|Cm|TAMS 0x000000071dc00000| PB 0x000000071dc00000| Complete 
| 202|0x000000071de00000, 0x000000071de00000, 0x000000071e000000|  0%| F|  |TAMS 0x000000071de00000| PB 0x000000071de00000| Untracked 
| 203|0x000000071e000000, 0x000000071e000000, 0x000000071e200000|  0%| F|  |TAMS 0x000000071e000000| PB 0x000000071e000000| Untracked 
| 204|0x000000071e200000, 0x000000071e200000, 0x000000071e400000|  0%| F|  |TAMS 0x000000071e200000| PB 0x000000071e200000| Untracked 
| 205|0x000000071e400000, 0x000000071e400000, 0x000000071e600000|  0%| F|  |TAMS 0x000000071e400000| PB 0x000000071e400000| Untracked 
| 206|0x000000071e600000, 0x000000071e600000, 0x000000071e800000|  0%| F|  |TAMS 0x000000071e600000| PB 0x000000071e600000| Untracked 
| 207|0x000000071e800000, 0x000000071e800000, 0x000000071ea00000|  0%| F|  |TAMS 0x000000071e800000| PB 0x000000071e800000| Untracked 
| 208|0x000000071ea00000, 0x000000071ea00000, 0x000000071ec00000|  0%| F|  |TAMS 0x000000071ea00000| PB 0x000000071ea00000| Untracked 
| 209|0x000000071ec00000, 0x000000071ec00000, 0x000000071ee00000|  0%| F|  |TAMS 0x000000071ec00000| PB 0x000000071ec00000| Untracked 
| 210|0x000000071ee00000, 0x000000071ee00000, 0x000000071f000000|  0%| F|  |TAMS 0x000000071ee00000| PB 0x000000071ee00000| Untracked 
| 211|0x000000071f000000, 0x000000071f200000, 0x000000071f200000|100%| O|  |TAMS 0x000000071f000000| PB 0x000000071f000000| Untracked 
| 212|0x000000071f200000, 0x000000071f400000, 0x000000071f400000|100%| O|  |TAMS 0x000000071f200000| PB 0x000000071f200000| Untracked 
| 213|0x000000071f400000, 0x000000071f600000, 0x000000071f600000|100%| O|  |TAMS 0x000000071f400000| PB 0x000000071f400000| Untracked 
| 214|0x000000071f600000, 0x000000071f800000, 0x000000071f800000|100%| O|  |TAMS 0x000000071f600000| PB 0x000000071f600000| Untracked 
| 215|0x000000071f800000, 0x000000071fa00000, 0x000000071fa00000|100%| O|  |TAMS 0x000000071f800000| PB 0x000000071f800000| Untracked 
| 216|0x000000071fa00000, 0x000000071fc00000, 0x000000071fc00000|100%| O|  |TAMS 0x000000071fa00000| PB 0x000000071fa00000| Untracked 
| 217|0x000000071fc00000, 0x000000071fe00000, 0x000000071fe00000|100%| O|  |TAMS 0x000000071fc00000| PB 0x000000071fc00000| Untracked 
| 218|0x000000071fe00000, 0x0000000720000000, 0x0000000720000000|100%| O|  |TAMS 0x000000071fe00000| PB 0x000000071fe00000| Untracked 
| 219|0x0000000720000000, 0x0000000720200000, 0x0000000720200000|100%| O|  |TAMS 0x0000000720000000| PB 0x0000000720000000| Untracked 
| 220|0x0000000720200000, 0x0000000720400000, 0x0000000720400000|100%| O|  |TAMS 0x0000000720200000| PB 0x0000000720200000| Untracked 
| 221|0x0000000720400000, 0x0000000720600000, 0x0000000720600000|100%| O|  |TAMS 0x0000000720400000| PB 0x0000000720400000| Untracked 
| 222|0x0000000720600000, 0x0000000720800000, 0x0000000720800000|100%| O|  |TAMS 0x0000000720600000| PB 0x0000000720600000| Untracked 
| 223|0x0000000720800000, 0x0000000720a00000, 0x0000000720a00000|100%| O|  |TAMS 0x0000000720800000| PB 0x0000000720800000| Untracked 
| 224|0x0000000720a00000, 0x0000000720c00000, 0x0000000720c00000|100%| O|  |TAMS 0x0000000720a00000| PB 0x0000000720a00000| Untracked 
| 225|0x0000000720c00000, 0x0000000720e00000, 0x0000000720e00000|100%| O|  |TAMS 0x0000000720c00000| PB 0x0000000720c00000| Untracked 
| 226|0x0000000720e00000, 0x0000000721000000, 0x0000000721000000|100%| O|  |TAMS 0x0000000720e00000| PB 0x0000000720e00000| Untracked 
| 227|0x0000000721000000, 0x0000000721200000, 0x0000000721200000|100%| O|  |TAMS 0x0000000721000000| PB 0x0000000721000000| Untracked 
| 228|0x0000000721200000, 0x0000000721400000, 0x0000000721400000|100%| O|  |TAMS 0x0000000721200000| PB 0x0000000721200000| Untracked 
| 229|0x0000000721400000, 0x0000000721600000, 0x0000000721600000|100%| O|  |TAMS 0x0000000721400000| PB 0x0000000721400000| Untracked 
| 230|0x0000000721600000, 0x0000000721800000, 0x0000000721800000|100%| O|  |TAMS 0x0000000721600000| PB 0x0000000721600000| Untracked 
| 231|0x0000000721800000, 0x0000000721a00000, 0x0000000721a00000|100%| O|  |TAMS 0x0000000721800000| PB 0x0000000721800000| Untracked 
| 232|0x0000000721a00000, 0x0000000721c00000, 0x0000000721c00000|100%| O|  |TAMS 0x0000000721a00000| PB 0x0000000721a00000| Untracked 
| 233|0x0000000721c00000, 0x0000000721e00000, 0x0000000721e00000|100%| O|  |TAMS 0x0000000721c00000| PB 0x0000000721c00000| Untracked 
| 234|0x0000000721e00000, 0x0000000722000000, 0x0000000722000000|100%| O|  |TAMS 0x0000000721e00000| PB 0x0000000721e00000| Untracked 
| 235|0x0000000722000000, 0x0000000722200000, 0x0000000722200000|100%| O|  |TAMS 0x0000000722000000| PB 0x0000000722000000| Untracked 
| 236|0x0000000722200000, 0x0000000722400000, 0x0000000722400000|100%| O|  |TAMS 0x0000000722200000| PB 0x0000000722200000| Untracked 
| 237|0x0000000722400000, 0x0000000722600000, 0x0000000722600000|100%| O|  |TAMS 0x0000000722400000| PB 0x0000000722400000| Untracked 
| 238|0x0000000722600000, 0x0000000722800000, 0x0000000722800000|100%| O|  |TAMS 0x0000000722600000| PB 0x0000000722600000| Untracked 
| 239|0x0000000722800000, 0x0000000722a00000, 0x0000000722a00000|100%| O|  |TAMS 0x0000000722800000| PB 0x0000000722800000| Untracked 
| 240|0x0000000722a00000, 0x0000000722c00000, 0x0000000722c00000|100%| O|  |TAMS 0x0000000722a00000| PB 0x0000000722a00000| Untracked 
| 241|0x0000000722c00000, 0x0000000722e00000, 0x0000000722e00000|100%| O|  |TAMS 0x0000000722c00000| PB 0x0000000722c00000| Untracked 
| 242|0x0000000722e00000, 0x0000000723000000, 0x0000000723000000|100%| O|  |TAMS 0x0000000722e00000| PB 0x0000000722e00000| Untracked 
| 243|0x0000000723000000, 0x0000000723200000, 0x0000000723200000|100%| O|  |TAMS 0x0000000723000000| PB 0x0000000723000000| Untracked 
| 244|0x0000000723200000, 0x0000000723400000, 0x0000000723400000|100%| O|  |TAMS 0x0000000723200000| PB 0x0000000723200000| Untracked 
| 245|0x0000000723400000, 0x0000000723600000, 0x0000000723600000|100%| O|  |TAMS 0x0000000723400000| PB 0x0000000723400000| Untracked 
| 246|0x0000000723600000, 0x0000000723800000, 0x0000000723800000|100%| O|  |TAMS 0x0000000723600000| PB 0x0000000723600000| Untracked 
| 247|0x0000000723800000, 0x0000000723a00000, 0x0000000723a00000|100%| O|  |TAMS 0x0000000723800000| PB 0x0000000723800000| Untracked 
| 248|0x0000000723a00000, 0x0000000723c00000, 0x0000000723c00000|100%| O|  |TAMS 0x0000000723a00000| PB 0x0000000723a00000| Untracked 
| 249|0x0000000723c00000, 0x0000000723e00000, 0x0000000723e00000|100%| O|  |TAMS 0x0000000723c00000| PB 0x0000000723c00000| Untracked 
| 250|0x0000000723e00000, 0x0000000723e00000, 0x0000000724000000|  0%| F|  |TAMS 0x0000000723e00000| PB 0x0000000723e00000| Untracked 
| 251|0x0000000724000000, 0x0000000724000000, 0x0000000724200000|  0%| F|  |TAMS 0x0000000724000000| PB 0x0000000724000000| Untracked 
| 252|0x0000000724200000, 0x0000000724200000, 0x0000000724400000|  0%| F|  |TAMS 0x0000000724200000| PB 0x0000000724200000| Untracked 
| 253|0x0000000724400000, 0x0000000724400000, 0x0000000724600000|  0%| F|  |TAMS 0x0000000724400000| PB 0x0000000724400000| Untracked 
| 254|0x0000000724600000, 0x0000000724600000, 0x0000000724800000|  0%| F|  |TAMS 0x0000000724600000| PB 0x0000000724600000| Untracked 
| 255|0x0000000724800000, 0x0000000724800000, 0x0000000724a00000|  0%| F|  |TAMS 0x0000000724800000| PB 0x0000000724800000| Untracked 
| 256|0x0000000724a00000, 0x0000000724c00000, 0x0000000724c00000|100%| O|Cm|TAMS 0x0000000724a00000| PB 0x0000000724a00000| Complete 
| 257|0x0000000724c00000, 0x0000000724c00000, 0x0000000724e00000|  0%| F|  |TAMS 0x0000000724c00000| PB 0x0000000724c00000| Untracked 
| 258|0x0000000724e00000, 0x0000000724e00000, 0x0000000725000000|  0%| F|  |TAMS 0x0000000724e00000| PB 0x0000000724e00000| Untracked 
| 259|0x0000000725000000, 0x0000000725000000, 0x0000000725200000|  0%| F|  |TAMS 0x0000000725000000| PB 0x0000000725000000| Untracked 
| 260|0x0000000725200000, 0x0000000725200000, 0x0000000725400000|  0%| F|  |TAMS 0x0000000725200000| PB 0x0000000725200000| Untracked 
| 261|0x0000000725400000, 0x0000000725400000, 0x0000000725600000|  0%| F|  |TAMS 0x0000000725400000| PB 0x0000000725400000| Untracked 
| 262|0x0000000725600000, 0x0000000725600000, 0x0000000725800000|  0%| F|  |TAMS 0x0000000725600000| PB 0x0000000725600000| Untracked 
| 263|0x0000000725800000, 0x0000000725800000, 0x0000000725a00000|  0%| F|  |TAMS 0x0000000725800000| PB 0x0000000725800000| Untracked 
| 264|0x0000000725a00000, 0x0000000725a00000, 0x0000000725c00000|  0%| F|  |TAMS 0x0000000725a00000| PB 0x0000000725a00000| Untracked 
| 265|0x0000000725c00000, 0x0000000725c00000, 0x0000000725e00000|  0%| F|  |TAMS 0x0000000725c00000| PB 0x0000000725c00000| Untracked 
| 266|0x0000000725e00000, 0x0000000726000000, 0x0000000726000000|100%| O|  |TAMS 0x0000000725e00000| PB 0x0000000725e00000| Untracked 
| 267|0x0000000726000000, 0x0000000726200000, 0x0000000726200000|100%| O|  |TAMS 0x0000000726000000| PB 0x0000000726000000| Untracked 
| 268|0x0000000726200000, 0x0000000726400000, 0x0000000726400000|100%| O|  |TAMS 0x0000000726200000| PB 0x0000000726200000| Untracked 
| 269|0x0000000726400000, 0x0000000726600000, 0x0000000726600000|100%| O|  |TAMS 0x0000000726400000| PB 0x0000000726400000| Untracked 
| 270|0x0000000726600000, 0x0000000726800000, 0x0000000726800000|100%| O|  |TAMS 0x0000000726600000| PB 0x0000000726600000| Untracked 
| 271|0x0000000726800000, 0x0000000726a00000, 0x0000000726a00000|100%| O|  |TAMS 0x0000000726800000| PB 0x0000000726800000| Untracked 
| 272|0x0000000726a00000, 0x0000000726c00000, 0x0000000726c00000|100%| O|  |TAMS 0x0000000726a00000| PB 0x0000000726a00000| Untracked 
| 273|0x0000000726c00000, 0x0000000726e00000, 0x0000000726e00000|100%| O|  |TAMS 0x0000000726c00000| PB 0x0000000726c00000| Untracked 
| 274|0x0000000726e00000, 0x0000000727000000, 0x0000000727000000|100%| O|  |TAMS 0x0000000726e00000| PB 0x0000000726e00000| Untracked 
| 275|0x0000000727000000, 0x0000000727200000, 0x0000000727200000|100%| O|  |TAMS 0x0000000727000000| PB 0x0000000727000000| Untracked 
| 276|0x0000000727200000, 0x0000000727400000, 0x0000000727400000|100%| O|  |TAMS 0x0000000727200000| PB 0x0000000727200000| Untracked 
| 277|0x0000000727400000, 0x0000000727600000, 0x0000000727600000|100%| O|  |TAMS 0x0000000727400000| PB 0x0000000727400000| Untracked 
| 278|0x0000000727600000, 0x0000000727800000, 0x0000000727800000|100%| O|  |TAMS 0x0000000727600000| PB 0x0000000727600000| Untracked 
| 279|0x0000000727800000, 0x0000000727a00000, 0x0000000727a00000|100%| O|  |TAMS 0x0000000727800000| PB 0x0000000727800000| Untracked 
| 280|0x0000000727a00000, 0x0000000727c00000, 0x0000000727c00000|100%| O|  |TAMS 0x0000000727a00000| PB 0x0000000727a00000| Untracked 
| 281|0x0000000727c00000, 0x0000000727e00000, 0x0000000727e00000|100%| O|  |TAMS 0x0000000727c00000| PB 0x0000000727c00000| Untracked 
| 282|0x0000000727e00000, 0x0000000728000000, 0x0000000728000000|100%| O|  |TAMS 0x0000000727e00000| PB 0x0000000727e00000| Untracked 
| 283|0x0000000728000000, 0x0000000728200000, 0x0000000728200000|100%| O|  |TAMS 0x0000000728000000| PB 0x0000000728000000| Untracked 
| 284|0x0000000728200000, 0x0000000728400000, 0x0000000728400000|100%| O|  |TAMS 0x0000000728200000| PB 0x0000000728200000| Untracked 
| 285|0x0000000728400000, 0x0000000728600000, 0x0000000728600000|100%| O|  |TAMS 0x0000000728400000| PB 0x0000000728400000| Untracked 
| 286|0x0000000728600000, 0x0000000728800000, 0x0000000728800000|100%| O|  |TAMS 0x0000000728600000| PB 0x0000000728600000| Untracked 
| 287|0x0000000728800000, 0x0000000728a00000, 0x0000000728a00000|100%| O|  |TAMS 0x0000000728800000| PB 0x0000000728800000| Untracked 
| 288|0x0000000728a00000, 0x0000000728c00000, 0x0000000728c00000|100%| O|  |TAMS 0x0000000728a00000| PB 0x0000000728a00000| Untracked 
| 289|0x0000000728c00000, 0x0000000728e00000, 0x0000000728e00000|100%| O|  |TAMS 0x0000000728c00000| PB 0x0000000728c00000| Untracked 
| 290|0x0000000728e00000, 0x0000000729000000, 0x0000000729000000|100%| O|  |TAMS 0x0000000728e00000| PB 0x0000000728e00000| Untracked 
| 291|0x0000000729000000, 0x0000000729200000, 0x0000000729200000|100%| O|  |TAMS 0x0000000729000000| PB 0x0000000729000000| Untracked 
| 292|0x0000000729200000, 0x0000000729400000, 0x0000000729400000|100%| O|  |TAMS 0x0000000729200000| PB 0x0000000729200000| Untracked 
| 293|0x0000000729400000, 0x0000000729600000, 0x0000000729600000|100%| O|  |TAMS 0x0000000729400000| PB 0x0000000729400000| Untracked 
| 294|0x0000000729600000, 0x0000000729800000, 0x0000000729800000|100%| O|  |TAMS 0x0000000729600000| PB 0x0000000729600000| Untracked 
| 295|0x0000000729800000, 0x0000000729a00000, 0x0000000729a00000|100%| O|  |TAMS 0x0000000729800000| PB 0x0000000729800000| Untracked 
| 296|0x0000000729a00000, 0x0000000729c00000, 0x0000000729c00000|100%| O|  |TAMS 0x0000000729a00000| PB 0x0000000729a00000| Untracked 
| 297|0x0000000729c00000, 0x0000000729e00000, 0x0000000729e00000|100%| O|  |TAMS 0x0000000729c00000| PB 0x0000000729c00000| Untracked 
| 298|0x0000000729e00000, 0x000000072a000000, 0x000000072a000000|100%| O|  |TAMS 0x0000000729e00000| PB 0x0000000729e00000| Untracked 
| 299|0x000000072a000000, 0x000000072a200000, 0x000000072a200000|100%| O|  |TAMS 0x000000072a000000| PB 0x000000072a000000| Untracked 
| 300|0x000000072a200000, 0x000000072a400000, 0x000000072a400000|100%| O|  |TAMS 0x000000072a200000| PB 0x000000072a200000| Untracked 
| 301|0x000000072a400000, 0x000000072a600000, 0x000000072a600000|100%| O|  |TAMS 0x000000072a400000| PB 0x000000072a400000| Untracked 
| 302|0x000000072a600000, 0x000000072a800000, 0x000000072a800000|100%| O|  |TAMS 0x000000072a600000| PB 0x000000072a600000| Untracked 
| 303|0x000000072a800000, 0x000000072aa00000, 0x000000072aa00000|100%|HS|  |TAMS 0x000000072a800000| PB 0x000000072a800000| Complete 
| 304|0x000000072aa00000, 0x000000072ac00000, 0x000000072ac00000|100%|HC|  |TAMS 0x000000072aa00000| PB 0x000000072aa00000| Complete 
| 305|0x000000072ac00000, 0x000000072ae00000, 0x000000072ae00000|100%|HC|  |TAMS 0x000000072ac00000| PB 0x000000072ac00000| Complete 
| 306|0x000000072ae00000, 0x000000072b000000, 0x000000072b000000|100%|HC|  |TAMS 0x000000072ae00000| PB 0x000000072ae00000| Complete 
| 307|0x000000072b000000, 0x000000072b200000, 0x000000072b200000|100%| O|  |TAMS 0x000000072b000000| PB 0x000000072b000000| Untracked 
| 308|0x000000072b200000, 0x000000072b400000, 0x000000072b400000|100%| O|  |TAMS 0x000000072b200000| PB 0x000000072b200000| Untracked 
| 309|0x000000072b400000, 0x000000072b600000, 0x000000072b600000|100%| O|  |TAMS 0x000000072b400000| PB 0x000000072b400000| Untracked 
| 310|0x000000072b600000, 0x000000072b800000, 0x000000072b800000|100%| O|  |TAMS 0x000000072b600000| PB 0x000000072b600000| Untracked 
| 311|0x000000072b800000, 0x000000072ba00000, 0x000000072ba00000|100%| O|  |TAMS 0x000000072b800000| PB 0x000000072b800000| Untracked 
| 312|0x000000072ba00000, 0x000000072bc00000, 0x000000072bc00000|100%| O|  |TAMS 0x000000072ba00000| PB 0x000000072ba00000| Untracked 
| 313|0x000000072bc00000, 0x000000072be00000, 0x000000072be00000|100%| O|  |TAMS 0x000000072bc00000| PB 0x000000072bc00000| Untracked 
| 314|0x000000072be00000, 0x000000072c000000, 0x000000072c000000|100%| O|  |TAMS 0x000000072be00000| PB 0x000000072be00000| Untracked 
| 315|0x000000072c000000, 0x000000072c200000, 0x000000072c200000|100%| O|  |TAMS 0x000000072c000000| PB 0x000000072c000000| Untracked 
| 316|0x000000072c200000, 0x000000072c400000, 0x000000072c400000|100%| O|  |TAMS 0x000000072c200000| PB 0x000000072c200000| Untracked 
| 317|0x000000072c400000, 0x000000072c600000, 0x000000072c600000|100%| O|  |TAMS 0x000000072c400000| PB 0x000000072c400000| Untracked 
| 318|0x000000072c600000, 0x000000072c800000, 0x000000072c800000|100%| O|  |TAMS 0x000000072c600000| PB 0x000000072c600000| Untracked 
| 319|0x000000072c800000, 0x000000072ca00000, 0x000000072ca00000|100%| O|  |TAMS 0x000000072c800000| PB 0x000000072c800000| Untracked 
| 320|0x000000072ca00000, 0x000000072cc00000, 0x000000072cc00000|100%| O|  |TAMS 0x000000072ca00000| PB 0x000000072ca00000| Untracked 
| 321|0x000000072cc00000, 0x000000072ce00000, 0x000000072ce00000|100%| O|  |TAMS 0x000000072cc00000| PB 0x000000072cc00000| Untracked 
| 322|0x000000072ce00000, 0x000000072d000000, 0x000000072d000000|100%| O|  |TAMS 0x000000072ce00000| PB 0x000000072ce00000| Untracked 
| 323|0x000000072d000000, 0x000000072d200000, 0x000000072d200000|100%| O|  |TAMS 0x000000072d000000| PB 0x000000072d000000| Untracked 
| 324|0x000000072d200000, 0x000000072d400000, 0x000000072d400000|100%|HS|  |TAMS 0x000000072d200000| PB 0x000000072d200000| Complete 
| 325|0x000000072d400000, 0x000000072d600000, 0x000000072d600000|100%|HC|  |TAMS 0x000000072d400000| PB 0x000000072d400000| Complete 
| 326|0x000000072d600000, 0x000000072d800000, 0x000000072d800000|100%|HC|  |TAMS 0x000000072d600000| PB 0x000000072d600000| Complete 
| 327|0x000000072d800000, 0x000000072da00000, 0x000000072da00000|100%|HC|  |TAMS 0x000000072d800000| PB 0x000000072d800000| Complete 
| 328|0x000000072da00000, 0x000000072dc00000, 0x000000072dc00000|100%|HC|  |TAMS 0x000000072da00000| PB 0x000000072da00000| Complete 
| 329|0x000000072dc00000, 0x000000072de00000, 0x000000072de00000|100%|HC|  |TAMS 0x000000072dc00000| PB 0x000000072dc00000| Complete 
| 330|0x000000072de00000, 0x000000072e000000, 0x000000072e000000|100%|HC|  |TAMS 0x000000072de00000| PB 0x000000072de00000| Complete 
| 331|0x000000072e000000, 0x000000072e200000, 0x000000072e200000|100%|HC|  |TAMS 0x000000072e000000| PB 0x000000072e000000| Complete 
| 332|0x000000072e200000, 0x000000072e400000, 0x000000072e400000|100%|HC|  |TAMS 0x000000072e200000| PB 0x000000072e200000| Complete 
| 333|0x000000072e400000, 0x000000072e600000, 0x000000072e600000|100%|HC|  |TAMS 0x000000072e400000| PB 0x000000072e400000| Complete 
| 334|0x000000072e600000, 0x000000072e800000, 0x000000072e800000|100%|HC|  |TAMS 0x000000072e600000| PB 0x000000072e600000| Complete 
| 335|0x000000072e800000, 0x000000072ea00000, 0x000000072ea00000|100%|HC|  |TAMS 0x000000072e800000| PB 0x000000072e800000| Complete 
| 336|0x000000072ea00000, 0x000000072ec00000, 0x000000072ec00000|100%|HC|  |TAMS 0x000000072ea00000| PB 0x000000072ea00000| Complete 
| 337|0x000000072ec00000, 0x000000072ee00000, 0x000000072ee00000|100%|HC|  |TAMS 0x000000072ec00000| PB 0x000000072ec00000| Complete 
| 338|0x000000072ee00000, 0x000000072f000000, 0x000000072f000000|100%|HC|  |TAMS 0x000000072ee00000| PB 0x000000072ee00000| Complete 
| 339|0x000000072f000000, 0x000000072f200000, 0x000000072f200000|100%|HC|  |TAMS 0x000000072f000000| PB 0x000000072f000000| Complete 
| 340|0x000000072f200000, 0x000000072f400000, 0x000000072f400000|100%|HC|  |TAMS 0x000000072f200000| PB 0x000000072f200000| Complete 
| 341|0x000000072f400000, 0x000000072f600000, 0x000000072f600000|100%|HC|  |TAMS 0x000000072f400000| PB 0x000000072f400000| Complete 
| 342|0x000000072f600000, 0x000000072f800000, 0x000000072f800000|100%|HC|  |TAMS 0x000000072f600000| PB 0x000000072f600000| Complete 
| 343|0x000000072f800000, 0x000000072fa00000, 0x000000072fa00000|100%|HC|  |TAMS 0x000000072f800000| PB 0x000000072f800000| Complete 
| 344|0x000000072fa00000, 0x000000072fc00000, 0x000000072fc00000|100%|HC|  |TAMS 0x000000072fa00000| PB 0x000000072fa00000| Complete 
| 345|0x000000072fc00000, 0x000000072fe00000, 0x000000072fe00000|100%|HC|  |TAMS 0x000000072fc00000| PB 0x000000072fc00000| Complete 
| 346|0x000000072fe00000, 0x0000000730000000, 0x0000000730000000|100%|HC|  |TAMS 0x000000072fe00000| PB 0x000000072fe00000| Complete 
| 347|0x0000000730000000, 0x0000000730200000, 0x0000000730200000|100%|HC|  |TAMS 0x0000000730000000| PB 0x0000000730000000| Complete 
| 348|0x0000000730200000, 0x0000000730400000, 0x0000000730400000|100%|HC|  |TAMS 0x0000000730200000| PB 0x0000000730200000| Complete 
| 349|0x0000000730400000, 0x0000000730600000, 0x0000000730600000|100%|HC|  |TAMS 0x0000000730400000| PB 0x0000000730400000| Complete 
| 350|0x0000000730600000, 0x0000000730800000, 0x0000000730800000|100%|HC|  |TAMS 0x0000000730600000| PB 0x0000000730600000| Complete 
| 351|0x0000000730800000, 0x0000000730a00000, 0x0000000730a00000|100%|HC|  |TAMS 0x0000000730800000| PB 0x0000000730800000| Complete 
| 352|0x0000000730a00000, 0x0000000730c00000, 0x0000000730c00000|100%|HC|  |TAMS 0x0000000730a00000| PB 0x0000000730a00000| Complete 
| 353|0x0000000730c00000, 0x0000000730e00000, 0x0000000730e00000|100%|HC|  |TAMS 0x0000000730c00000| PB 0x0000000730c00000| Complete 
| 354|0x0000000730e00000, 0x0000000731000000, 0x0000000731000000|100%|HC|  |TAMS 0x0000000730e00000| PB 0x0000000730e00000| Complete 
| 355|0x0000000731000000, 0x0000000731200000, 0x0000000731200000|100%|HC|  |TAMS 0x0000000731000000| PB 0x0000000731000000| Complete 
| 356|0x0000000731200000, 0x0000000731400000, 0x0000000731400000|100%|HC|  |TAMS 0x0000000731200000| PB 0x0000000731200000| Complete 
| 357|0x0000000731400000, 0x0000000731600000, 0x0000000731600000|100%|HC|  |TAMS 0x0000000731400000| PB 0x0000000731400000| Complete 
| 358|0x0000000731600000, 0x0000000731800000, 0x0000000731800000|100%|HC|  |TAMS 0x0000000731600000| PB 0x0000000731600000| Complete 
| 359|0x0000000731800000, 0x0000000731a00000, 0x0000000731a00000|100%|HC|  |TAMS 0x0000000731800000| PB 0x0000000731800000| Complete 
| 360|0x0000000731a00000, 0x0000000731c00000, 0x0000000731c00000|100%|HC|  |TAMS 0x0000000731a00000| PB 0x0000000731a00000| Complete 
| 361|0x0000000731c00000, 0x0000000731e00000, 0x0000000731e00000|100%|HC|  |TAMS 0x0000000731c00000| PB 0x0000000731c00000| Complete 
| 362|0x0000000731e00000, 0x0000000732000000, 0x0000000732000000|100%|HC|  |TAMS 0x0000000731e00000| PB 0x0000000731e00000| Complete 
| 363|0x0000000732000000, 0x0000000732200000, 0x0000000732200000|100%|HC|  |TAMS 0x0000000732000000| PB 0x0000000732000000| Complete 
| 364|0x0000000732200000, 0x0000000732400000, 0x0000000732400000|100%|HC|  |TAMS 0x0000000732200000| PB 0x0000000732200000| Complete 
| 365|0x0000000732400000, 0x0000000732600000, 0x0000000732600000|100%|HC|  |TAMS 0x0000000732400000| PB 0x0000000732400000| Complete 
| 366|0x0000000732600000, 0x0000000732800000, 0x0000000732800000|100%|HC|  |TAMS 0x0000000732600000| PB 0x0000000732600000| Complete 
| 367|0x0000000732800000, 0x0000000732a00000, 0x0000000732a00000|100%|HC|  |TAMS 0x0000000732800000| PB 0x0000000732800000| Complete 
| 368|0x0000000732a00000, 0x0000000732c00000, 0x0000000732c00000|100%|HC|  |TAMS 0x0000000732a00000| PB 0x0000000732a00000| Complete 
| 369|0x0000000732c00000, 0x0000000732e00000, 0x0000000732e00000|100%|HC|  |TAMS 0x0000000732c00000| PB 0x0000000732c00000| Complete 
| 370|0x0000000732e00000, 0x0000000733000000, 0x0000000733000000|100%|HC|  |TAMS 0x0000000732e00000| PB 0x0000000732e00000| Complete 
| 371|0x0000000733000000, 0x0000000733200000, 0x0000000733200000|100%|HC|  |TAMS 0x0000000733000000| PB 0x0000000733000000| Complete 
| 372|0x0000000733200000, 0x0000000733400000, 0x0000000733400000|100%|HC|  |TAMS 0x0000000733200000| PB 0x0000000733200000| Complete 
| 373|0x0000000733400000, 0x0000000733600000, 0x0000000733600000|100%|HC|  |TAMS 0x0000000733400000| PB 0x0000000733400000| Complete 
| 374|0x0000000733600000, 0x0000000733800000, 0x0000000733800000|100%|HC|  |TAMS 0x0000000733600000| PB 0x0000000733600000| Complete 
| 375|0x0000000733800000, 0x0000000733a00000, 0x0000000733a00000|100%|HC|  |TAMS 0x0000000733800000| PB 0x0000000733800000| Complete 
| 376|0x0000000733a00000, 0x0000000733c00000, 0x0000000733c00000|100%|HC|  |TAMS 0x0000000733a00000| PB 0x0000000733a00000| Complete 
| 377|0x0000000733c00000, 0x0000000733e00000, 0x0000000733e00000|100%|HC|  |TAMS 0x0000000733c00000| PB 0x0000000733c00000| Complete 
| 378|0x0000000733e00000, 0x0000000734000000, 0x0000000734000000|100%|HC|  |TAMS 0x0000000733e00000| PB 0x0000000733e00000| Complete 
| 379|0x0000000734000000, 0x0000000734200000, 0x0000000734200000|100%|HC|  |TAMS 0x0000000734000000| PB 0x0000000734000000| Complete 
| 380|0x0000000734200000, 0x0000000734400000, 0x0000000734400000|100%|HC|  |TAMS 0x0000000734200000| PB 0x0000000734200000| Complete 
| 381|0x0000000734400000, 0x0000000734600000, 0x0000000734600000|100%|HC|  |TAMS 0x0000000734400000| PB 0x0000000734400000| Complete 
| 382|0x0000000734600000, 0x0000000734800000, 0x0000000734800000|100%| O|  |TAMS 0x0000000734600000| PB 0x0000000734600000| Untracked 
| 383|0x0000000734800000, 0x0000000734a00000, 0x0000000734a00000|100%| O|  |TAMS 0x0000000734800000| PB 0x0000000734800000| Untracked 
| 384|0x0000000734a00000, 0x0000000734c00000, 0x0000000734c00000|100%| O|  |TAMS 0x0000000734a00000| PB 0x0000000734a00000| Untracked 
| 385|0x0000000734c00000, 0x0000000734e00000, 0x0000000734e00000|100%| O|  |TAMS 0x0000000734c00000| PB 0x0000000734c00000| Untracked 
| 386|0x0000000734e00000, 0x0000000735000000, 0x0000000735000000|100%| O|  |TAMS 0x0000000734e00000| PB 0x0000000734e00000| Untracked 
| 387|0x0000000735000000, 0x0000000735200000, 0x0000000735200000|100%| O|  |TAMS 0x0000000735000000| PB 0x0000000735000000| Untracked 
| 388|0x0000000735200000, 0x0000000735400000, 0x0000000735400000|100%| O|  |TAMS 0x0000000735200000| PB 0x0000000735200000| Untracked 
| 389|0x0000000735400000, 0x0000000735600000, 0x0000000735600000|100%| O|  |TAMS 0x0000000735400000| PB 0x0000000735400000| Untracked 
| 390|0x0000000735600000, 0x0000000735800000, 0x0000000735800000|100%| O|  |TAMS 0x0000000735600000| PB 0x0000000735600000| Untracked 
| 391|0x0000000735800000, 0x0000000735a00000, 0x0000000735a00000|100%| O|  |TAMS 0x0000000735800000| PB 0x0000000735800000| Untracked 
| 392|0x0000000735a00000, 0x0000000735c00000, 0x0000000735c00000|100%| O|  |TAMS 0x0000000735a00000| PB 0x0000000735a00000| Untracked 
| 393|0x0000000735c00000, 0x0000000735e00000, 0x0000000735e00000|100%| O|  |TAMS 0x0000000735c00000| PB 0x0000000735c00000| Untracked 
| 394|0x0000000735e00000, 0x0000000736000000, 0x0000000736000000|100%| O|  |TAMS 0x0000000735e00000| PB 0x0000000735e00000| Untracked 
| 395|0x0000000736000000, 0x0000000736200000, 0x0000000736200000|100%| O|  |TAMS 0x0000000736000000| PB 0x0000000736000000| Untracked 
| 396|0x0000000736200000, 0x0000000736400000, 0x0000000736400000|100%| O|  |TAMS 0x0000000736200000| PB 0x0000000736200000| Untracked 
| 397|0x0000000736400000, 0x0000000736600000, 0x0000000736600000|100%| O|  |TAMS 0x0000000736400000| PB 0x0000000736400000| Untracked 
| 398|0x0000000736600000, 0x0000000736800000, 0x0000000736800000|100%| O|  |TAMS 0x0000000736600000| PB 0x0000000736600000| Untracked 
| 399|0x0000000736800000, 0x0000000736a00000, 0x0000000736a00000|100%| O|  |TAMS 0x0000000736800000| PB 0x0000000736800000| Untracked 
| 400|0x0000000736a00000, 0x0000000736c00000, 0x0000000736c00000|100%| O|  |TAMS 0x0000000736a00000| PB 0x0000000736a00000| Untracked 
| 401|0x0000000736c00000, 0x0000000736e00000, 0x0000000736e00000|100%| O|  |TAMS 0x0000000736c00000| PB 0x0000000736c00000| Untracked 
| 402|0x0000000736e00000, 0x0000000737000000, 0x0000000737000000|100%| O|  |TAMS 0x0000000736e00000| PB 0x0000000736e00000| Untracked 
| 403|0x0000000737000000, 0x00000007371e8580, 0x0000000737200000| 95%| O|  |TAMS 0x0000000737000000| PB 0x0000000737000000| Untracked 
| 404|0x0000000737200000, 0x0000000737400000, 0x0000000737400000|100%|HS|  |TAMS 0x0000000737200000| PB 0x0000000737200000| Complete 
| 405|0x0000000737400000, 0x0000000737600000, 0x0000000737600000|100%|HC|  |TAMS 0x0000000737400000| PB 0x0000000737400000| Complete 
| 406|0x0000000737600000, 0x0000000737800000, 0x0000000737800000|100%|HC|  |TAMS 0x0000000737600000| PB 0x0000000737600000| Complete 
| 407|0x0000000737800000, 0x0000000737a00000, 0x0000000737a00000|100%|HC|  |TAMS 0x0000000737800000| PB 0x0000000737800000| Complete 
| 408|0x0000000737a00000, 0x0000000737c00000, 0x0000000737c00000|100%|HC|  |TAMS 0x0000000737a00000| PB 0x0000000737a00000| Complete 
| 409|0x0000000737c00000, 0x0000000737e00000, 0x0000000737e00000|100%|HC|  |TAMS 0x0000000737c00000| PB 0x0000000737c00000| Complete 
| 410|0x0000000737e00000, 0x0000000738000000, 0x0000000738000000|100%|HC|  |TAMS 0x0000000737e00000| PB 0x0000000737e00000| Complete 
| 411|0x0000000738000000, 0x0000000738200000, 0x0000000738200000|100%|HC|  |TAMS 0x0000000738000000| PB 0x0000000738000000| Complete 
| 412|0x0000000738200000, 0x0000000738400000, 0x0000000738400000|100%|HC|  |TAMS 0x0000000738200000| PB 0x0000000738200000| Complete 
| 413|0x0000000738400000, 0x0000000738600000, 0x0000000738600000|100%|HC|  |TAMS 0x0000000738400000| PB 0x0000000738400000| Complete 
| 414|0x0000000738600000, 0x0000000738800000, 0x0000000738800000|100%|HC|  |TAMS 0x0000000738600000| PB 0x0000000738600000| Complete 
| 415|0x0000000738800000, 0x0000000738a00000, 0x0000000738a00000|100%|HC|  |TAMS 0x0000000738800000| PB 0x0000000738800000| Complete 
| 416|0x0000000738a00000, 0x0000000738c00000, 0x0000000738c00000|100%|HC|  |TAMS 0x0000000738a00000| PB 0x0000000738a00000| Complete 
| 417|0x0000000738c00000, 0x0000000738e00000, 0x0000000738e00000|100%|HC|  |TAMS 0x0000000738c00000| PB 0x0000000738c00000| Complete 
| 418|0x0000000738e00000, 0x0000000739000000, 0x0000000739000000|100%|HC|  |TAMS 0x0000000738e00000| PB 0x0000000738e00000| Complete 
| 419|0x0000000739000000, 0x0000000739200000, 0x0000000739200000|100%|HC|  |TAMS 0x0000000739000000| PB 0x0000000739000000| Complete 
| 420|0x0000000739200000, 0x0000000739400000, 0x0000000739400000|100%|HC|  |TAMS 0x0000000739200000| PB 0x0000000739200000| Complete 
| 421|0x0000000739400000, 0x0000000739600000, 0x0000000739600000|100%|HC|  |TAMS 0x0000000739400000| PB 0x0000000739400000| Complete 
| 422|0x0000000739600000, 0x0000000739800000, 0x0000000739800000|100%|HC|  |TAMS 0x0000000739600000| PB 0x0000000739600000| Complete 
| 423|0x0000000739800000, 0x0000000739a00000, 0x0000000739a00000|100%|HC|  |TAMS 0x0000000739800000| PB 0x0000000739800000| Complete 
| 424|0x0000000739a00000, 0x0000000739c00000, 0x0000000739c00000|100%|HC|  |TAMS 0x0000000739a00000| PB 0x0000000739a00000| Complete 
| 425|0x0000000739c00000, 0x0000000739e00000, 0x0000000739e00000|100%|HC|  |TAMS 0x0000000739c00000| PB 0x0000000739c00000| Complete 
| 426|0x0000000739e00000, 0x000000073a000000, 0x000000073a000000|100%|HC|  |TAMS 0x0000000739e00000| PB 0x0000000739e00000| Complete 
| 427|0x000000073a000000, 0x000000073a200000, 0x000000073a200000|100%|HC|  |TAMS 0x000000073a000000| PB 0x000000073a000000| Complete 
| 428|0x000000073a200000, 0x000000073a400000, 0x000000073a400000|100%|HC|  |TAMS 0x000000073a200000| PB 0x000000073a200000| Complete 
| 429|0x000000073a400000, 0x000000073a600000, 0x000000073a600000|100%|HC|  |TAMS 0x000000073a400000| PB 0x000000073a400000| Complete 
| 430|0x000000073a600000, 0x000000073a800000, 0x000000073a800000|100%|HC|  |TAMS 0x000000073a600000| PB 0x000000073a600000| Complete 
| 431|0x000000073a800000, 0x000000073aa00000, 0x000000073aa00000|100%|HC|  |TAMS 0x000000073a800000| PB 0x000000073a800000| Complete 
| 432|0x000000073aa00000, 0x000000073ac00000, 0x000000073ac00000|100%|HC|  |TAMS 0x000000073aa00000| PB 0x000000073aa00000| Complete 
| 433|0x000000073ac00000, 0x000000073ae00000, 0x000000073ae00000|100%|HC|  |TAMS 0x000000073ac00000| PB 0x000000073ac00000| Complete 
| 434|0x000000073ae00000, 0x000000073b000000, 0x000000073b000000|100%|HC|  |TAMS 0x000000073ae00000| PB 0x000000073ae00000| Complete 
| 435|0x000000073b000000, 0x000000073b200000, 0x000000073b200000|100%|HC|  |TAMS 0x000000073b000000| PB 0x000000073b000000| Complete 
| 436|0x000000073b200000, 0x000000073b400000, 0x000000073b400000|100%|HC|  |TAMS 0x000000073b200000| PB 0x000000073b200000| Complete 
| 437|0x000000073b400000, 0x000000073b600000, 0x000000073b600000|100%|HC|  |TAMS 0x000000073b400000| PB 0x000000073b400000| Complete 
| 438|0x000000073b600000, 0x000000073b800000, 0x000000073b800000|100%|HC|  |TAMS 0x000000073b600000| PB 0x000000073b600000| Complete 
| 439|0x000000073b800000, 0x000000073ba00000, 0x000000073ba00000|100%|HC|  |TAMS 0x000000073b800000| PB 0x000000073b800000| Complete 
| 440|0x000000073ba00000, 0x000000073bc00000, 0x000000073bc00000|100%|HC|  |TAMS 0x000000073ba00000| PB 0x000000073ba00000| Complete 
| 441|0x000000073bc00000, 0x000000073be00000, 0x000000073be00000|100%|HC|  |TAMS 0x000000073bc00000| PB 0x000000073bc00000| Complete 
| 442|0x000000073be00000, 0x000000073c000000, 0x000000073c000000|100%|HC|  |TAMS 0x000000073be00000| PB 0x000000073be00000| Complete 
| 443|0x000000073c000000, 0x000000073c200000, 0x000000073c200000|100%|HC|  |TAMS 0x000000073c000000| PB 0x000000073c000000| Complete 
| 444|0x000000073c200000, 0x000000073c400000, 0x000000073c400000|100%|HC|  |TAMS 0x000000073c200000| PB 0x000000073c200000| Complete 
| 445|0x000000073c400000, 0x000000073c600000, 0x000000073c600000|100%|HC|  |TAMS 0x000000073c400000| PB 0x000000073c400000| Complete 
| 446|0x000000073c600000, 0x000000073c800000, 0x000000073c800000|100%|HC|  |TAMS 0x000000073c600000| PB 0x000000073c600000| Complete 
| 447|0x000000073c800000, 0x000000073ca00000, 0x000000073ca00000|100%|HC|  |TAMS 0x000000073c800000| PB 0x000000073c800000| Complete 
| 448|0x000000073ca00000, 0x000000073cc00000, 0x000000073cc00000|100%|HC|  |TAMS 0x000000073ca00000| PB 0x000000073ca00000| Complete 
| 449|0x000000073cc00000, 0x000000073ce00000, 0x000000073ce00000|100%|HC|  |TAMS 0x000000073cc00000| PB 0x000000073cc00000| Complete 
| 450|0x000000073ce00000, 0x000000073d000000, 0x000000073d000000|100%|HC|  |TAMS 0x000000073ce00000| PB 0x000000073ce00000| Complete 
| 451|0x000000073d000000, 0x000000073d200000, 0x000000073d200000|100%|HC|  |TAMS 0x000000073d000000| PB 0x000000073d000000| Complete 
| 452|0x000000073d200000, 0x000000073d400000, 0x000000073d400000|100%|HC|  |TAMS 0x000000073d200000| PB 0x000000073d200000| Complete 
| 453|0x000000073d400000, 0x000000073d600000, 0x000000073d600000|100%|HC|  |TAMS 0x000000073d400000| PB 0x000000073d400000| Complete 
| 454|0x000000073d600000, 0x000000073d800000, 0x000000073d800000|100%|HC|  |TAMS 0x000000073d600000| PB 0x000000073d600000| Complete 
| 455|0x000000073d800000, 0x000000073da00000, 0x000000073da00000|100%|HC|  |TAMS 0x000000073d800000| PB 0x000000073d800000| Complete 
| 456|0x000000073da00000, 0x000000073dc00000, 0x000000073dc00000|100%|HC|  |TAMS 0x000000073da00000| PB 0x000000073da00000| Complete 
| 457|0x000000073dc00000, 0x000000073de00000, 0x000000073de00000|100%|HC|  |TAMS 0x000000073dc00000| PB 0x000000073dc00000| Complete 
| 458|0x000000073de00000, 0x000000073e000000, 0x000000073e000000|100%|HC|  |TAMS 0x000000073de00000| PB 0x000000073de00000| Complete 
| 459|0x000000073e000000, 0x000000073e200000, 0x000000073e200000|100%|HC|  |TAMS 0x000000073e000000| PB 0x000000073e000000| Complete 
| 460|0x000000073e200000, 0x000000073e400000, 0x000000073e400000|100%|HC|  |TAMS 0x000000073e200000| PB 0x000000073e200000| Complete 
| 461|0x000000073e400000, 0x000000073e600000, 0x000000073e600000|100%|HC|  |TAMS 0x000000073e400000| PB 0x000000073e400000| Complete 
| 462|0x000000073e600000, 0x000000073e600000, 0x000000073e800000|  0%| F|  |TAMS 0x000000073e600000| PB 0x000000073e600000| Untracked 
| 463|0x000000073e800000, 0x000000073e800000, 0x000000073ea00000|  0%| F|  |TAMS 0x000000073e800000| PB 0x000000073e800000| Untracked 
| 464|0x000000073ea00000, 0x000000073ec00000, 0x000000073ec00000|100%|HS|  |TAMS 0x000000073ea00000| PB 0x000000073ea00000| Complete 
| 465|0x000000073ec00000, 0x000000073ee00000, 0x000000073ee00000|100%|HC|  |TAMS 0x000000073ec00000| PB 0x000000073ec00000| Complete 
| 466|0x000000073ee00000, 0x000000073f000000, 0x000000073f000000|100%|HC|  |TAMS 0x000000073ee00000| PB 0x000000073ee00000| Complete 
| 467|0x000000073f000000, 0x000000073f200000, 0x000000073f200000|100%|HC|  |TAMS 0x000000073f000000| PB 0x000000073f000000| Complete 
| 468|0x000000073f200000, 0x000000073f400000, 0x000000073f400000|100%|HC|  |TAMS 0x000000073f200000| PB 0x000000073f200000| Complete 
| 469|0x000000073f400000, 0x000000073f600000, 0x000000073f600000|100%|HC|  |TAMS 0x000000073f400000| PB 0x000000073f400000| Complete 
| 470|0x000000073f600000, 0x000000073f800000, 0x000000073f800000|100%|HC|  |TAMS 0x000000073f600000| PB 0x000000073f600000| Complete 
| 471|0x000000073f800000, 0x000000073fa00000, 0x000000073fa00000|100%|HC|  |TAMS 0x000000073f800000| PB 0x000000073f800000| Complete 
| 472|0x000000073fa00000, 0x000000073fc00000, 0x000000073fc00000|100%|HC|  |TAMS 0x000000073fa00000| PB 0x000000073fa00000| Complete 
| 473|0x000000073fc00000, 0x000000073fe00000, 0x000000073fe00000|100%|HC|  |TAMS 0x000000073fc00000| PB 0x000000073fc00000| Complete 
| 474|0x000000073fe00000, 0x0000000740000000, 0x0000000740000000|100%|HC|  |TAMS 0x000000073fe00000| PB 0x000000073fe00000| Complete 
| 475|0x0000000740000000, 0x0000000740200000, 0x0000000740200000|100%|HC|  |TAMS 0x0000000740000000| PB 0x0000000740000000| Complete 
| 476|0x0000000740200000, 0x0000000740400000, 0x0000000740400000|100%|HC|  |TAMS 0x0000000740200000| PB 0x0000000740200000| Complete 
| 477|0x0000000740400000, 0x0000000740600000, 0x0000000740600000|100%|HC|  |TAMS 0x0000000740400000| PB 0x0000000740400000| Complete 
| 478|0x0000000740600000, 0x0000000740800000, 0x0000000740800000|100%|HC|  |TAMS 0x0000000740600000| PB 0x0000000740600000| Complete 
| 479|0x0000000740800000, 0x0000000740a00000, 0x0000000740a00000|100%|HC|  |TAMS 0x0000000740800000| PB 0x0000000740800000| Complete 
| 480|0x0000000740a00000, 0x0000000740c00000, 0x0000000740c00000|100%|HC|  |TAMS 0x0000000740a00000| PB 0x0000000740a00000| Complete 
| 481|0x0000000740c00000, 0x0000000740e00000, 0x0000000740e00000|100%|HC|  |TAMS 0x0000000740c00000| PB 0x0000000740c00000| Complete 
| 482|0x0000000740e00000, 0x0000000741000000, 0x0000000741000000|100%|HC|  |TAMS 0x0000000740e00000| PB 0x0000000740e00000| Complete 
| 483|0x0000000741000000, 0x0000000741200000, 0x0000000741200000|100%|HC|  |TAMS 0x0000000741000000| PB 0x0000000741000000| Complete 
| 484|0x0000000741200000, 0x0000000741400000, 0x0000000741400000|100%|HC|  |TAMS 0x0000000741200000| PB 0x0000000741200000| Complete 
| 485|0x0000000741400000, 0x0000000741600000, 0x0000000741600000|100%|HC|  |TAMS 0x0000000741400000| PB 0x0000000741400000| Complete 
| 486|0x0000000741600000, 0x0000000741800000, 0x0000000741800000|100%|HC|  |TAMS 0x0000000741600000| PB 0x0000000741600000| Complete 
| 487|0x0000000741800000, 0x0000000741a00000, 0x0000000741a00000|100%|HC|  |TAMS 0x0000000741800000| PB 0x0000000741800000| Complete 
| 488|0x0000000741a00000, 0x0000000741c00000, 0x0000000741c00000|100%|HC|  |TAMS 0x0000000741a00000| PB 0x0000000741a00000| Complete 
| 489|0x0000000741c00000, 0x0000000741e00000, 0x0000000741e00000|100%|HC|  |TAMS 0x0000000741c00000| PB 0x0000000741c00000| Complete 
| 490|0x0000000741e00000, 0x0000000742000000, 0x0000000742000000|100%|HC|  |TAMS 0x0000000741e00000| PB 0x0000000741e00000| Complete 
| 491|0x0000000742000000, 0x0000000742200000, 0x0000000742200000|100%|HC|  |TAMS 0x0000000742000000| PB 0x0000000742000000| Complete 
| 492|0x0000000742200000, 0x0000000742400000, 0x0000000742400000|100%|HC|  |TAMS 0x0000000742200000| PB 0x0000000742200000| Complete 
| 493|0x0000000742400000, 0x0000000742600000, 0x0000000742600000|100%|HC|  |TAMS 0x0000000742400000| PB 0x0000000742400000| Complete 
| 494|0x0000000742600000, 0x0000000742800000, 0x0000000742800000|100%|HC|  |TAMS 0x0000000742600000| PB 0x0000000742600000| Complete 
| 495|0x0000000742800000, 0x0000000742a00000, 0x0000000742a00000|100%|HC|  |TAMS 0x0000000742800000| PB 0x0000000742800000| Complete 
| 496|0x0000000742a00000, 0x0000000742c00000, 0x0000000742c00000|100%|HC|  |TAMS 0x0000000742a00000| PB 0x0000000742a00000| Complete 
| 497|0x0000000742c00000, 0x0000000742e00000, 0x0000000742e00000|100%|HC|  |TAMS 0x0000000742c00000| PB 0x0000000742c00000| Complete 
| 498|0x0000000742e00000, 0x0000000743000000, 0x0000000743000000|100%|HC|  |TAMS 0x0000000742e00000| PB 0x0000000742e00000| Complete 
| 499|0x0000000743000000, 0x0000000743200000, 0x0000000743200000|100%|HC|  |TAMS 0x0000000743000000| PB 0x0000000743000000| Complete 
| 500|0x0000000743200000, 0x0000000743400000, 0x0000000743400000|100%|HC|  |TAMS 0x0000000743200000| PB 0x0000000743200000| Complete 
| 501|0x0000000743400000, 0x0000000743600000, 0x0000000743600000|100%|HC|  |TAMS 0x0000000743400000| PB 0x0000000743400000| Complete 
| 502|0x0000000743600000, 0x0000000743800000, 0x0000000743800000|100%|HC|  |TAMS 0x0000000743600000| PB 0x0000000743600000| Complete 
| 503|0x0000000743800000, 0x0000000743a00000, 0x0000000743a00000|100%|HC|  |TAMS 0x0000000743800000| PB 0x0000000743800000| Complete 
| 504|0x0000000743a00000, 0x0000000743c00000, 0x0000000743c00000|100%|HC|  |TAMS 0x0000000743a00000| PB 0x0000000743a00000| Complete 
| 505|0x0000000743c00000, 0x0000000743e00000, 0x0000000743e00000|100%|HC|  |TAMS 0x0000000743c00000| PB 0x0000000743c00000| Complete 
| 506|0x0000000743e00000, 0x0000000744000000, 0x0000000744000000|100%|HC|  |TAMS 0x0000000743e00000| PB 0x0000000743e00000| Complete 
| 507|0x0000000744000000, 0x0000000744200000, 0x0000000744200000|100%|HC|  |TAMS 0x0000000744000000| PB 0x0000000744000000| Complete 
| 508|0x0000000744200000, 0x0000000744400000, 0x0000000744400000|100%|HC|  |TAMS 0x0000000744200000| PB 0x0000000744200000| Complete 
| 509|0x0000000744400000, 0x0000000744600000, 0x0000000744600000|100%|HC|  |TAMS 0x0000000744400000| PB 0x0000000744400000| Complete 
| 510|0x0000000744600000, 0x0000000744800000, 0x0000000744800000|100%|HC|  |TAMS 0x0000000744600000| PB 0x0000000744600000| Complete 
| 511|0x0000000744800000, 0x0000000744a00000, 0x0000000744a00000|100%|HC|  |TAMS 0x0000000744800000| PB 0x0000000744800000| Complete 
| 512|0x0000000744a00000, 0x0000000744c00000, 0x0000000744c00000|100%|HC|  |TAMS 0x0000000744a00000| PB 0x0000000744a00000| Complete 
| 513|0x0000000744c00000, 0x0000000744e00000, 0x0000000744e00000|100%|HC|  |TAMS 0x0000000744c00000| PB 0x0000000744c00000| Complete 
| 514|0x0000000744e00000, 0x0000000745000000, 0x0000000745000000|100%|HC|  |TAMS 0x0000000744e00000| PB 0x0000000744e00000| Complete 
| 515|0x0000000745000000, 0x0000000745200000, 0x0000000745200000|100%|HC|  |TAMS 0x0000000745000000| PB 0x0000000745000000| Complete 
| 516|0x0000000745200000, 0x0000000745400000, 0x0000000745400000|100%|HC|  |TAMS 0x0000000745200000| PB 0x0000000745200000| Complete 
| 517|0x0000000745400000, 0x0000000745600000, 0x0000000745600000|100%|HC|  |TAMS 0x0000000745400000| PB 0x0000000745400000| Complete 
| 518|0x0000000745600000, 0x0000000745800000, 0x0000000745800000|100%|HC|  |TAMS 0x0000000745600000| PB 0x0000000745600000| Complete 
| 519|0x0000000745800000, 0x0000000745a00000, 0x0000000745a00000|100%|HC|  |TAMS 0x0000000745800000| PB 0x0000000745800000| Complete 
| 520|0x0000000745a00000, 0x0000000745c00000, 0x0000000745c00000|100%|HC|  |TAMS 0x0000000745a00000| PB 0x0000000745a00000| Complete 
| 521|0x0000000745c00000, 0x0000000745e00000, 0x0000000745e00000|100%|HC|  |TAMS 0x0000000745c00000| PB 0x0000000745c00000| Complete 
| 522|0x0000000745e00000, 0x0000000746000000, 0x0000000746000000|100%|HS|  |TAMS 0x0000000745e00000| PB 0x0000000745e00000| Complete 
| 523|0x0000000746000000, 0x0000000746200000, 0x0000000746200000|100%|HC|  |TAMS 0x0000000746000000| PB 0x0000000746000000| Complete 
| 524|0x0000000746200000, 0x0000000746400000, 0x0000000746400000|100%|HC|  |TAMS 0x0000000746200000| PB 0x0000000746200000| Complete 
| 525|0x0000000746400000, 0x0000000746600000, 0x0000000746600000|100%|HC|  |TAMS 0x0000000746400000| PB 0x0000000746400000| Complete 
| 526|0x0000000746600000, 0x0000000746800000, 0x0000000746800000|100%|HC|  |TAMS 0x0000000746600000| PB 0x0000000746600000| Complete 
| 527|0x0000000746800000, 0x0000000746a00000, 0x0000000746a00000|100%|HC|  |TAMS 0x0000000746800000| PB 0x0000000746800000| Complete 
| 528|0x0000000746a00000, 0x0000000746c00000, 0x0000000746c00000|100%|HC|  |TAMS 0x0000000746a00000| PB 0x0000000746a00000| Complete 
| 529|0x0000000746c00000, 0x0000000746e00000, 0x0000000746e00000|100%|HC|  |TAMS 0x0000000746c00000| PB 0x0000000746c00000| Complete 
| 530|0x0000000746e00000, 0x0000000747000000, 0x0000000747000000|100%|HC|  |TAMS 0x0000000746e00000| PB 0x0000000746e00000| Complete 
| 531|0x0000000747000000, 0x0000000747200000, 0x0000000747200000|100%|HC|  |TAMS 0x0000000747000000| PB 0x0000000747000000| Complete 
| 532|0x0000000747200000, 0x0000000747400000, 0x0000000747400000|100%|HC|  |TAMS 0x0000000747200000| PB 0x0000000747200000| Complete 
| 533|0x0000000747400000, 0x0000000747600000, 0x0000000747600000|100%|HC|  |TAMS 0x0000000747400000| PB 0x0000000747400000| Complete 
| 534|0x0000000747600000, 0x0000000747800000, 0x0000000747800000|100%|HC|  |TAMS 0x0000000747600000| PB 0x0000000747600000| Complete 
| 535|0x0000000747800000, 0x0000000747a00000, 0x0000000747a00000|100%|HC|  |TAMS 0x0000000747800000| PB 0x0000000747800000| Complete 
| 536|0x0000000747a00000, 0x0000000747c00000, 0x0000000747c00000|100%|HC|  |TAMS 0x0000000747a00000| PB 0x0000000747a00000| Complete 
| 537|0x0000000747c00000, 0x0000000747e00000, 0x0000000747e00000|100%|HC|  |TAMS 0x0000000747c00000| PB 0x0000000747c00000| Complete 
| 538|0x0000000747e00000, 0x0000000748000000, 0x0000000748000000|100%|HC|  |TAMS 0x0000000747e00000| PB 0x0000000747e00000| Complete 
| 539|0x0000000748000000, 0x0000000748200000, 0x0000000748200000|100%|HC|  |TAMS 0x0000000748000000| PB 0x0000000748000000| Complete 
| 540|0x0000000748200000, 0x0000000748400000, 0x0000000748400000|100%|HC|  |TAMS 0x0000000748200000| PB 0x0000000748200000| Complete 
| 541|0x0000000748400000, 0x0000000748600000, 0x0000000748600000|100%|HC|  |TAMS 0x0000000748400000| PB 0x0000000748400000| Complete 
| 542|0x0000000748600000, 0x0000000748800000, 0x0000000748800000|100%|HC|  |TAMS 0x0000000748600000| PB 0x0000000748600000| Complete 
| 543|0x0000000748800000, 0x0000000748a00000, 0x0000000748a00000|100%|HC|  |TAMS 0x0000000748800000| PB 0x0000000748800000| Complete 
| 544|0x0000000748a00000, 0x0000000748c00000, 0x0000000748c00000|100%|HC|  |TAMS 0x0000000748a00000| PB 0x0000000748a00000| Complete 
| 545|0x0000000748c00000, 0x0000000748e00000, 0x0000000748e00000|100%|HC|  |TAMS 0x0000000748c00000| PB 0x0000000748c00000| Complete 
| 546|0x0000000748e00000, 0x0000000749000000, 0x0000000749000000|100%|HC|  |TAMS 0x0000000748e00000| PB 0x0000000748e00000| Complete 
| 547|0x0000000749000000, 0x0000000749200000, 0x0000000749200000|100%|HC|  |TAMS 0x0000000749000000| PB 0x0000000749000000| Complete 
| 548|0x0000000749200000, 0x0000000749400000, 0x0000000749400000|100%|HC|  |TAMS 0x0000000749200000| PB 0x0000000749200000| Complete 
| 549|0x0000000749400000, 0x0000000749600000, 0x0000000749600000|100%|HC|  |TAMS 0x0000000749400000| PB 0x0000000749400000| Complete 
| 550|0x0000000749600000, 0x0000000749800000, 0x0000000749800000|100%|HC|  |TAMS 0x0000000749600000| PB 0x0000000749600000| Complete 
| 551|0x0000000749800000, 0x0000000749a00000, 0x0000000749a00000|100%|HC|  |TAMS 0x0000000749800000| PB 0x0000000749800000| Complete 
| 552|0x0000000749a00000, 0x0000000749c00000, 0x0000000749c00000|100%|HC|  |TAMS 0x0000000749a00000| PB 0x0000000749a00000| Complete 
| 553|0x0000000749c00000, 0x0000000749e00000, 0x0000000749e00000|100%|HC|  |TAMS 0x0000000749c00000| PB 0x0000000749c00000| Complete 
| 554|0x0000000749e00000, 0x000000074a000000, 0x000000074a000000|100%|HC|  |TAMS 0x0000000749e00000| PB 0x0000000749e00000| Complete 
| 555|0x000000074a000000, 0x000000074a200000, 0x000000074a200000|100%|HC|  |TAMS 0x000000074a000000| PB 0x000000074a000000| Complete 
| 556|0x000000074a200000, 0x000000074a400000, 0x000000074a400000|100%|HC|  |TAMS 0x000000074a200000| PB 0x000000074a200000| Complete 
| 557|0x000000074a400000, 0x000000074a600000, 0x000000074a600000|100%|HC|  |TAMS 0x000000074a400000| PB 0x000000074a400000| Complete 
| 558|0x000000074a600000, 0x000000074a800000, 0x000000074a800000|100%|HC|  |TAMS 0x000000074a600000| PB 0x000000074a600000| Complete 
| 559|0x000000074a800000, 0x000000074aa00000, 0x000000074aa00000|100%|HC|  |TAMS 0x000000074a800000| PB 0x000000074a800000| Complete 
| 560|0x000000074aa00000, 0x000000074ac00000, 0x000000074ac00000|100%|HC|  |TAMS 0x000000074aa00000| PB 0x000000074aa00000| Complete 
| 561|0x000000074ac00000, 0x000000074ae00000, 0x000000074ae00000|100%|HC|  |TAMS 0x000000074ac00000| PB 0x000000074ac00000| Complete 
| 562|0x000000074ae00000, 0x000000074b000000, 0x000000074b000000|100%|HC|  |TAMS 0x000000074ae00000| PB 0x000000074ae00000| Complete 
| 563|0x000000074b000000, 0x000000074b200000, 0x000000074b200000|100%|HC|  |TAMS 0x000000074b000000| PB 0x000000074b000000| Complete 
| 564|0x000000074b200000, 0x000000074b400000, 0x000000074b400000|100%|HC|  |TAMS 0x000000074b200000| PB 0x000000074b200000| Complete 
| 565|0x000000074b400000, 0x000000074b600000, 0x000000074b600000|100%|HC|  |TAMS 0x000000074b400000| PB 0x000000074b400000| Complete 
| 566|0x000000074b600000, 0x000000074b800000, 0x000000074b800000|100%|HC|  |TAMS 0x000000074b600000| PB 0x000000074b600000| Complete 
| 567|0x000000074b800000, 0x000000074ba00000, 0x000000074ba00000|100%|HC|  |TAMS 0x000000074b800000| PB 0x000000074b800000| Complete 
| 568|0x000000074ba00000, 0x000000074bc00000, 0x000000074bc00000|100%|HC|  |TAMS 0x000000074ba00000| PB 0x000000074ba00000| Complete 
| 569|0x000000074bc00000, 0x000000074be00000, 0x000000074be00000|100%|HC|  |TAMS 0x000000074bc00000| PB 0x000000074bc00000| Complete 
| 570|0x000000074be00000, 0x000000074c000000, 0x000000074c000000|100%|HC|  |TAMS 0x000000074be00000| PB 0x000000074be00000| Complete 
| 571|0x000000074c000000, 0x000000074c200000, 0x000000074c200000|100%|HC|  |TAMS 0x000000074c000000| PB 0x000000074c000000| Complete 
| 572|0x000000074c200000, 0x000000074c400000, 0x000000074c400000|100%|HC|  |TAMS 0x000000074c200000| PB 0x000000074c200000| Complete 
| 573|0x000000074c400000, 0x000000074c600000, 0x000000074c600000|100%|HC|  |TAMS 0x000000074c400000| PB 0x000000074c400000| Complete 
| 574|0x000000074c600000, 0x000000074c800000, 0x000000074c800000|100%|HC|  |TAMS 0x000000074c600000| PB 0x000000074c600000| Complete 
| 575|0x000000074c800000, 0x000000074ca00000, 0x000000074ca00000|100%|HC|  |TAMS 0x000000074c800000| PB 0x000000074c800000| Complete 
| 576|0x000000074ca00000, 0x000000074cc00000, 0x000000074cc00000|100%|HC|  |TAMS 0x000000074ca00000| PB 0x000000074ca00000| Complete 
| 577|0x000000074cc00000, 0x000000074ce00000, 0x000000074ce00000|100%|HC|  |TAMS 0x000000074cc00000| PB 0x000000074cc00000| Complete 
| 578|0x000000074ce00000, 0x000000074d000000, 0x000000074d000000|100%|HC|  |TAMS 0x000000074ce00000| PB 0x000000074ce00000| Complete 
| 579|0x000000074d000000, 0x000000074d200000, 0x000000074d200000|100%|HC|  |TAMS 0x000000074d000000| PB 0x000000074d000000| Complete 
| 580|0x000000074d200000, 0x000000074d400000, 0x000000074d400000|100%|HS|  |TAMS 0x000000074d200000| PB 0x000000074d200000| Complete 
| 581|0x000000074d400000, 0x000000074d600000, 0x000000074d600000|100%|HC|  |TAMS 0x000000074d400000| PB 0x000000074d400000| Complete 
| 582|0x000000074d600000, 0x000000074d800000, 0x000000074d800000|100%|HC|  |TAMS 0x000000074d600000| PB 0x000000074d600000| Complete 
| 583|0x000000074d800000, 0x000000074da00000, 0x000000074da00000|100%|HC|  |TAMS 0x000000074d800000| PB 0x000000074d800000| Complete 
| 584|0x000000074da00000, 0x000000074dc00000, 0x000000074dc00000|100%|HC|  |TAMS 0x000000074da00000| PB 0x000000074da00000| Complete 
| 585|0x000000074dc00000, 0x000000074de00000, 0x000000074de00000|100%|HC|  |TAMS 0x000000074dc00000| PB 0x000000074dc00000| Complete 
| 586|0x000000074de00000, 0x000000074e000000, 0x000000074e000000|100%|HC|  |TAMS 0x000000074de00000| PB 0x000000074de00000| Complete 
| 587|0x000000074e000000, 0x000000074e200000, 0x000000074e200000|100%|HC|  |TAMS 0x000000074e000000| PB 0x000000074e000000| Complete 
| 588|0x000000074e200000, 0x000000074e400000, 0x000000074e400000|100%|HC|  |TAMS 0x000000074e200000| PB 0x000000074e200000| Complete 
| 589|0x000000074e400000, 0x000000074e600000, 0x000000074e600000|100%|HC|  |TAMS 0x000000074e400000| PB 0x000000074e400000| Complete 
| 590|0x000000074e600000, 0x000000074e800000, 0x000000074e800000|100%|HC|  |TAMS 0x000000074e600000| PB 0x000000074e600000| Complete 
| 591|0x000000074e800000, 0x000000074ea00000, 0x000000074ea00000|100%|HC|  |TAMS 0x000000074e800000| PB 0x000000074e800000| Complete 
| 592|0x000000074ea00000, 0x000000074ec00000, 0x000000074ec00000|100%|HC|  |TAMS 0x000000074ea00000| PB 0x000000074ea00000| Complete 
| 593|0x000000074ec00000, 0x000000074ee00000, 0x000000074ee00000|100%|HC|  |TAMS 0x000000074ec00000| PB 0x000000074ec00000| Complete 
| 594|0x000000074ee00000, 0x000000074f000000, 0x000000074f000000|100%|HC|  |TAMS 0x000000074ee00000| PB 0x000000074ee00000| Complete 
| 595|0x000000074f000000, 0x000000074f200000, 0x000000074f200000|100%|HC|  |TAMS 0x000000074f000000| PB 0x000000074f000000| Complete 
| 596|0x000000074f200000, 0x000000074f400000, 0x000000074f400000|100%|HC|  |TAMS 0x000000074f200000| PB 0x000000074f200000| Complete 
| 597|0x000000074f400000, 0x000000074f600000, 0x000000074f600000|100%|HC|  |TAMS 0x000000074f400000| PB 0x000000074f400000| Complete 
| 598|0x000000074f600000, 0x000000074f800000, 0x000000074f800000|100%|HC|  |TAMS 0x000000074f600000| PB 0x000000074f600000| Complete 
| 599|0x000000074f800000, 0x000000074fa00000, 0x000000074fa00000|100%|HC|  |TAMS 0x000000074f800000| PB 0x000000074f800000| Complete 
| 600|0x000000074fa00000, 0x000000074fc00000, 0x000000074fc00000|100%|HC|  |TAMS 0x000000074fa00000| PB 0x000000074fa00000| Complete 
| 601|0x000000074fc00000, 0x000000074fe00000, 0x000000074fe00000|100%|HC|  |TAMS 0x000000074fc00000| PB 0x000000074fc00000| Complete 
| 602|0x000000074fe00000, 0x0000000750000000, 0x0000000750000000|100%|HC|  |TAMS 0x000000074fe00000| PB 0x000000074fe00000| Complete 
| 603|0x0000000750000000, 0x0000000750200000, 0x0000000750200000|100%|HC|  |TAMS 0x0000000750000000| PB 0x0000000750000000| Complete 
| 604|0x0000000750200000, 0x0000000750400000, 0x0000000750400000|100%|HC|  |TAMS 0x0000000750200000| PB 0x0000000750200000| Complete 
| 605|0x0000000750400000, 0x0000000750600000, 0x0000000750600000|100%|HC|  |TAMS 0x0000000750400000| PB 0x0000000750400000| Complete 
| 606|0x0000000750600000, 0x0000000750800000, 0x0000000750800000|100%|HC|  |TAMS 0x0000000750600000| PB 0x0000000750600000| Complete 
| 607|0x0000000750800000, 0x0000000750a00000, 0x0000000750a00000|100%|HC|  |TAMS 0x0000000750800000| PB 0x0000000750800000| Complete 
| 608|0x0000000750a00000, 0x0000000750c00000, 0x0000000750c00000|100%|HC|  |TAMS 0x0000000750a00000| PB 0x0000000750a00000| Complete 
| 609|0x0000000750c00000, 0x0000000750e00000, 0x0000000750e00000|100%|HC|  |TAMS 0x0000000750c00000| PB 0x0000000750c00000| Complete 
| 610|0x0000000750e00000, 0x0000000751000000, 0x0000000751000000|100%|HC|  |TAMS 0x0000000750e00000| PB 0x0000000750e00000| Complete 
| 611|0x0000000751000000, 0x0000000751200000, 0x0000000751200000|100%|HC|  |TAMS 0x0000000751000000| PB 0x0000000751000000| Complete 
| 612|0x0000000751200000, 0x0000000751400000, 0x0000000751400000|100%|HC|  |TAMS 0x0000000751200000| PB 0x0000000751200000| Complete 
| 613|0x0000000751400000, 0x0000000751600000, 0x0000000751600000|100%|HC|  |TAMS 0x0000000751400000| PB 0x0000000751400000| Complete 
| 614|0x0000000751600000, 0x0000000751800000, 0x0000000751800000|100%|HC|  |TAMS 0x0000000751600000| PB 0x0000000751600000| Complete 
| 615|0x0000000751800000, 0x0000000751a00000, 0x0000000751a00000|100%|HC|  |TAMS 0x0000000751800000| PB 0x0000000751800000| Complete 
| 616|0x0000000751a00000, 0x0000000751c00000, 0x0000000751c00000|100%|HC|  |TAMS 0x0000000751a00000| PB 0x0000000751a00000| Complete 
| 617|0x0000000751c00000, 0x0000000751e00000, 0x0000000751e00000|100%|HC|  |TAMS 0x0000000751c00000| PB 0x0000000751c00000| Complete 
| 618|0x0000000751e00000, 0x0000000752000000, 0x0000000752000000|100%|HC|  |TAMS 0x0000000751e00000| PB 0x0000000751e00000| Complete 
| 619|0x0000000752000000, 0x0000000752200000, 0x0000000752200000|100%|HC|  |TAMS 0x0000000752000000| PB 0x0000000752000000| Complete 
| 620|0x0000000752200000, 0x0000000752400000, 0x0000000752400000|100%|HC|  |TAMS 0x0000000752200000| PB 0x0000000752200000| Complete 
| 621|0x0000000752400000, 0x0000000752600000, 0x0000000752600000|100%|HC|  |TAMS 0x0000000752400000| PB 0x0000000752400000| Complete 
| 622|0x0000000752600000, 0x0000000752800000, 0x0000000752800000|100%|HC|  |TAMS 0x0000000752600000| PB 0x0000000752600000| Complete 
| 623|0x0000000752800000, 0x0000000752a00000, 0x0000000752a00000|100%|HC|  |TAMS 0x0000000752800000| PB 0x0000000752800000| Complete 
| 624|0x0000000752a00000, 0x0000000752c00000, 0x0000000752c00000|100%|HC|  |TAMS 0x0000000752a00000| PB 0x0000000752a00000| Complete 
| 625|0x0000000752c00000, 0x0000000752e00000, 0x0000000752e00000|100%|HC|  |TAMS 0x0000000752c00000| PB 0x0000000752c00000| Complete 
| 626|0x0000000752e00000, 0x0000000753000000, 0x0000000753000000|100%|HC|  |TAMS 0x0000000752e00000| PB 0x0000000752e00000| Complete 
| 627|0x0000000753000000, 0x0000000753200000, 0x0000000753200000|100%|HC|  |TAMS 0x0000000753000000| PB 0x0000000753000000| Complete 
| 628|0x0000000753200000, 0x0000000753400000, 0x0000000753400000|100%|HC|  |TAMS 0x0000000753200000| PB 0x0000000753200000| Complete 
| 629|0x0000000753400000, 0x0000000753600000, 0x0000000753600000|100%|HC|  |TAMS 0x0000000753400000| PB 0x0000000753400000| Complete 
| 630|0x0000000753600000, 0x0000000753800000, 0x0000000753800000|100%|HC|  |TAMS 0x0000000753600000| PB 0x0000000753600000| Complete 
| 631|0x0000000753800000, 0x0000000753a00000, 0x0000000753a00000|100%|HC|  |TAMS 0x0000000753800000| PB 0x0000000753800000| Complete 
| 632|0x0000000753a00000, 0x0000000753c00000, 0x0000000753c00000|100%|HC|  |TAMS 0x0000000753a00000| PB 0x0000000753a00000| Complete 
| 633|0x0000000753c00000, 0x0000000753e00000, 0x0000000753e00000|100%|HC|  |TAMS 0x0000000753c00000| PB 0x0000000753c00000| Complete 
| 634|0x0000000753e00000, 0x0000000754000000, 0x0000000754000000|100%|HC|  |TAMS 0x0000000753e00000| PB 0x0000000753e00000| Complete 
| 635|0x0000000754000000, 0x0000000754200000, 0x0000000754200000|100%|HC|  |TAMS 0x0000000754000000| PB 0x0000000754000000| Complete 
| 636|0x0000000754200000, 0x0000000754400000, 0x0000000754400000|100%|HC|  |TAMS 0x0000000754200000| PB 0x0000000754200000| Complete 
| 637|0x0000000754400000, 0x0000000754600000, 0x0000000754600000|100%|HC|  |TAMS 0x0000000754400000| PB 0x0000000754400000| Complete 
| 638|0x0000000754600000, 0x0000000754800000, 0x0000000754800000|100%|HS|  |TAMS 0x0000000754600000| PB 0x0000000754600000| Complete 
| 639|0x0000000754800000, 0x0000000754a00000, 0x0000000754a00000|100%|HC|  |TAMS 0x0000000754800000| PB 0x0000000754800000| Complete 
| 640|0x0000000754a00000, 0x0000000754c00000, 0x0000000754c00000|100%|HC|  |TAMS 0x0000000754a00000| PB 0x0000000754a00000| Complete 
| 641|0x0000000754c00000, 0x0000000754e00000, 0x0000000754e00000|100%|HC|  |TAMS 0x0000000754c00000| PB 0x0000000754c00000| Complete 
| 642|0x0000000754e00000, 0x0000000755000000, 0x0000000755000000|100%|HC|  |TAMS 0x0000000754e00000| PB 0x0000000754e00000| Complete 
| 643|0x0000000755000000, 0x0000000755200000, 0x0000000755200000|100%|HC|  |TAMS 0x0000000755000000| PB 0x0000000755000000| Complete 
| 644|0x0000000755200000, 0x0000000755400000, 0x0000000755400000|100%|HC|  |TAMS 0x0000000755200000| PB 0x0000000755200000| Complete 
| 645|0x0000000755400000, 0x0000000755600000, 0x0000000755600000|100%|HC|  |TAMS 0x0000000755400000| PB 0x0000000755400000| Complete 
| 646|0x0000000755600000, 0x0000000755800000, 0x0000000755800000|100%|HC|  |TAMS 0x0000000755600000| PB 0x0000000755600000| Complete 
| 647|0x0000000755800000, 0x0000000755a00000, 0x0000000755a00000|100%|HC|  |TAMS 0x0000000755800000| PB 0x0000000755800000| Complete 
| 648|0x0000000755a00000, 0x0000000755c00000, 0x0000000755c00000|100%|HC|  |TAMS 0x0000000755a00000| PB 0x0000000755a00000| Complete 
| 649|0x0000000755c00000, 0x0000000755e00000, 0x0000000755e00000|100%|HC|  |TAMS 0x0000000755c00000| PB 0x0000000755c00000| Complete 
| 650|0x0000000755e00000, 0x0000000756000000, 0x0000000756000000|100%|HC|  |TAMS 0x0000000755e00000| PB 0x0000000755e00000| Complete 
| 651|0x0000000756000000, 0x0000000756200000, 0x0000000756200000|100%|HC|  |TAMS 0x0000000756000000| PB 0x0000000756000000| Complete 
| 652|0x0000000756200000, 0x0000000756400000, 0x0000000756400000|100%|HC|  |TAMS 0x0000000756200000| PB 0x0000000756200000| Complete 
| 653|0x0000000756400000, 0x0000000756600000, 0x0000000756600000|100%|HC|  |TAMS 0x0000000756400000| PB 0x0000000756400000| Complete 
| 654|0x0000000756600000, 0x0000000756800000, 0x0000000756800000|100%|HC|  |TAMS 0x0000000756600000| PB 0x0000000756600000| Complete 
| 655|0x0000000756800000, 0x0000000756a00000, 0x0000000756a00000|100%|HC|  |TAMS 0x0000000756800000| PB 0x0000000756800000| Complete 
| 656|0x0000000756a00000, 0x0000000756c00000, 0x0000000756c00000|100%|HC|  |TAMS 0x0000000756a00000| PB 0x0000000756a00000| Complete 
| 657|0x0000000756c00000, 0x0000000756e00000, 0x0000000756e00000|100%|HC|  |TAMS 0x0000000756c00000| PB 0x0000000756c00000| Complete 
| 658|0x0000000756e00000, 0x0000000757000000, 0x0000000757000000|100%|HC|  |TAMS 0x0000000756e00000| PB 0x0000000756e00000| Complete 
| 659|0x0000000757000000, 0x0000000757200000, 0x0000000757200000|100%|HC|  |TAMS 0x0000000757000000| PB 0x0000000757000000| Complete 
| 660|0x0000000757200000, 0x0000000757400000, 0x0000000757400000|100%|HC|  |TAMS 0x0000000757200000| PB 0x0000000757200000| Complete 
| 661|0x0000000757400000, 0x0000000757600000, 0x0000000757600000|100%|HC|  |TAMS 0x0000000757400000| PB 0x0000000757400000| Complete 
| 662|0x0000000757600000, 0x0000000757800000, 0x0000000757800000|100%|HC|  |TAMS 0x0000000757600000| PB 0x0000000757600000| Complete 
| 663|0x0000000757800000, 0x0000000757a00000, 0x0000000757a00000|100%|HC|  |TAMS 0x0000000757800000| PB 0x0000000757800000| Complete 
| 664|0x0000000757a00000, 0x0000000757c00000, 0x0000000757c00000|100%|HC|  |TAMS 0x0000000757a00000| PB 0x0000000757a00000| Complete 
| 665|0x0000000757c00000, 0x0000000757e00000, 0x0000000757e00000|100%|HC|  |TAMS 0x0000000757c00000| PB 0x0000000757c00000| Complete 
| 666|0x0000000757e00000, 0x0000000758000000, 0x0000000758000000|100%|HC|  |TAMS 0x0000000757e00000| PB 0x0000000757e00000| Complete 
| 667|0x0000000758000000, 0x0000000758200000, 0x0000000758200000|100%|HC|  |TAMS 0x0000000758000000| PB 0x0000000758000000| Complete 
| 668|0x0000000758200000, 0x0000000758400000, 0x0000000758400000|100%|HC|  |TAMS 0x0000000758200000| PB 0x0000000758200000| Complete 
| 669|0x0000000758400000, 0x0000000758600000, 0x0000000758600000|100%|HC|  |TAMS 0x0000000758400000| PB 0x0000000758400000| Complete 
| 670|0x0000000758600000, 0x0000000758800000, 0x0000000758800000|100%|HC|  |TAMS 0x0000000758600000| PB 0x0000000758600000| Complete 
| 671|0x0000000758800000, 0x0000000758a00000, 0x0000000758a00000|100%|HC|  |TAMS 0x0000000758800000| PB 0x0000000758800000| Complete 
| 672|0x0000000758a00000, 0x0000000758c00000, 0x0000000758c00000|100%|HC|  |TAMS 0x0000000758a00000| PB 0x0000000758a00000| Complete 
| 673|0x0000000758c00000, 0x0000000758e00000, 0x0000000758e00000|100%|HC|  |TAMS 0x0000000758c00000| PB 0x0000000758c00000| Complete 
| 674|0x0000000758e00000, 0x0000000759000000, 0x0000000759000000|100%|HC|  |TAMS 0x0000000758e00000| PB 0x0000000758e00000| Complete 
| 675|0x0000000759000000, 0x0000000759200000, 0x0000000759200000|100%|HC|  |TAMS 0x0000000759000000| PB 0x0000000759000000| Complete 
| 676|0x0000000759200000, 0x0000000759400000, 0x0000000759400000|100%|HC|  |TAMS 0x0000000759200000| PB 0x0000000759200000| Complete 
| 677|0x0000000759400000, 0x0000000759600000, 0x0000000759600000|100%|HC|  |TAMS 0x0000000759400000| PB 0x0000000759400000| Complete 
| 678|0x0000000759600000, 0x0000000759800000, 0x0000000759800000|100%|HC|  |TAMS 0x0000000759600000| PB 0x0000000759600000| Complete 
| 679|0x0000000759800000, 0x0000000759a00000, 0x0000000759a00000|100%|HC|  |TAMS 0x0000000759800000| PB 0x0000000759800000| Complete 
| 680|0x0000000759a00000, 0x0000000759c00000, 0x0000000759c00000|100%|HC|  |TAMS 0x0000000759a00000| PB 0x0000000759a00000| Complete 
| 681|0x0000000759c00000, 0x0000000759e00000, 0x0000000759e00000|100%|HC|  |TAMS 0x0000000759c00000| PB 0x0000000759c00000| Complete 
| 682|0x0000000759e00000, 0x000000075a000000, 0x000000075a000000|100%|HC|  |TAMS 0x0000000759e00000| PB 0x0000000759e00000| Complete 
| 683|0x000000075a000000, 0x000000075a200000, 0x000000075a200000|100%|HC|  |TAMS 0x000000075a000000| PB 0x000000075a000000| Complete 
| 684|0x000000075a200000, 0x000000075a400000, 0x000000075a400000|100%|HC|  |TAMS 0x000000075a200000| PB 0x000000075a200000| Complete 
| 685|0x000000075a400000, 0x000000075a600000, 0x000000075a600000|100%|HC|  |TAMS 0x000000075a400000| PB 0x000000075a400000| Complete 
| 686|0x000000075a600000, 0x000000075a800000, 0x000000075a800000|100%|HC|  |TAMS 0x000000075a600000| PB 0x000000075a600000| Complete 
| 687|0x000000075a800000, 0x000000075aa00000, 0x000000075aa00000|100%|HC|  |TAMS 0x000000075a800000| PB 0x000000075a800000| Complete 
| 688|0x000000075aa00000, 0x000000075ac00000, 0x000000075ac00000|100%|HC|  |TAMS 0x000000075aa00000| PB 0x000000075aa00000| Complete 
| 689|0x000000075ac00000, 0x000000075ae00000, 0x000000075ae00000|100%|HC|  |TAMS 0x000000075ac00000| PB 0x000000075ac00000| Complete 
| 690|0x000000075ae00000, 0x000000075b000000, 0x000000075b000000|100%|HC|  |TAMS 0x000000075ae00000| PB 0x000000075ae00000| Complete 
| 691|0x000000075b000000, 0x000000075b200000, 0x000000075b200000|100%|HC|  |TAMS 0x000000075b000000| PB 0x000000075b000000| Complete 
| 692|0x000000075b200000, 0x000000075b400000, 0x000000075b400000|100%|HC|  |TAMS 0x000000075b200000| PB 0x000000075b200000| Complete 
| 693|0x000000075b400000, 0x000000075b600000, 0x000000075b600000|100%|HC|  |TAMS 0x000000075b400000| PB 0x000000075b400000| Complete 
| 694|0x000000075b600000, 0x000000075b800000, 0x000000075b800000|100%|HC|  |TAMS 0x000000075b600000| PB 0x000000075b600000| Complete 
| 695|0x000000075b800000, 0x000000075ba00000, 0x000000075ba00000|100%|HC|  |TAMS 0x000000075b800000| PB 0x000000075b800000| Complete 
| 696|0x000000075ba00000, 0x000000075bc00000, 0x000000075bc00000|100%|HS|  |TAMS 0x000000075ba00000| PB 0x000000075ba00000| Complete 
| 697|0x000000075bc00000, 0x000000075be00000, 0x000000075be00000|100%|HC|  |TAMS 0x000000075bc00000| PB 0x000000075bc00000| Complete 
| 698|0x000000075be00000, 0x000000075c000000, 0x000000075c000000|100%|HC|  |TAMS 0x000000075be00000| PB 0x000000075be00000| Complete 
| 699|0x000000075c000000, 0x000000075c200000, 0x000000075c200000|100%|HC|  |TAMS 0x000000075c000000| PB 0x000000075c000000| Complete 
| 700|0x000000075c200000, 0x000000075c400000, 0x000000075c400000|100%|HC|  |TAMS 0x000000075c200000| PB 0x000000075c200000| Complete 
| 701|0x000000075c400000, 0x000000075c600000, 0x000000075c600000|100%|HC|  |TAMS 0x000000075c400000| PB 0x000000075c400000| Complete 
| 702|0x000000075c600000, 0x000000075c800000, 0x000000075c800000|100%|HC|  |TAMS 0x000000075c600000| PB 0x000000075c600000| Complete 
| 703|0x000000075c800000, 0x000000075ca00000, 0x000000075ca00000|100%|HC|  |TAMS 0x000000075c800000| PB 0x000000075c800000| Complete 
| 704|0x000000075ca00000, 0x000000075cc00000, 0x000000075cc00000|100%|HC|  |TAMS 0x000000075ca00000| PB 0x000000075ca00000| Complete 
| 705|0x000000075cc00000, 0x000000075ce00000, 0x000000075ce00000|100%|HC|  |TAMS 0x000000075cc00000| PB 0x000000075cc00000| Complete 
| 706|0x000000075ce00000, 0x000000075d000000, 0x000000075d000000|100%|HC|  |TAMS 0x000000075ce00000| PB 0x000000075ce00000| Complete 
| 707|0x000000075d000000, 0x000000075d200000, 0x000000075d200000|100%|HC|  |TAMS 0x000000075d000000| PB 0x000000075d000000| Complete 
| 708|0x000000075d200000, 0x000000075d400000, 0x000000075d400000|100%|HC|  |TAMS 0x000000075d200000| PB 0x000000075d200000| Complete 
| 709|0x000000075d400000, 0x000000075d600000, 0x000000075d600000|100%|HC|  |TAMS 0x000000075d400000| PB 0x000000075d400000| Complete 
| 710|0x000000075d600000, 0x000000075d800000, 0x000000075d800000|100%|HC|  |TAMS 0x000000075d600000| PB 0x000000075d600000| Complete 
| 711|0x000000075d800000, 0x000000075da00000, 0x000000075da00000|100%|HC|  |TAMS 0x000000075d800000| PB 0x000000075d800000| Complete 
| 712|0x000000075da00000, 0x000000075dc00000, 0x000000075dc00000|100%|HC|  |TAMS 0x000000075da00000| PB 0x000000075da00000| Complete 
| 713|0x000000075dc00000, 0x000000075de00000, 0x000000075de00000|100%|HC|  |TAMS 0x000000075dc00000| PB 0x000000075dc00000| Complete 
| 714|0x000000075de00000, 0x000000075e000000, 0x000000075e000000|100%|HC|  |TAMS 0x000000075de00000| PB 0x000000075de00000| Complete 
| 715|0x000000075e000000, 0x000000075e200000, 0x000000075e200000|100%|HC|  |TAMS 0x000000075e000000| PB 0x000000075e000000| Complete 
| 716|0x000000075e200000, 0x000000075e400000, 0x000000075e400000|100%|HC|  |TAMS 0x000000075e200000| PB 0x000000075e200000| Complete 
| 717|0x000000075e400000, 0x000000075e600000, 0x000000075e600000|100%|HC|  |TAMS 0x000000075e400000| PB 0x000000075e400000| Complete 
| 718|0x000000075e600000, 0x000000075e800000, 0x000000075e800000|100%|HC|  |TAMS 0x000000075e600000| PB 0x000000075e600000| Complete 
| 719|0x000000075e800000, 0x000000075ea00000, 0x000000075ea00000|100%|HC|  |TAMS 0x000000075e800000| PB 0x000000075e800000| Complete 
| 720|0x000000075ea00000, 0x000000075ec00000, 0x000000075ec00000|100%|HC|  |TAMS 0x000000075ea00000| PB 0x000000075ea00000| Complete 
| 721|0x000000075ec00000, 0x000000075ee00000, 0x000000075ee00000|100%|HC|  |TAMS 0x000000075ec00000| PB 0x000000075ec00000| Complete 
| 722|0x000000075ee00000, 0x000000075f000000, 0x000000075f000000|100%|HC|  |TAMS 0x000000075ee00000| PB 0x000000075ee00000| Complete 
| 723|0x000000075f000000, 0x000000075f200000, 0x000000075f200000|100%|HC|  |TAMS 0x000000075f000000| PB 0x000000075f000000| Complete 
| 724|0x000000075f200000, 0x000000075f400000, 0x000000075f400000|100%|HC|  |TAMS 0x000000075f200000| PB 0x000000075f200000| Complete 
| 725|0x000000075f400000, 0x000000075f600000, 0x000000075f600000|100%|HC|  |TAMS 0x000000075f400000| PB 0x000000075f400000| Complete 
| 726|0x000000075f600000, 0x000000075f800000, 0x000000075f800000|100%|HC|  |TAMS 0x000000075f600000| PB 0x000000075f600000| Complete 
| 727|0x000000075f800000, 0x000000075fa00000, 0x000000075fa00000|100%|HC|  |TAMS 0x000000075f800000| PB 0x000000075f800000| Complete 
| 728|0x000000075fa00000, 0x000000075fc00000, 0x000000075fc00000|100%|HC|  |TAMS 0x000000075fa00000| PB 0x000000075fa00000| Complete 
| 729|0x000000075fc00000, 0x000000075fe00000, 0x000000075fe00000|100%|HC|  |TAMS 0x000000075fc00000| PB 0x000000075fc00000| Complete 
| 730|0x000000075fe00000, 0x0000000760000000, 0x0000000760000000|100%|HC|  |TAMS 0x000000075fe00000| PB 0x000000075fe00000| Complete 
| 731|0x0000000760000000, 0x0000000760200000, 0x0000000760200000|100%|HC|  |TAMS 0x0000000760000000| PB 0x0000000760000000| Complete 
| 732|0x0000000760200000, 0x0000000760400000, 0x0000000760400000|100%|HC|  |TAMS 0x0000000760200000| PB 0x0000000760200000| Complete 
| 733|0x0000000760400000, 0x0000000760600000, 0x0000000760600000|100%|HC|  |TAMS 0x0000000760400000| PB 0x0000000760400000| Complete 
| 734|0x0000000760600000, 0x0000000760800000, 0x0000000760800000|100%|HC|  |TAMS 0x0000000760600000| PB 0x0000000760600000| Complete 
| 735|0x0000000760800000, 0x0000000760a00000, 0x0000000760a00000|100%|HC|  |TAMS 0x0000000760800000| PB 0x0000000760800000| Complete 
| 736|0x0000000760a00000, 0x0000000760c00000, 0x0000000760c00000|100%|HC|  |TAMS 0x0000000760a00000| PB 0x0000000760a00000| Complete 
| 737|0x0000000760c00000, 0x0000000760e00000, 0x0000000760e00000|100%|HC|  |TAMS 0x0000000760c00000| PB 0x0000000760c00000| Complete 
| 738|0x0000000760e00000, 0x0000000761000000, 0x0000000761000000|100%|HC|  |TAMS 0x0000000760e00000| PB 0x0000000760e00000| Complete 
| 739|0x0000000761000000, 0x0000000761200000, 0x0000000761200000|100%|HC|  |TAMS 0x0000000761000000| PB 0x0000000761000000| Complete 
| 740|0x0000000761200000, 0x0000000761400000, 0x0000000761400000|100%|HC|  |TAMS 0x0000000761200000| PB 0x0000000761200000| Complete 
| 741|0x0000000761400000, 0x0000000761600000, 0x0000000761600000|100%|HC|  |TAMS 0x0000000761400000| PB 0x0000000761400000| Complete 
| 742|0x0000000761600000, 0x0000000761800000, 0x0000000761800000|100%|HC|  |TAMS 0x0000000761600000| PB 0x0000000761600000| Complete 
| 743|0x0000000761800000, 0x0000000761a00000, 0x0000000761a00000|100%|HC|  |TAMS 0x0000000761800000| PB 0x0000000761800000| Complete 
| 744|0x0000000761a00000, 0x0000000761c00000, 0x0000000761c00000|100%|HC|  |TAMS 0x0000000761a00000| PB 0x0000000761a00000| Complete 
| 745|0x0000000761c00000, 0x0000000761e00000, 0x0000000761e00000|100%|HC|  |TAMS 0x0000000761c00000| PB 0x0000000761c00000| Complete 
| 746|0x0000000761e00000, 0x0000000762000000, 0x0000000762000000|100%|HC|  |TAMS 0x0000000761e00000| PB 0x0000000761e00000| Complete 
| 747|0x0000000762000000, 0x0000000762200000, 0x0000000762200000|100%|HC|  |TAMS 0x0000000762000000| PB 0x0000000762000000| Complete 
| 748|0x0000000762200000, 0x0000000762400000, 0x0000000762400000|100%|HC|  |TAMS 0x0000000762200000| PB 0x0000000762200000| Complete 
| 749|0x0000000762400000, 0x0000000762600000, 0x0000000762600000|100%|HC|  |TAMS 0x0000000762400000| PB 0x0000000762400000| Complete 
| 750|0x0000000762600000, 0x0000000762800000, 0x0000000762800000|100%|HC|  |TAMS 0x0000000762600000| PB 0x0000000762600000| Complete 
| 751|0x0000000762800000, 0x0000000762a00000, 0x0000000762a00000|100%|HC|  |TAMS 0x0000000762800000| PB 0x0000000762800000| Complete 
| 752|0x0000000762a00000, 0x0000000762c00000, 0x0000000762c00000|100%|HC|  |TAMS 0x0000000762a00000| PB 0x0000000762a00000| Complete 
| 753|0x0000000762c00000, 0x0000000762e00000, 0x0000000762e00000|100%|HC|  |TAMS 0x0000000762c00000| PB 0x0000000762c00000| Complete 
| 754|0x0000000762e00000, 0x0000000763000000, 0x0000000763000000|100%|HS|  |TAMS 0x0000000762e00000| PB 0x0000000762e00000| Complete 
| 755|0x0000000763000000, 0x0000000763200000, 0x0000000763200000|100%|HC|  |TAMS 0x0000000763000000| PB 0x0000000763000000| Complete 
| 756|0x0000000763200000, 0x0000000763400000, 0x0000000763400000|100%|HC|  |TAMS 0x0000000763200000| PB 0x0000000763200000| Complete 
| 757|0x0000000763400000, 0x0000000763600000, 0x0000000763600000|100%|HC|  |TAMS 0x0000000763400000| PB 0x0000000763400000| Complete 
| 758|0x0000000763600000, 0x0000000763800000, 0x0000000763800000|100%|HC|  |TAMS 0x0000000763600000| PB 0x0000000763600000| Complete 
| 759|0x0000000763800000, 0x0000000763a00000, 0x0000000763a00000|100%|HC|  |TAMS 0x0000000763800000| PB 0x0000000763800000| Complete 
| 760|0x0000000763a00000, 0x0000000763c00000, 0x0000000763c00000|100%|HC|  |TAMS 0x0000000763a00000| PB 0x0000000763a00000| Complete 
| 761|0x0000000763c00000, 0x0000000763e00000, 0x0000000763e00000|100%|HC|  |TAMS 0x0000000763c00000| PB 0x0000000763c00000| Complete 
| 762|0x0000000763e00000, 0x0000000764000000, 0x0000000764000000|100%|HC|  |TAMS 0x0000000763e00000| PB 0x0000000763e00000| Complete 
| 763|0x0000000764000000, 0x0000000764200000, 0x0000000764200000|100%|HC|  |TAMS 0x0000000764000000| PB 0x0000000764000000| Complete 
| 764|0x0000000764200000, 0x0000000764400000, 0x0000000764400000|100%|HC|  |TAMS 0x0000000764200000| PB 0x0000000764200000| Complete 
| 765|0x0000000764400000, 0x0000000764600000, 0x0000000764600000|100%|HC|  |TAMS 0x0000000764400000| PB 0x0000000764400000| Complete 
| 766|0x0000000764600000, 0x0000000764800000, 0x0000000764800000|100%|HC|  |TAMS 0x0000000764600000| PB 0x0000000764600000| Complete 
| 767|0x0000000764800000, 0x0000000764a00000, 0x0000000764a00000|100%|HC|  |TAMS 0x0000000764800000| PB 0x0000000764800000| Complete 
| 768|0x0000000764a00000, 0x0000000764c00000, 0x0000000764c00000|100%|HC|  |TAMS 0x0000000764a00000| PB 0x0000000764a00000| Complete 
| 769|0x0000000764c00000, 0x0000000764e00000, 0x0000000764e00000|100%|HC|  |TAMS 0x0000000764c00000| PB 0x0000000764c00000| Complete 
| 770|0x0000000764e00000, 0x0000000765000000, 0x0000000765000000|100%|HC|  |TAMS 0x0000000764e00000| PB 0x0000000764e00000| Complete 
| 771|0x0000000765000000, 0x0000000765200000, 0x0000000765200000|100%|HC|  |TAMS 0x0000000765000000| PB 0x0000000765000000| Complete 
| 772|0x0000000765200000, 0x0000000765400000, 0x0000000765400000|100%|HC|  |TAMS 0x0000000765200000| PB 0x0000000765200000| Complete 
| 773|0x0000000765400000, 0x0000000765600000, 0x0000000765600000|100%|HC|  |TAMS 0x0000000765400000| PB 0x0000000765400000| Complete 
| 774|0x0000000765600000, 0x0000000765800000, 0x0000000765800000|100%|HC|  |TAMS 0x0000000765600000| PB 0x0000000765600000| Complete 
| 775|0x0000000765800000, 0x0000000765a00000, 0x0000000765a00000|100%|HC|  |TAMS 0x0000000765800000| PB 0x0000000765800000| Complete 
| 776|0x0000000765a00000, 0x0000000765c00000, 0x0000000765c00000|100%|HC|  |TAMS 0x0000000765a00000| PB 0x0000000765a00000| Complete 
| 777|0x0000000765c00000, 0x0000000765e00000, 0x0000000765e00000|100%|HC|  |TAMS 0x0000000765c00000| PB 0x0000000765c00000| Complete 
| 778|0x0000000765e00000, 0x0000000766000000, 0x0000000766000000|100%|HC|  |TAMS 0x0000000765e00000| PB 0x0000000765e00000| Complete 
| 779|0x0000000766000000, 0x0000000766200000, 0x0000000766200000|100%|HC|  |TAMS 0x0000000766000000| PB 0x0000000766000000| Complete 
| 780|0x0000000766200000, 0x0000000766400000, 0x0000000766400000|100%|HC|  |TAMS 0x0000000766200000| PB 0x0000000766200000| Complete 
| 781|0x0000000766400000, 0x0000000766600000, 0x0000000766600000|100%|HC|  |TAMS 0x0000000766400000| PB 0x0000000766400000| Complete 
| 782|0x0000000766600000, 0x0000000766800000, 0x0000000766800000|100%|HC|  |TAMS 0x0000000766600000| PB 0x0000000766600000| Complete 
| 783|0x0000000766800000, 0x0000000766a00000, 0x0000000766a00000|100%|HC|  |TAMS 0x0000000766800000| PB 0x0000000766800000| Complete 
| 784|0x0000000766a00000, 0x0000000766c00000, 0x0000000766c00000|100%|HC|  |TAMS 0x0000000766a00000| PB 0x0000000766a00000| Complete 
| 785|0x0000000766c00000, 0x0000000766e00000, 0x0000000766e00000|100%|HC|  |TAMS 0x0000000766c00000| PB 0x0000000766c00000| Complete 
| 786|0x0000000766e00000, 0x0000000767000000, 0x0000000767000000|100%|HC|  |TAMS 0x0000000766e00000| PB 0x0000000766e00000| Complete 
| 787|0x0000000767000000, 0x0000000767200000, 0x0000000767200000|100%|HC|  |TAMS 0x0000000767000000| PB 0x0000000767000000| Complete 
| 788|0x0000000767200000, 0x0000000767400000, 0x0000000767400000|100%|HC|  |TAMS 0x0000000767200000| PB 0x0000000767200000| Complete 
| 789|0x0000000767400000, 0x0000000767600000, 0x0000000767600000|100%|HC|  |TAMS 0x0000000767400000| PB 0x0000000767400000| Complete 
| 790|0x0000000767600000, 0x0000000767800000, 0x0000000767800000|100%|HC|  |TAMS 0x0000000767600000| PB 0x0000000767600000| Complete 
| 791|0x0000000767800000, 0x0000000767a00000, 0x0000000767a00000|100%|HC|  |TAMS 0x0000000767800000| PB 0x0000000767800000| Complete 
| 792|0x0000000767a00000, 0x0000000767c00000, 0x0000000767c00000|100%|HC|  |TAMS 0x0000000767a00000| PB 0x0000000767a00000| Complete 
| 793|0x0000000767c00000, 0x0000000767e00000, 0x0000000767e00000|100%|HC|  |TAMS 0x0000000767c00000| PB 0x0000000767c00000| Complete 
| 794|0x0000000767e00000, 0x0000000768000000, 0x0000000768000000|100%|HC|  |TAMS 0x0000000767e00000| PB 0x0000000767e00000| Complete 
| 795|0x0000000768000000, 0x0000000768200000, 0x0000000768200000|100%|HC|  |TAMS 0x0000000768000000| PB 0x0000000768000000| Complete 
| 796|0x0000000768200000, 0x0000000768400000, 0x0000000768400000|100%|HC|  |TAMS 0x0000000768200000| PB 0x0000000768200000| Complete 
| 797|0x0000000768400000, 0x0000000768600000, 0x0000000768600000|100%|HC|  |TAMS 0x0000000768400000| PB 0x0000000768400000| Complete 
| 798|0x0000000768600000, 0x0000000768800000, 0x0000000768800000|100%|HC|  |TAMS 0x0000000768600000| PB 0x0000000768600000| Complete 
| 799|0x0000000768800000, 0x0000000768a00000, 0x0000000768a00000|100%|HC|  |TAMS 0x0000000768800000| PB 0x0000000768800000| Complete 
| 800|0x0000000768a00000, 0x0000000768c00000, 0x0000000768c00000|100%|HC|  |TAMS 0x0000000768a00000| PB 0x0000000768a00000| Complete 
| 801|0x0000000768c00000, 0x0000000768e00000, 0x0000000768e00000|100%|HC|  |TAMS 0x0000000768c00000| PB 0x0000000768c00000| Complete 
| 802|0x0000000768e00000, 0x0000000769000000, 0x0000000769000000|100%|HC|  |TAMS 0x0000000768e00000| PB 0x0000000768e00000| Complete 
| 803|0x0000000769000000, 0x0000000769200000, 0x0000000769200000|100%|HC|  |TAMS 0x0000000769000000| PB 0x0000000769000000| Complete 
| 804|0x0000000769200000, 0x0000000769400000, 0x0000000769400000|100%|HC|  |TAMS 0x0000000769200000| PB 0x0000000769200000| Complete 
| 805|0x0000000769400000, 0x0000000769600000, 0x0000000769600000|100%|HC|  |TAMS 0x0000000769400000| PB 0x0000000769400000| Complete 
| 806|0x0000000769600000, 0x0000000769800000, 0x0000000769800000|100%|HC|  |TAMS 0x0000000769600000| PB 0x0000000769600000| Complete 
| 807|0x0000000769800000, 0x0000000769a00000, 0x0000000769a00000|100%|HC|  |TAMS 0x0000000769800000| PB 0x0000000769800000| Complete 
| 808|0x0000000769a00000, 0x0000000769c00000, 0x0000000769c00000|100%|HC|  |TAMS 0x0000000769a00000| PB 0x0000000769a00000| Complete 
| 809|0x0000000769c00000, 0x0000000769e00000, 0x0000000769e00000|100%|HC|  |TAMS 0x0000000769c00000| PB 0x0000000769c00000| Complete 
| 810|0x0000000769e00000, 0x000000076a000000, 0x000000076a000000|100%|HC|  |TAMS 0x0000000769e00000| PB 0x0000000769e00000| Complete 
| 811|0x000000076a000000, 0x000000076a200000, 0x000000076a200000|100%|HC|  |TAMS 0x000000076a000000| PB 0x000000076a000000| Complete 
| 812|0x000000076a200000, 0x000000076a200000, 0x000000076a400000|  0%| F|  |TAMS 0x000000076a200000| PB 0x000000076a200000| Untracked 
| 813|0x000000076a400000, 0x000000076a400000, 0x000000076a600000|  0%| F|  |TAMS 0x000000076a400000| PB 0x000000076a400000| Untracked 
| 814|0x000000076a600000, 0x000000076a600000, 0x000000076a800000|  0%| F|  |TAMS 0x000000076a600000| PB 0x000000076a600000| Untracked 
| 815|0x000000076a800000, 0x000000076a800000, 0x000000076aa00000|  0%| F|  |TAMS 0x000000076a800000| PB 0x000000076a800000| Untracked 
| 816|0x000000076aa00000, 0x000000076aa00000, 0x000000076ac00000|  0%| F|  |TAMS 0x000000076aa00000| PB 0x000000076aa00000| Untracked 
| 817|0x000000076ac00000, 0x000000076ac00000, 0x000000076ae00000|  0%| F|  |TAMS 0x000000076ac00000| PB 0x000000076ac00000| Untracked 
| 818|0x000000076ae00000, 0x000000076ae00000, 0x000000076b000000|  0%| F|  |TAMS 0x000000076ae00000| PB 0x000000076ae00000| Untracked 
| 819|0x000000076b000000, 0x000000076b000000, 0x000000076b200000|  0%| F|  |TAMS 0x000000076b000000| PB 0x000000076b000000| Untracked 
| 820|0x000000076b200000, 0x000000076b200000, 0x000000076b400000|  0%| F|  |TAMS 0x000000076b200000| PB 0x000000076b200000| Untracked 
| 821|0x000000076b400000, 0x000000076b400000, 0x000000076b600000|  0%| F|  |TAMS 0x000000076b400000| PB 0x000000076b400000| Untracked 
| 822|0x000000076b600000, 0x000000076b600000, 0x000000076b800000|  0%| F|  |TAMS 0x000000076b600000| PB 0x000000076b600000| Untracked 
| 823|0x000000076b800000, 0x000000076b800000, 0x000000076ba00000|  0%| F|  |TAMS 0x000000076b800000| PB 0x000000076b800000| Untracked 
| 824|0x000000076ba00000, 0x000000076ba00000, 0x000000076bc00000|  0%| F|  |TAMS 0x000000076ba00000| PB 0x000000076ba00000| Untracked 
| 825|0x000000076bc00000, 0x000000076bc00000, 0x000000076be00000|  0%| F|  |TAMS 0x000000076bc00000| PB 0x000000076bc00000| Untracked 
| 826|0x000000076be00000, 0x000000076be00000, 0x000000076c000000|  0%| F|  |TAMS 0x000000076be00000| PB 0x000000076be00000| Untracked 
| 827|0x000000076c000000, 0x000000076c000000, 0x000000076c200000|  0%| F|  |TAMS 0x000000076c000000| PB 0x000000076c000000| Untracked 
| 828|0x000000076c200000, 0x000000076c200000, 0x000000076c400000|  0%| F|  |TAMS 0x000000076c200000| PB 0x000000076c200000| Untracked 
| 829|0x000000076c400000, 0x000000076c400000, 0x000000076c600000|  0%| F|  |TAMS 0x000000076c400000| PB 0x000000076c400000| Untracked 
| 830|0x000000076c600000, 0x000000076c600000, 0x000000076c800000|  0%| F|  |TAMS 0x000000076c600000| PB 0x000000076c600000| Untracked 
| 831|0x000000076c800000, 0x000000076c800000, 0x000000076ca00000|  0%| F|  |TAMS 0x000000076c800000| PB 0x000000076c800000| Untracked 
| 832|0x000000076ca00000, 0x000000076ca00000, 0x000000076cc00000|  0%| F|  |TAMS 0x000000076ca00000| PB 0x000000076ca00000| Untracked 
| 833|0x000000076cc00000, 0x000000076cc00000, 0x000000076ce00000|  0%| F|  |TAMS 0x000000076cc00000| PB 0x000000076cc00000| Untracked 
| 834|0x000000076ce00000, 0x000000076ce00000, 0x000000076d000000|  0%| F|  |TAMS 0x000000076ce00000| PB 0x000000076ce00000| Untracked 
| 835|0x000000076d000000, 0x000000076d000000, 0x000000076d200000|  0%| F|  |TAMS 0x000000076d000000| PB 0x000000076d000000| Untracked 
| 836|0x000000076d200000, 0x000000076d200000, 0x000000076d400000|  0%| F|  |TAMS 0x000000076d200000| PB 0x000000076d200000| Untracked 
| 837|0x000000076d400000, 0x000000076d400000, 0x000000076d600000|  0%| F|  |TAMS 0x000000076d400000| PB 0x000000076d400000| Untracked 
| 838|0x000000076d600000, 0x000000076d600000, 0x000000076d800000|  0%| F|  |TAMS 0x000000076d600000| PB 0x000000076d600000| Untracked 
| 839|0x000000076d800000, 0x000000076d800000, 0x000000076da00000|  0%| F|  |TAMS 0x000000076d800000| PB 0x000000076d800000| Untracked 
| 840|0x000000076da00000, 0x000000076da00000, 0x000000076dc00000|  0%| F|  |TAMS 0x000000076da00000| PB 0x000000076da00000| Untracked 
| 841|0x000000076dc00000, 0x000000076dc00000, 0x000000076de00000|  0%| F|  |TAMS 0x000000076dc00000| PB 0x000000076dc00000| Untracked 
| 842|0x000000076de00000, 0x000000076de00000, 0x000000076e000000|  0%| F|  |TAMS 0x000000076de00000| PB 0x000000076de00000| Untracked 
| 843|0x000000076e000000, 0x000000076e000000, 0x000000076e200000|  0%| F|  |TAMS 0x000000076e000000| PB 0x000000076e000000| Untracked 
| 844|0x000000076e200000, 0x000000076e200000, 0x000000076e400000|  0%| F|  |TAMS 0x000000076e200000| PB 0x000000076e200000| Untracked 
| 845|0x000000076e400000, 0x000000076e400000, 0x000000076e600000|  0%| F|  |TAMS 0x000000076e400000| PB 0x000000076e400000| Untracked 
| 846|0x000000076e600000, 0x000000076e600000, 0x000000076e800000|  0%| F|  |TAMS 0x000000076e600000| PB 0x000000076e600000| Untracked 
| 847|0x000000076e800000, 0x000000076e800000, 0x000000076ea00000|  0%| F|  |TAMS 0x000000076e800000| PB 0x000000076e800000| Untracked 
| 848|0x000000076ea00000, 0x000000076ea00000, 0x000000076ec00000|  0%| F|  |TAMS 0x000000076ea00000| PB 0x000000076ea00000| Untracked 
| 849|0x000000076ec00000, 0x000000076ec00000, 0x000000076ee00000|  0%| F|  |TAMS 0x000000076ec00000| PB 0x000000076ec00000| Untracked 
| 850|0x000000076ee00000, 0x000000076ee00000, 0x000000076f000000|  0%| F|  |TAMS 0x000000076ee00000| PB 0x000000076ee00000| Untracked 
| 851|0x000000076f000000, 0x000000076f000000, 0x000000076f200000|  0%| F|  |TAMS 0x000000076f000000| PB 0x000000076f000000| Untracked 
| 852|0x000000076f200000, 0x000000076f400000, 0x000000076f400000|100%| S|CS|TAMS 0x000000076f200000| PB 0x000000076f200000| Complete 
| 853|0x000000076f400000, 0x000000076f600000, 0x000000076f600000|100%| S|CS|TAMS 0x000000076f400000| PB 0x000000076f400000| Complete 
| 854|0x000000076f600000, 0x000000076f800000, 0x000000076f800000|100%| S|CS|TAMS 0x000000076f600000| PB 0x000000076f600000| Complete 
| 855|0x000000076f800000, 0x000000076fa00000, 0x000000076fa00000|100%| S|CS|TAMS 0x000000076f800000| PB 0x000000076f800000| Complete 
| 856|0x000000076fa00000, 0x000000076fc00000, 0x000000076fc00000|100%| S|CS|TAMS 0x000000076fa00000| PB 0x000000076fa00000| Complete 
| 857|0x000000076fc00000, 0x000000076fe00000, 0x000000076fe00000|100%| S|CS|TAMS 0x000000076fc00000| PB 0x000000076fc00000| Complete 
| 858|0x000000076fe00000, 0x0000000770000000, 0x0000000770000000|100%| S|CS|TAMS 0x000000076fe00000| PB 0x000000076fe00000| Complete 
| 859|0x0000000770000000, 0x0000000770200000, 0x0000000770200000|100%| S|CS|TAMS 0x0000000770000000| PB 0x0000000770000000| Complete 
| 860|0x0000000770200000, 0x0000000770400000, 0x0000000770400000|100%| S|CS|TAMS 0x0000000770200000| PB 0x0000000770200000| Complete 
| 861|0x0000000770400000, 0x0000000770600000, 0x0000000770600000|100%| S|CS|TAMS 0x0000000770400000| PB 0x0000000770400000| Complete 
| 862|0x0000000770600000, 0x0000000770800000, 0x0000000770800000|100%|HS|  |TAMS 0x0000000770600000| PB 0x0000000770600000| Complete 
| 863|0x0000000770800000, 0x0000000770a00000, 0x0000000770a00000|100%|HC|  |TAMS 0x0000000770800000| PB 0x0000000770800000| Complete 
| 864|0x0000000770a00000, 0x0000000770c00000, 0x0000000770c00000|100%|HC|  |TAMS 0x0000000770a00000| PB 0x0000000770a00000| Complete 
| 865|0x0000000770c00000, 0x0000000770e00000, 0x0000000770e00000|100%|HC|  |TAMS 0x0000000770c00000| PB 0x0000000770c00000| Complete 
| 866|0x0000000770e00000, 0x0000000771000000, 0x0000000771000000|100%|HC|  |TAMS 0x0000000770e00000| PB 0x0000000770e00000| Complete 
| 867|0x0000000771000000, 0x0000000771200000, 0x0000000771200000|100%|HC|  |TAMS 0x0000000771000000| PB 0x0000000771000000| Complete 
| 868|0x0000000771200000, 0x0000000771400000, 0x0000000771400000|100%|HC|  |TAMS 0x0000000771200000| PB 0x0000000771200000| Complete 
| 869|0x0000000771400000, 0x0000000771600000, 0x0000000771600000|100%|HC|  |TAMS 0x0000000771400000| PB 0x0000000771400000| Complete 
| 870|0x0000000771600000, 0x0000000771800000, 0x0000000771800000|100%|HC|  |TAMS 0x0000000771600000| PB 0x0000000771600000| Complete 
| 871|0x0000000771800000, 0x0000000771a00000, 0x0000000771a00000|100%|HC|  |TAMS 0x0000000771800000| PB 0x0000000771800000| Complete 
| 872|0x0000000771a00000, 0x0000000771c00000, 0x0000000771c00000|100%|HC|  |TAMS 0x0000000771a00000| PB 0x0000000771a00000| Complete 
| 873|0x0000000771c00000, 0x0000000771e00000, 0x0000000771e00000|100%|HC|  |TAMS 0x0000000771c00000| PB 0x0000000771c00000| Complete 
| 874|0x0000000771e00000, 0x0000000772000000, 0x0000000772000000|100%|HC|  |TAMS 0x0000000771e00000| PB 0x0000000771e00000| Complete 
| 875|0x0000000772000000, 0x0000000772200000, 0x0000000772200000|100%|HC|  |TAMS 0x0000000772000000| PB 0x0000000772000000| Complete 
| 876|0x0000000772200000, 0x0000000772400000, 0x0000000772400000|100%|HC|  |TAMS 0x0000000772200000| PB 0x0000000772200000| Complete 
| 877|0x0000000772400000, 0x0000000772600000, 0x0000000772600000|100%|HC|  |TAMS 0x0000000772400000| PB 0x0000000772400000| Complete 
| 878|0x0000000772600000, 0x0000000772800000, 0x0000000772800000|100%|HC|  |TAMS 0x0000000772600000| PB 0x0000000772600000| Complete 
| 879|0x0000000772800000, 0x0000000772a00000, 0x0000000772a00000|100%|HC|  |TAMS 0x0000000772800000| PB 0x0000000772800000| Complete 
| 880|0x0000000772a00000, 0x0000000772c00000, 0x0000000772c00000|100%|HC|  |TAMS 0x0000000772a00000| PB 0x0000000772a00000| Complete 
| 881|0x0000000772c00000, 0x0000000772e00000, 0x0000000772e00000|100%|HC|  |TAMS 0x0000000772c00000| PB 0x0000000772c00000| Complete 
| 882|0x0000000772e00000, 0x0000000773000000, 0x0000000773000000|100%|HC|  |TAMS 0x0000000772e00000| PB 0x0000000772e00000| Complete 
| 883|0x0000000773000000, 0x0000000773200000, 0x0000000773200000|100%|HC|  |TAMS 0x0000000773000000| PB 0x0000000773000000| Complete 
| 884|0x0000000773200000, 0x0000000773400000, 0x0000000773400000|100%|HC|  |TAMS 0x0000000773200000| PB 0x0000000773200000| Complete 
| 885|0x0000000773400000, 0x0000000773600000, 0x0000000773600000|100%|HC|  |TAMS 0x0000000773400000| PB 0x0000000773400000| Complete 
| 886|0x0000000773600000, 0x0000000773800000, 0x0000000773800000|100%|HC|  |TAMS 0x0000000773600000| PB 0x0000000773600000| Complete 
| 887|0x0000000773800000, 0x0000000773a00000, 0x0000000773a00000|100%|HC|  |TAMS 0x0000000773800000| PB 0x0000000773800000| Complete 
| 888|0x0000000773a00000, 0x0000000773c00000, 0x0000000773c00000|100%|HC|  |TAMS 0x0000000773a00000| PB 0x0000000773a00000| Complete 
| 889|0x0000000773c00000, 0x0000000773e00000, 0x0000000773e00000|100%|HC|  |TAMS 0x0000000773c00000| PB 0x0000000773c00000| Complete 
| 890|0x0000000773e00000, 0x0000000774000000, 0x0000000774000000|100%|HC|  |TAMS 0x0000000773e00000| PB 0x0000000773e00000| Complete 
| 891|0x0000000774000000, 0x0000000774200000, 0x0000000774200000|100%|HC|  |TAMS 0x0000000774000000| PB 0x0000000774000000| Complete 
| 892|0x0000000774200000, 0x0000000774400000, 0x0000000774400000|100%|HC|  |TAMS 0x0000000774200000| PB 0x0000000774200000| Complete 
| 893|0x0000000774400000, 0x0000000774600000, 0x0000000774600000|100%|HC|  |TAMS 0x0000000774400000| PB 0x0000000774400000| Complete 
| 894|0x0000000774600000, 0x0000000774800000, 0x0000000774800000|100%|HC|  |TAMS 0x0000000774600000| PB 0x0000000774600000| Complete 
| 895|0x0000000774800000, 0x0000000774a00000, 0x0000000774a00000|100%|HC|  |TAMS 0x0000000774800000| PB 0x0000000774800000| Complete 
| 896|0x0000000774a00000, 0x0000000774c00000, 0x0000000774c00000|100%|HC|  |TAMS 0x0000000774a00000| PB 0x0000000774a00000| Complete 
| 897|0x0000000774c00000, 0x0000000774e00000, 0x0000000774e00000|100%|HC|  |TAMS 0x0000000774c00000| PB 0x0000000774c00000| Complete 
| 898|0x0000000774e00000, 0x0000000775000000, 0x0000000775000000|100%|HC|  |TAMS 0x0000000774e00000| PB 0x0000000774e00000| Complete 
| 899|0x0000000775000000, 0x0000000775200000, 0x0000000775200000|100%|HC|  |TAMS 0x0000000775000000| PB 0x0000000775000000| Complete 
| 900|0x0000000775200000, 0x0000000775400000, 0x0000000775400000|100%|HC|  |TAMS 0x0000000775200000| PB 0x0000000775200000| Complete 
| 901|0x0000000775400000, 0x0000000775600000, 0x0000000775600000|100%|HC|  |TAMS 0x0000000775400000| PB 0x0000000775400000| Complete 
| 902|0x0000000775600000, 0x0000000775800000, 0x0000000775800000|100%|HC|  |TAMS 0x0000000775600000| PB 0x0000000775600000| Complete 
| 903|0x0000000775800000, 0x0000000775a00000, 0x0000000775a00000|100%|HC|  |TAMS 0x0000000775800000| PB 0x0000000775800000| Complete 
| 904|0x0000000775a00000, 0x0000000775c00000, 0x0000000775c00000|100%|HC|  |TAMS 0x0000000775a00000| PB 0x0000000775a00000| Complete 
| 905|0x0000000775c00000, 0x0000000775e00000, 0x0000000775e00000|100%|HC|  |TAMS 0x0000000775c00000| PB 0x0000000775c00000| Complete 
| 906|0x0000000775e00000, 0x0000000776000000, 0x0000000776000000|100%|HC|  |TAMS 0x0000000775e00000| PB 0x0000000775e00000| Complete 
| 907|0x0000000776000000, 0x0000000776200000, 0x0000000776200000|100%|HC|  |TAMS 0x0000000776000000| PB 0x0000000776000000| Complete 
| 908|0x0000000776200000, 0x0000000776400000, 0x0000000776400000|100%|HC|  |TAMS 0x0000000776200000| PB 0x0000000776200000| Complete 
| 909|0x0000000776400000, 0x0000000776600000, 0x0000000776600000|100%|HC|  |TAMS 0x0000000776400000| PB 0x0000000776400000| Complete 
| 910|0x0000000776600000, 0x0000000776800000, 0x0000000776800000|100%|HC|  |TAMS 0x0000000776600000| PB 0x0000000776600000| Complete 
| 911|0x0000000776800000, 0x0000000776a00000, 0x0000000776a00000|100%|HC|  |TAMS 0x0000000776800000| PB 0x0000000776800000| Complete 
| 912|0x0000000776a00000, 0x0000000776c00000, 0x0000000776c00000|100%|HC|  |TAMS 0x0000000776a00000| PB 0x0000000776a00000| Complete 
| 913|0x0000000776c00000, 0x0000000776e00000, 0x0000000776e00000|100%|HC|  |TAMS 0x0000000776c00000| PB 0x0000000776c00000| Complete 
| 914|0x0000000776e00000, 0x0000000777000000, 0x0000000777000000|100%|HC|  |TAMS 0x0000000776e00000| PB 0x0000000776e00000| Complete 
| 915|0x0000000777000000, 0x0000000777200000, 0x0000000777200000|100%|HC|  |TAMS 0x0000000777000000| PB 0x0000000777000000| Complete 
| 916|0x0000000777200000, 0x0000000777400000, 0x0000000777400000|100%|HC|  |TAMS 0x0000000777200000| PB 0x0000000777200000| Complete 
| 917|0x0000000777400000, 0x0000000777600000, 0x0000000777600000|100%|HC|  |TAMS 0x0000000777400000| PB 0x0000000777400000| Complete 
| 918|0x0000000777600000, 0x0000000777800000, 0x0000000777800000|100%|HC|  |TAMS 0x0000000777600000| PB 0x0000000777600000| Complete 
| 919|0x0000000777800000, 0x0000000777a00000, 0x0000000777a00000|100%|HC|  |TAMS 0x0000000777800000| PB 0x0000000777800000| Complete 
| 920|0x0000000777a00000, 0x0000000777c00000, 0x0000000777c00000|100%|HS|  |TAMS 0x0000000777a00000| PB 0x0000000777a00000| Complete 
| 921|0x0000000777c00000, 0x0000000777e00000, 0x0000000777e00000|100%|HC|  |TAMS 0x0000000777c00000| PB 0x0000000777c00000| Complete 
| 922|0x0000000777e00000, 0x0000000778000000, 0x0000000778000000|100%|HC|  |TAMS 0x0000000777e00000| PB 0x0000000777e00000| Complete 
| 923|0x0000000778000000, 0x0000000778200000, 0x0000000778200000|100%|HC|  |TAMS 0x0000000778000000| PB 0x0000000778000000| Complete 
| 924|0x0000000778200000, 0x0000000778400000, 0x0000000778400000|100%|HC|  |TAMS 0x0000000778200000| PB 0x0000000778200000| Complete 
| 925|0x0000000778400000, 0x0000000778600000, 0x0000000778600000|100%|HC|  |TAMS 0x0000000778400000| PB 0x0000000778400000| Complete 
| 926|0x0000000778600000, 0x0000000778800000, 0x0000000778800000|100%|HC|  |TAMS 0x0000000778600000| PB 0x0000000778600000| Complete 
| 927|0x0000000778800000, 0x0000000778a00000, 0x0000000778a00000|100%|HC|  |TAMS 0x0000000778800000| PB 0x0000000778800000| Complete 
| 928|0x0000000778a00000, 0x0000000778c00000, 0x0000000778c00000|100%|HC|  |TAMS 0x0000000778a00000| PB 0x0000000778a00000| Complete 
| 929|0x0000000778c00000, 0x0000000778e00000, 0x0000000778e00000|100%|HC|  |TAMS 0x0000000778c00000| PB 0x0000000778c00000| Complete 
| 930|0x0000000778e00000, 0x0000000779000000, 0x0000000779000000|100%|HC|  |TAMS 0x0000000778e00000| PB 0x0000000778e00000| Complete 
| 931|0x0000000779000000, 0x0000000779200000, 0x0000000779200000|100%|HC|  |TAMS 0x0000000779000000| PB 0x0000000779000000| Complete 
| 932|0x0000000779200000, 0x0000000779400000, 0x0000000779400000|100%|HC|  |TAMS 0x0000000779200000| PB 0x0000000779200000| Complete 
| 933|0x0000000779400000, 0x0000000779600000, 0x0000000779600000|100%|HC|  |TAMS 0x0000000779400000| PB 0x0000000779400000| Complete 
| 934|0x0000000779600000, 0x0000000779800000, 0x0000000779800000|100%|HC|  |TAMS 0x0000000779600000| PB 0x0000000779600000| Complete 
| 935|0x0000000779800000, 0x0000000779a00000, 0x0000000779a00000|100%|HC|  |TAMS 0x0000000779800000| PB 0x0000000779800000| Complete 
| 936|0x0000000779a00000, 0x0000000779c00000, 0x0000000779c00000|100%|HC|  |TAMS 0x0000000779a00000| PB 0x0000000779a00000| Complete 
| 937|0x0000000779c00000, 0x0000000779e00000, 0x0000000779e00000|100%|HC|  |TAMS 0x0000000779c00000| PB 0x0000000779c00000| Complete 
| 938|0x0000000779e00000, 0x000000077a000000, 0x000000077a000000|100%|HC|  |TAMS 0x0000000779e00000| PB 0x0000000779e00000| Complete 
| 939|0x000000077a000000, 0x000000077a200000, 0x000000077a200000|100%|HC|  |TAMS 0x000000077a000000| PB 0x000000077a000000| Complete 
| 940|0x000000077a200000, 0x000000077a400000, 0x000000077a400000|100%|HC|  |TAMS 0x000000077a200000| PB 0x000000077a200000| Complete 
| 941|0x000000077a400000, 0x000000077a600000, 0x000000077a600000|100%|HC|  |TAMS 0x000000077a400000| PB 0x000000077a400000| Complete 
| 942|0x000000077a600000, 0x000000077a800000, 0x000000077a800000|100%|HC|  |TAMS 0x000000077a600000| PB 0x000000077a600000| Complete 
| 943|0x000000077a800000, 0x000000077aa00000, 0x000000077aa00000|100%|HC|  |TAMS 0x000000077a800000| PB 0x000000077a800000| Complete 
| 944|0x000000077aa00000, 0x000000077ac00000, 0x000000077ac00000|100%|HC|  |TAMS 0x000000077aa00000| PB 0x000000077aa00000| Complete 
| 945|0x000000077ac00000, 0x000000077ae00000, 0x000000077ae00000|100%|HC|  |TAMS 0x000000077ac00000| PB 0x000000077ac00000| Complete 
| 946|0x000000077ae00000, 0x000000077b000000, 0x000000077b000000|100%|HC|  |TAMS 0x000000077ae00000| PB 0x000000077ae00000| Complete 
| 947|0x000000077b000000, 0x000000077b200000, 0x000000077b200000|100%|HC|  |TAMS 0x000000077b000000| PB 0x000000077b000000| Complete 
| 948|0x000000077b200000, 0x000000077b400000, 0x000000077b400000|100%|HC|  |TAMS 0x000000077b200000| PB 0x000000077b200000| Complete 
| 949|0x000000077b400000, 0x000000077b600000, 0x000000077b600000|100%|HC|  |TAMS 0x000000077b400000| PB 0x000000077b400000| Complete 
| 950|0x000000077b600000, 0x000000077b800000, 0x000000077b800000|100%|HC|  |TAMS 0x000000077b600000| PB 0x000000077b600000| Complete 
| 951|0x000000077b800000, 0x000000077ba00000, 0x000000077ba00000|100%|HC|  |TAMS 0x000000077b800000| PB 0x000000077b800000| Complete 
| 952|0x000000077ba00000, 0x000000077bc00000, 0x000000077bc00000|100%|HC|  |TAMS 0x000000077ba00000| PB 0x000000077ba00000| Complete 
| 953|0x000000077bc00000, 0x000000077be00000, 0x000000077be00000|100%|HC|  |TAMS 0x000000077bc00000| PB 0x000000077bc00000| Complete 
| 954|0x000000077be00000, 0x000000077c000000, 0x000000077c000000|100%|HC|  |TAMS 0x000000077be00000| PB 0x000000077be00000| Complete 
| 955|0x000000077c000000, 0x000000077c200000, 0x000000077c200000|100%|HC|  |TAMS 0x000000077c000000| PB 0x000000077c000000| Complete 
| 956|0x000000077c200000, 0x000000077c400000, 0x000000077c400000|100%|HC|  |TAMS 0x000000077c200000| PB 0x000000077c200000| Complete 
| 957|0x000000077c400000, 0x000000077c600000, 0x000000077c600000|100%|HC|  |TAMS 0x000000077c400000| PB 0x000000077c400000| Complete 
| 958|0x000000077c600000, 0x000000077c800000, 0x000000077c800000|100%|HC|  |TAMS 0x000000077c600000| PB 0x000000077c600000| Complete 
| 959|0x000000077c800000, 0x000000077ca00000, 0x000000077ca00000|100%|HC|  |TAMS 0x000000077c800000| PB 0x000000077c800000| Complete 
| 960|0x000000077ca00000, 0x000000077cc00000, 0x000000077cc00000|100%|HC|  |TAMS 0x000000077ca00000| PB 0x000000077ca00000| Complete 
| 961|0x000000077cc00000, 0x000000077ce00000, 0x000000077ce00000|100%|HC|  |TAMS 0x000000077cc00000| PB 0x000000077cc00000| Complete 
| 962|0x000000077ce00000, 0x000000077d000000, 0x000000077d000000|100%|HC|  |TAMS 0x000000077ce00000| PB 0x000000077ce00000| Complete 
| 963|0x000000077d000000, 0x000000077d200000, 0x000000077d200000|100%|HC|  |TAMS 0x000000077d000000| PB 0x000000077d000000| Complete 
| 964|0x000000077d200000, 0x000000077d400000, 0x000000077d400000|100%|HC|  |TAMS 0x000000077d200000| PB 0x000000077d200000| Complete 
| 965|0x000000077d400000, 0x000000077d600000, 0x000000077d600000|100%|HC|  |TAMS 0x000000077d400000| PB 0x000000077d400000| Complete 
| 966|0x000000077d600000, 0x000000077d800000, 0x000000077d800000|100%|HC|  |TAMS 0x000000077d600000| PB 0x000000077d600000| Complete 
| 967|0x000000077d800000, 0x000000077da00000, 0x000000077da00000|100%|HC|  |TAMS 0x000000077d800000| PB 0x000000077d800000| Complete 
| 968|0x000000077da00000, 0x000000077dc00000, 0x000000077dc00000|100%|HC|  |TAMS 0x000000077da00000| PB 0x000000077da00000| Complete 
| 969|0x000000077dc00000, 0x000000077de00000, 0x000000077de00000|100%|HC|  |TAMS 0x000000077dc00000| PB 0x000000077dc00000| Complete 
| 970|0x000000077de00000, 0x000000077e000000, 0x000000077e000000|100%|HC|  |TAMS 0x000000077de00000| PB 0x000000077de00000| Complete 
| 971|0x000000077e000000, 0x000000077e200000, 0x000000077e200000|100%|HC|  |TAMS 0x000000077e000000| PB 0x000000077e000000| Complete 
| 972|0x000000077e200000, 0x000000077e400000, 0x000000077e400000|100%|HC|  |TAMS 0x000000077e200000| PB 0x000000077e200000| Complete 
| 973|0x000000077e400000, 0x000000077e600000, 0x000000077e600000|100%|HC|  |TAMS 0x000000077e400000| PB 0x000000077e400000| Complete 
| 974|0x000000077e600000, 0x000000077e800000, 0x000000077e800000|100%|HC|  |TAMS 0x000000077e600000| PB 0x000000077e600000| Complete 
| 975|0x000000077e800000, 0x000000077ea00000, 0x000000077ea00000|100%|HC|  |TAMS 0x000000077e800000| PB 0x000000077e800000| Complete 
| 976|0x000000077ea00000, 0x000000077ec00000, 0x000000077ec00000|100%|HC|  |TAMS 0x000000077ea00000| PB 0x000000077ea00000| Complete 
| 977|0x000000077ec00000, 0x000000077ee00000, 0x000000077ee00000|100%|HC|  |TAMS 0x000000077ec00000| PB 0x000000077ec00000| Complete 
| 978|0x000000077ee00000, 0x000000077ee00000, 0x000000077f000000|  0%| F|  |TAMS 0x000000077ee00000| PB 0x000000077ee00000| Untracked 
| 979|0x000000077f000000, 0x000000077f000000, 0x000000077f200000|  0%| F|  |TAMS 0x000000077f000000| PB 0x000000077f000000| Untracked 
| 980|0x000000077f200000, 0x000000077f200000, 0x000000077f400000|  0%| F|  |TAMS 0x000000077f200000| PB 0x000000077f200000| Untracked 
| 981|0x000000077f400000, 0x000000077f400000, 0x000000077f600000|  0%| F|  |TAMS 0x000000077f400000| PB 0x000000077f400000| Untracked 
| 982|0x000000077f600000, 0x000000077f600000, 0x000000077f800000|  0%| F|  |TAMS 0x000000077f600000| PB 0x000000077f600000| Untracked 
| 983|0x000000077f800000, 0x000000077f800000, 0x000000077fa00000|  0%| F|  |TAMS 0x000000077f800000| PB 0x000000077f800000| Untracked 
| 984|0x000000077fa00000, 0x000000077fa00000, 0x000000077fc00000|  0%| F|  |TAMS 0x000000077fa00000| PB 0x000000077fa00000| Untracked 
| 985|0x000000077fc00000, 0x000000077fc00000, 0x000000077fe00000|  0%| F|  |TAMS 0x000000077fc00000| PB 0x000000077fc00000| Untracked 
| 986|0x000000077fe00000, 0x000000077fe00000, 0x0000000780000000|  0%| F|  |TAMS 0x000000077fe00000| PB 0x000000077fe00000| Untracked 
| 987|0x0000000780000000, 0x0000000780000000, 0x0000000780200000|  0%| F|  |TAMS 0x0000000780000000| PB 0x0000000780000000| Untracked 
| 988|0x0000000780200000, 0x0000000780200000, 0x0000000780400000|  0%| F|  |TAMS 0x0000000780200000| PB 0x0000000780200000| Untracked 
| 989|0x0000000780400000, 0x0000000780400000, 0x0000000780600000|  0%| F|  |TAMS 0x0000000780400000| PB 0x0000000780400000| Untracked 
| 990|0x0000000780600000, 0x0000000780600000, 0x0000000780800000|  0%| F|  |TAMS 0x0000000780600000| PB 0x0000000780600000| Untracked 
| 991|0x0000000780800000, 0x0000000780800000, 0x0000000780a00000|  0%| F|  |TAMS 0x0000000780800000| PB 0x0000000780800000| Untracked 
| 992|0x0000000780a00000, 0x0000000780a00000, 0x0000000780c00000|  0%| F|  |TAMS 0x0000000780a00000| PB 0x0000000780a00000| Untracked 
| 993|0x0000000780c00000, 0x0000000780c00000, 0x0000000780e00000|  0%| F|  |TAMS 0x0000000780c00000| PB 0x0000000780c00000| Untracked 
| 994|0x0000000780e00000, 0x0000000780e00000, 0x0000000781000000|  0%| F|  |TAMS 0x0000000780e00000| PB 0x0000000780e00000| Untracked 
| 995|0x0000000781000000, 0x0000000781000000, 0x0000000781200000|  0%| F|  |TAMS 0x0000000781000000| PB 0x0000000781000000| Untracked 
| 996|0x0000000781200000, 0x0000000781200000, 0x0000000781400000|  0%| F|  |TAMS 0x0000000781200000| PB 0x0000000781200000| Untracked 
| 997|0x0000000781400000, 0x0000000781400000, 0x0000000781600000|  0%| F|  |TAMS 0x0000000781400000| PB 0x0000000781400000| Untracked 
| 998|0x0000000781600000, 0x0000000781600000, 0x0000000781800000|  0%| F|  |TAMS 0x0000000781600000| PB 0x0000000781600000| Untracked 
| 999|0x0000000781800000, 0x0000000781800000, 0x0000000781a00000|  0%| F|  |TAMS 0x0000000781800000| PB 0x0000000781800000| Untracked 
|1000|0x0000000781a00000, 0x0000000781b4cc88, 0x0000000781c00000| 64%| E|  |TAMS 0x0000000781a00000| PB 0x0000000781a00000| Complete 
|1001|0x0000000781c00000, 0x0000000781e00000, 0x0000000781e00000|100%|HS|  |TAMS 0x0000000781c00000| PB 0x0000000781c00000| Complete 
|1002|0x0000000781e00000, 0x0000000782000000, 0x0000000782000000|100%|HC|  |TAMS 0x0000000781e00000| PB 0x0000000781e00000| Complete 
|1003|0x0000000782000000, 0x0000000782200000, 0x0000000782200000|100%|HC|  |TAMS 0x0000000782000000| PB 0x0000000782000000| Complete 
|1004|0x0000000782200000, 0x0000000782400000, 0x0000000782400000|100%|HC|  |TAMS 0x0000000782200000| PB 0x0000000782200000| Complete 
|1005|0x0000000782400000, 0x0000000782600000, 0x0000000782600000|100%|HC|  |TAMS 0x0000000782400000| PB 0x0000000782400000| Complete 
|1006|0x0000000782600000, 0x0000000782800000, 0x0000000782800000|100%|HC|  |TAMS 0x0000000782600000| PB 0x0000000782600000| Complete 
|1007|0x0000000782800000, 0x0000000782a00000, 0x0000000782a00000|100%|HC|  |TAMS 0x0000000782800000| PB 0x0000000782800000| Complete 
|1008|0x0000000782a00000, 0x0000000782c00000, 0x0000000782c00000|100%|HC|  |TAMS 0x0000000782a00000| PB 0x0000000782a00000| Complete 
|1009|0x0000000782c00000, 0x0000000782e00000, 0x0000000782e00000|100%|HC|  |TAMS 0x0000000782c00000| PB 0x0000000782c00000| Complete 
|1010|0x0000000782e00000, 0x0000000783000000, 0x0000000783000000|100%|HC|  |TAMS 0x0000000782e00000| PB 0x0000000782e00000| Complete 
|1011|0x0000000783000000, 0x0000000783200000, 0x0000000783200000|100%|HC|  |TAMS 0x0000000783000000| PB 0x0000000783000000| Complete 
|1012|0x0000000783200000, 0x0000000783400000, 0x0000000783400000|100%|HC|  |TAMS 0x0000000783200000| PB 0x0000000783200000| Complete 
|1013|0x0000000783400000, 0x0000000783600000, 0x0000000783600000|100%|HC|  |TAMS 0x0000000783400000| PB 0x0000000783400000| Complete 
|1014|0x0000000783600000, 0x0000000783800000, 0x0000000783800000|100%|HC|  |TAMS 0x0000000783600000| PB 0x0000000783600000| Complete 
|1015|0x0000000783800000, 0x0000000783a00000, 0x0000000783a00000|100%|HC|  |TAMS 0x0000000783800000| PB 0x0000000783800000| Complete 
|1016|0x0000000783a00000, 0x0000000783c00000, 0x0000000783c00000|100%|HC|  |TAMS 0x0000000783a00000| PB 0x0000000783a00000| Complete 
|1017|0x0000000783c00000, 0x0000000783e00000, 0x0000000783e00000|100%|HC|  |TAMS 0x0000000783c00000| PB 0x0000000783c00000| Complete 
|1018|0x0000000783e00000, 0x0000000784000000, 0x0000000784000000|100%|HC|  |TAMS 0x0000000783e00000| PB 0x0000000783e00000| Complete 
|1019|0x0000000784000000, 0x0000000784200000, 0x0000000784200000|100%|HC|  |TAMS 0x0000000784000000| PB 0x0000000784000000| Complete 
|1020|0x0000000784200000, 0x0000000784400000, 0x0000000784400000|100%|HC|  |TAMS 0x0000000784200000| PB 0x0000000784200000| Complete 
|1021|0x0000000784400000, 0x0000000784600000, 0x0000000784600000|100%|HC|  |TAMS 0x0000000784400000| PB 0x0000000784400000| Complete 
|1022|0x0000000784600000, 0x0000000784800000, 0x0000000784800000|100%|HC|  |TAMS 0x0000000784600000| PB 0x0000000784600000| Complete 
|1023|0x0000000784800000, 0x0000000784a00000, 0x0000000784a00000|100%|HC|  |TAMS 0x0000000784800000| PB 0x0000000784800000| Complete 
|1024|0x0000000784a00000, 0x0000000784c00000, 0x0000000784c00000|100%|HC|  |TAMS 0x0000000784a00000| PB 0x0000000784a00000| Complete 
|1025|0x0000000784c00000, 0x0000000784e00000, 0x0000000784e00000|100%|HC|  |TAMS 0x0000000784c00000| PB 0x0000000784c00000| Complete 
|1026|0x0000000784e00000, 0x0000000785000000, 0x0000000785000000|100%|HC|  |TAMS 0x0000000784e00000| PB 0x0000000784e00000| Complete 
|1027|0x0000000785000000, 0x0000000785200000, 0x0000000785200000|100%|HC|  |TAMS 0x0000000785000000| PB 0x0000000785000000| Complete 
|1028|0x0000000785200000, 0x0000000785400000, 0x0000000785400000|100%|HC|  |TAMS 0x0000000785200000| PB 0x0000000785200000| Complete 
|1029|0x0000000785400000, 0x0000000785600000, 0x0000000785600000|100%|HC|  |TAMS 0x0000000785400000| PB 0x0000000785400000| Complete 
|1030|0x0000000785600000, 0x0000000785800000, 0x0000000785800000|100%|HC|  |TAMS 0x0000000785600000| PB 0x0000000785600000| Complete 
|1031|0x0000000785800000, 0x0000000785a00000, 0x0000000785a00000|100%|HC|  |TAMS 0x0000000785800000| PB 0x0000000785800000| Complete 
|1032|0x0000000785a00000, 0x0000000785c00000, 0x0000000785c00000|100%|HC|  |TAMS 0x0000000785a00000| PB 0x0000000785a00000| Complete 
|1033|0x0000000785c00000, 0x0000000785e00000, 0x0000000785e00000|100%|HC|  |TAMS 0x0000000785c00000| PB 0x0000000785c00000| Complete 
|1034|0x0000000785e00000, 0x0000000786000000, 0x0000000786000000|100%|HC|  |TAMS 0x0000000785e00000| PB 0x0000000785e00000| Complete 
|1035|0x0000000786000000, 0x0000000786200000, 0x0000000786200000|100%|HC|  |TAMS 0x0000000786000000| PB 0x0000000786000000| Complete 
|1036|0x0000000786200000, 0x0000000786400000, 0x0000000786400000|100%|HC|  |TAMS 0x0000000786200000| PB 0x0000000786200000| Complete 
|1037|0x0000000786400000, 0x0000000786600000, 0x0000000786600000|100%|HC|  |TAMS 0x0000000786400000| PB 0x0000000786400000| Complete 
|1038|0x0000000786600000, 0x0000000786800000, 0x0000000786800000|100%|HC|  |TAMS 0x0000000786600000| PB 0x0000000786600000| Complete 
|1039|0x0000000786800000, 0x0000000786a00000, 0x0000000786a00000|100%|HC|  |TAMS 0x0000000786800000| PB 0x0000000786800000| Complete 
|1040|0x0000000786a00000, 0x0000000786c00000, 0x0000000786c00000|100%|HC|  |TAMS 0x0000000786a00000| PB 0x0000000786a00000| Complete 
|1041|0x0000000786c00000, 0x0000000786e00000, 0x0000000786e00000|100%|HC|  |TAMS 0x0000000786c00000| PB 0x0000000786c00000| Complete 
|1042|0x0000000786e00000, 0x0000000787000000, 0x0000000787000000|100%|HC|  |TAMS 0x0000000786e00000| PB 0x0000000786e00000| Complete 
|1043|0x0000000787000000, 0x0000000787200000, 0x0000000787200000|100%|HC|  |TAMS 0x0000000787000000| PB 0x0000000787000000| Complete 
|1044|0x0000000787200000, 0x0000000787400000, 0x0000000787400000|100%|HC|  |TAMS 0x0000000787200000| PB 0x0000000787200000| Complete 
|1045|0x0000000787400000, 0x0000000787600000, 0x0000000787600000|100%|HC|  |TAMS 0x0000000787400000| PB 0x0000000787400000| Complete 
|1046|0x0000000787600000, 0x0000000787800000, 0x0000000787800000|100%|HC|  |TAMS 0x0000000787600000| PB 0x0000000787600000| Complete 
|1047|0x0000000787800000, 0x0000000787a00000, 0x0000000787a00000|100%|HC|  |TAMS 0x0000000787800000| PB 0x0000000787800000| Complete 
|1048|0x0000000787a00000, 0x0000000787c00000, 0x0000000787c00000|100%|HC|  |TAMS 0x0000000787a00000| PB 0x0000000787a00000| Complete 
|1049|0x0000000787c00000, 0x0000000787e00000, 0x0000000787e00000|100%|HC|  |TAMS 0x0000000787c00000| PB 0x0000000787c00000| Complete 
|1050|0x0000000787e00000, 0x0000000788000000, 0x0000000788000000|100%|HC|  |TAMS 0x0000000787e00000| PB 0x0000000787e00000| Complete 
|1051|0x0000000788000000, 0x0000000788200000, 0x0000000788200000|100%|HC|  |TAMS 0x0000000788000000| PB 0x0000000788000000| Complete 
|1052|0x0000000788200000, 0x0000000788400000, 0x0000000788400000|100%|HC|  |TAMS 0x0000000788200000| PB 0x0000000788200000| Complete 
|1053|0x0000000788400000, 0x0000000788600000, 0x0000000788600000|100%|HC|  |TAMS 0x0000000788400000| PB 0x0000000788400000| Complete 
|1054|0x0000000788600000, 0x0000000788800000, 0x0000000788800000|100%|HC|  |TAMS 0x0000000788600000| PB 0x0000000788600000| Complete 
|1055|0x0000000788800000, 0x0000000788a00000, 0x0000000788a00000|100%|HC|  |TAMS 0x0000000788800000| PB 0x0000000788800000| Complete 
|1056|0x0000000788a00000, 0x0000000788c00000, 0x0000000788c00000|100%|HC|  |TAMS 0x0000000788a00000| PB 0x0000000788a00000| Complete 
|1057|0x0000000788c00000, 0x0000000788e00000, 0x0000000788e00000|100%|HC|  |TAMS 0x0000000788c00000| PB 0x0000000788c00000| Complete 
|1058|0x0000000788e00000, 0x0000000789000000, 0x0000000789000000|100%|HC|  |TAMS 0x0000000788e00000| PB 0x0000000788e00000| Complete 
|1059|0x0000000789000000, 0x0000000789200000, 0x0000000789200000|100%|HS|  |TAMS 0x0000000789000000| PB 0x0000000789000000| Complete 
|1060|0x0000000789200000, 0x0000000789400000, 0x0000000789400000|100%|HC|  |TAMS 0x0000000789200000| PB 0x0000000789200000| Complete 
|1061|0x0000000789400000, 0x0000000789600000, 0x0000000789600000|100%|HC|  |TAMS 0x0000000789400000| PB 0x0000000789400000| Complete 
|1062|0x0000000789600000, 0x0000000789800000, 0x0000000789800000|100%|HC|  |TAMS 0x0000000789600000| PB 0x0000000789600000| Complete 
|1063|0x0000000789800000, 0x0000000789a00000, 0x0000000789a00000|100%|HC|  |TAMS 0x0000000789800000| PB 0x0000000789800000| Complete 
|1064|0x0000000789a00000, 0x0000000789c00000, 0x0000000789c00000|100%|HC|  |TAMS 0x0000000789a00000| PB 0x0000000789a00000| Complete 
|1065|0x0000000789c00000, 0x0000000789e00000, 0x0000000789e00000|100%|HC|  |TAMS 0x0000000789c00000| PB 0x0000000789c00000| Complete 
|1066|0x0000000789e00000, 0x000000078a000000, 0x000000078a000000|100%|HC|  |TAMS 0x0000000789e00000| PB 0x0000000789e00000| Complete 
|1067|0x000000078a000000, 0x000000078a200000, 0x000000078a200000|100%|HC|  |TAMS 0x000000078a000000| PB 0x000000078a000000| Complete 
|1068|0x000000078a200000, 0x000000078a400000, 0x000000078a400000|100%|HC|  |TAMS 0x000000078a200000| PB 0x000000078a200000| Complete 
|1069|0x000000078a400000, 0x000000078a600000, 0x000000078a600000|100%|HC|  |TAMS 0x000000078a400000| PB 0x000000078a400000| Complete 
|1070|0x000000078a600000, 0x000000078a800000, 0x000000078a800000|100%|HC|  |TAMS 0x000000078a600000| PB 0x000000078a600000| Complete 
|1071|0x000000078a800000, 0x000000078aa00000, 0x000000078aa00000|100%|HC|  |TAMS 0x000000078a800000| PB 0x000000078a800000| Complete 
|1072|0x000000078aa00000, 0x000000078ac00000, 0x000000078ac00000|100%|HC|  |TAMS 0x000000078aa00000| PB 0x000000078aa00000| Complete 
|1073|0x000000078ac00000, 0x000000078ae00000, 0x000000078ae00000|100%|HC|  |TAMS 0x000000078ac00000| PB 0x000000078ac00000| Complete 
|1074|0x000000078ae00000, 0x000000078b000000, 0x000000078b000000|100%|HC|  |TAMS 0x000000078ae00000| PB 0x000000078ae00000| Complete 
|1075|0x000000078b000000, 0x000000078b200000, 0x000000078b200000|100%|HC|  |TAMS 0x000000078b000000| PB 0x000000078b000000| Complete 
|1076|0x000000078b200000, 0x000000078b400000, 0x000000078b400000|100%|HC|  |TAMS 0x000000078b200000| PB 0x000000078b200000| Complete 
|1077|0x000000078b400000, 0x000000078b600000, 0x000000078b600000|100%|HC|  |TAMS 0x000000078b400000| PB 0x000000078b400000| Complete 
|1078|0x000000078b600000, 0x000000078b800000, 0x000000078b800000|100%|HC|  |TAMS 0x000000078b600000| PB 0x000000078b600000| Complete 
|1079|0x000000078b800000, 0x000000078ba00000, 0x000000078ba00000|100%|HC|  |TAMS 0x000000078b800000| PB 0x000000078b800000| Complete 
|1080|0x000000078ba00000, 0x000000078bc00000, 0x000000078bc00000|100%|HC|  |TAMS 0x000000078ba00000| PB 0x000000078ba00000| Complete 
|1081|0x000000078bc00000, 0x000000078be00000, 0x000000078be00000|100%|HC|  |TAMS 0x000000078bc00000| PB 0x000000078bc00000| Complete 
|1082|0x000000078be00000, 0x000000078c000000, 0x000000078c000000|100%|HC|  |TAMS 0x000000078be00000| PB 0x000000078be00000| Complete 
|1083|0x000000078c000000, 0x000000078c200000, 0x000000078c200000|100%|HC|  |TAMS 0x000000078c000000| PB 0x000000078c000000| Complete 
|1084|0x000000078c200000, 0x000000078c400000, 0x000000078c400000|100%|HC|  |TAMS 0x000000078c200000| PB 0x000000078c200000| Complete 
|1085|0x000000078c400000, 0x000000078c600000, 0x000000078c600000|100%|HC|  |TAMS 0x000000078c400000| PB 0x000000078c400000| Complete 
|1086|0x000000078c600000, 0x000000078c800000, 0x000000078c800000|100%|HC|  |TAMS 0x000000078c600000| PB 0x000000078c600000| Complete 
|1087|0x000000078c800000, 0x000000078ca00000, 0x000000078ca00000|100%|HC|  |TAMS 0x000000078c800000| PB 0x000000078c800000| Complete 
|1088|0x000000078ca00000, 0x000000078cc00000, 0x000000078cc00000|100%|HC|  |TAMS 0x000000078ca00000| PB 0x000000078ca00000| Complete 
|1089|0x000000078cc00000, 0x000000078ce00000, 0x000000078ce00000|100%|HC|  |TAMS 0x000000078cc00000| PB 0x000000078cc00000| Complete 
|1090|0x000000078ce00000, 0x000000078d000000, 0x000000078d000000|100%|HC|  |TAMS 0x000000078ce00000| PB 0x000000078ce00000| Complete 
|1091|0x000000078d000000, 0x000000078d200000, 0x000000078d200000|100%|HC|  |TAMS 0x000000078d000000| PB 0x000000078d000000| Complete 
|1092|0x000000078d200000, 0x000000078d400000, 0x000000078d400000|100%|HC|  |TAMS 0x000000078d200000| PB 0x000000078d200000| Complete 
|1093|0x000000078d400000, 0x000000078d600000, 0x000000078d600000|100%|HC|  |TAMS 0x000000078d400000| PB 0x000000078d400000| Complete 
|1094|0x000000078d600000, 0x000000078d800000, 0x000000078d800000|100%|HC|  |TAMS 0x000000078d600000| PB 0x000000078d600000| Complete 
|1095|0x000000078d800000, 0x000000078da00000, 0x000000078da00000|100%|HC|  |TAMS 0x000000078d800000| PB 0x000000078d800000| Complete 
|1096|0x000000078da00000, 0x000000078dc00000, 0x000000078dc00000|100%|HC|  |TAMS 0x000000078da00000| PB 0x000000078da00000| Complete 
|1097|0x000000078dc00000, 0x000000078de00000, 0x000000078de00000|100%|HC|  |TAMS 0x000000078dc00000| PB 0x000000078dc00000| Complete 
|1098|0x000000078de00000, 0x000000078e000000, 0x000000078e000000|100%|HC|  |TAMS 0x000000078de00000| PB 0x000000078de00000| Complete 
|1099|0x000000078e000000, 0x000000078e200000, 0x000000078e200000|100%|HC|  |TAMS 0x000000078e000000| PB 0x000000078e000000| Complete 
|1100|0x000000078e200000, 0x000000078e400000, 0x000000078e400000|100%|HC|  |TAMS 0x000000078e200000| PB 0x000000078e200000| Complete 
|1101|0x000000078e400000, 0x000000078e600000, 0x000000078e600000|100%|HC|  |TAMS 0x000000078e400000| PB 0x000000078e400000| Complete 
|1102|0x000000078e600000, 0x000000078e800000, 0x000000078e800000|100%|HC|  |TAMS 0x000000078e600000| PB 0x000000078e600000| Complete 
|1103|0x000000078e800000, 0x000000078ea00000, 0x000000078ea00000|100%|HC|  |TAMS 0x000000078e800000| PB 0x000000078e800000| Complete 
|1104|0x000000078ea00000, 0x000000078ec00000, 0x000000078ec00000|100%|HC|  |TAMS 0x000000078ea00000| PB 0x000000078ea00000| Complete 
|1105|0x000000078ec00000, 0x000000078ee00000, 0x000000078ee00000|100%|HC|  |TAMS 0x000000078ec00000| PB 0x000000078ec00000| Complete 
|1106|0x000000078ee00000, 0x000000078f000000, 0x000000078f000000|100%|HC|  |TAMS 0x000000078ee00000| PB 0x000000078ee00000| Complete 
|1107|0x000000078f000000, 0x000000078f200000, 0x000000078f200000|100%|HC|  |TAMS 0x000000078f000000| PB 0x000000078f000000| Complete 
|1108|0x000000078f200000, 0x000000078f400000, 0x000000078f400000|100%|HC|  |TAMS 0x000000078f200000| PB 0x000000078f200000| Complete 
|1109|0x000000078f400000, 0x000000078f600000, 0x000000078f600000|100%|HC|  |TAMS 0x000000078f400000| PB 0x000000078f400000| Complete 
|1110|0x000000078f600000, 0x000000078f800000, 0x000000078f800000|100%|HC|  |TAMS 0x000000078f600000| PB 0x000000078f600000| Complete 
|1111|0x000000078f800000, 0x000000078fa00000, 0x000000078fa00000|100%|HC|  |TAMS 0x000000078f800000| PB 0x000000078f800000| Complete 
|1112|0x000000078fa00000, 0x000000078fc00000, 0x000000078fc00000|100%|HC|  |TAMS 0x000000078fa00000| PB 0x000000078fa00000| Complete 
|1113|0x000000078fc00000, 0x000000078fe00000, 0x000000078fe00000|100%|HC|  |TAMS 0x000000078fc00000| PB 0x000000078fc00000| Complete 
|1114|0x000000078fe00000, 0x0000000790000000, 0x0000000790000000|100%|HC|  |TAMS 0x000000078fe00000| PB 0x000000078fe00000| Complete 
|1115|0x0000000790000000, 0x0000000790200000, 0x0000000790200000|100%|HC|  |TAMS 0x0000000790000000| PB 0x0000000790000000| Complete 
|1116|0x0000000790200000, 0x0000000790400000, 0x0000000790400000|100%|HC|  |TAMS 0x0000000790200000| PB 0x0000000790200000| Complete 
|1117|0x0000000790400000, 0x0000000790600000, 0x0000000790600000|100%|HS|  |TAMS 0x0000000790400000| PB 0x0000000790400000| Complete 
|1118|0x0000000790600000, 0x0000000790800000, 0x0000000790800000|100%|HC|  |TAMS 0x0000000790600000| PB 0x0000000790600000| Complete 
|1119|0x0000000790800000, 0x0000000790a00000, 0x0000000790a00000|100%|HC|  |TAMS 0x0000000790800000| PB 0x0000000790800000| Complete 
|1120|0x0000000790a00000, 0x0000000790c00000, 0x0000000790c00000|100%|HC|  |TAMS 0x0000000790a00000| PB 0x0000000790a00000| Complete 
|1121|0x0000000790c00000, 0x0000000790e00000, 0x0000000790e00000|100%|HC|  |TAMS 0x0000000790c00000| PB 0x0000000790c00000| Complete 
|1122|0x0000000790e00000, 0x0000000791000000, 0x0000000791000000|100%|HC|  |TAMS 0x0000000790e00000| PB 0x0000000790e00000| Complete 
|1123|0x0000000791000000, 0x0000000791200000, 0x0000000791200000|100%|HC|  |TAMS 0x0000000791000000| PB 0x0000000791000000| Complete 
|1124|0x0000000791200000, 0x0000000791400000, 0x0000000791400000|100%|HC|  |TAMS 0x0000000791200000| PB 0x0000000791200000| Complete 
|1125|0x0000000791400000, 0x0000000791600000, 0x0000000791600000|100%|HC|  |TAMS 0x0000000791400000| PB 0x0000000791400000| Complete 
|1126|0x0000000791600000, 0x0000000791800000, 0x0000000791800000|100%|HC|  |TAMS 0x0000000791600000| PB 0x0000000791600000| Complete 
|1127|0x0000000791800000, 0x0000000791a00000, 0x0000000791a00000|100%|HC|  |TAMS 0x0000000791800000| PB 0x0000000791800000| Complete 
|1128|0x0000000791a00000, 0x0000000791c00000, 0x0000000791c00000|100%|HC|  |TAMS 0x0000000791a00000| PB 0x0000000791a00000| Complete 
|1129|0x0000000791c00000, 0x0000000791e00000, 0x0000000791e00000|100%|HC|  |TAMS 0x0000000791c00000| PB 0x0000000791c00000| Complete 
|1130|0x0000000791e00000, 0x0000000792000000, 0x0000000792000000|100%|HC|  |TAMS 0x0000000791e00000| PB 0x0000000791e00000| Complete 
|1131|0x0000000792000000, 0x0000000792200000, 0x0000000792200000|100%|HC|  |TAMS 0x0000000792000000| PB 0x0000000792000000| Complete 
|1132|0x0000000792200000, 0x0000000792400000, 0x0000000792400000|100%|HC|  |TAMS 0x0000000792200000| PB 0x0000000792200000| Complete 
|1133|0x0000000792400000, 0x0000000792600000, 0x0000000792600000|100%|HC|  |TAMS 0x0000000792400000| PB 0x0000000792400000| Complete 
|1134|0x0000000792600000, 0x0000000792800000, 0x0000000792800000|100%|HC|  |TAMS 0x0000000792600000| PB 0x0000000792600000| Complete 
|1135|0x0000000792800000, 0x0000000792a00000, 0x0000000792a00000|100%|HC|  |TAMS 0x0000000792800000| PB 0x0000000792800000| Complete 
|1136|0x0000000792a00000, 0x0000000792c00000, 0x0000000792c00000|100%|HC|  |TAMS 0x0000000792a00000| PB 0x0000000792a00000| Complete 
|1137|0x0000000792c00000, 0x0000000792e00000, 0x0000000792e00000|100%|HC|  |TAMS 0x0000000792c00000| PB 0x0000000792c00000| Complete 
|1138|0x0000000792e00000, 0x0000000793000000, 0x0000000793000000|100%|HC|  |TAMS 0x0000000792e00000| PB 0x0000000792e00000| Complete 
|1139|0x0000000793000000, 0x0000000793200000, 0x0000000793200000|100%|HC|  |TAMS 0x0000000793000000| PB 0x0000000793000000| Complete 
|1140|0x0000000793200000, 0x0000000793400000, 0x0000000793400000|100%|HC|  |TAMS 0x0000000793200000| PB 0x0000000793200000| Complete 
|1141|0x0000000793400000, 0x0000000793600000, 0x0000000793600000|100%|HC|  |TAMS 0x0000000793400000| PB 0x0000000793400000| Complete 
|1142|0x0000000793600000, 0x0000000793800000, 0x0000000793800000|100%|HC|  |TAMS 0x0000000793600000| PB 0x0000000793600000| Complete 
|1143|0x0000000793800000, 0x0000000793a00000, 0x0000000793a00000|100%|HC|  |TAMS 0x0000000793800000| PB 0x0000000793800000| Complete 
|1144|0x0000000793a00000, 0x0000000793c00000, 0x0000000793c00000|100%|HC|  |TAMS 0x0000000793a00000| PB 0x0000000793a00000| Complete 
|1145|0x0000000793c00000, 0x0000000793e00000, 0x0000000793e00000|100%|HC|  |TAMS 0x0000000793c00000| PB 0x0000000793c00000| Complete 
|1146|0x0000000793e00000, 0x0000000794000000, 0x0000000794000000|100%|HC|  |TAMS 0x0000000793e00000| PB 0x0000000793e00000| Complete 
|1147|0x0000000794000000, 0x0000000794200000, 0x0000000794200000|100%|HC|  |TAMS 0x0000000794000000| PB 0x0000000794000000| Complete 
|1148|0x0000000794200000, 0x0000000794400000, 0x0000000794400000|100%|HC|  |TAMS 0x0000000794200000| PB 0x0000000794200000| Complete 
|1149|0x0000000794400000, 0x0000000794600000, 0x0000000794600000|100%|HC|  |TAMS 0x0000000794400000| PB 0x0000000794400000| Complete 
|1150|0x0000000794600000, 0x0000000794800000, 0x0000000794800000|100%|HC|  |TAMS 0x0000000794600000| PB 0x0000000794600000| Complete 
|1151|0x0000000794800000, 0x0000000794a00000, 0x0000000794a00000|100%|HC|  |TAMS 0x0000000794800000| PB 0x0000000794800000| Complete 
|1152|0x0000000794a00000, 0x0000000794c00000, 0x0000000794c00000|100%|HC|  |TAMS 0x0000000794a00000| PB 0x0000000794a00000| Complete 
|1153|0x0000000794c00000, 0x0000000794e00000, 0x0000000794e00000|100%|HC|  |TAMS 0x0000000794c00000| PB 0x0000000794c00000| Complete 
|1154|0x0000000794e00000, 0x0000000795000000, 0x0000000795000000|100%|HC|  |TAMS 0x0000000794e00000| PB 0x0000000794e00000| Complete 
|1155|0x0000000795000000, 0x0000000795200000, 0x0000000795200000|100%|HC|  |TAMS 0x0000000795000000| PB 0x0000000795000000| Complete 
|1156|0x0000000795200000, 0x0000000795400000, 0x0000000795400000|100%|HC|  |TAMS 0x0000000795200000| PB 0x0000000795200000| Complete 
|1157|0x0000000795400000, 0x0000000795600000, 0x0000000795600000|100%|HC|  |TAMS 0x0000000795400000| PB 0x0000000795400000| Complete 
|1158|0x0000000795600000, 0x0000000795800000, 0x0000000795800000|100%|HC|  |TAMS 0x0000000795600000| PB 0x0000000795600000| Complete 
|1159|0x0000000795800000, 0x0000000795a00000, 0x0000000795a00000|100%|HC|  |TAMS 0x0000000795800000| PB 0x0000000795800000| Complete 
|1160|0x0000000795a00000, 0x0000000795c00000, 0x0000000795c00000|100%|HC|  |TAMS 0x0000000795a00000| PB 0x0000000795a00000| Complete 
|1161|0x0000000795c00000, 0x0000000795e00000, 0x0000000795e00000|100%|HC|  |TAMS 0x0000000795c00000| PB 0x0000000795c00000| Complete 
|1162|0x0000000795e00000, 0x0000000796000000, 0x0000000796000000|100%|HC|  |TAMS 0x0000000795e00000| PB 0x0000000795e00000| Complete 
|1163|0x0000000796000000, 0x0000000796200000, 0x0000000796200000|100%|HC|  |TAMS 0x0000000796000000| PB 0x0000000796000000| Complete 
|1164|0x0000000796200000, 0x0000000796400000, 0x0000000796400000|100%|HC|  |TAMS 0x0000000796200000| PB 0x0000000796200000| Complete 
|1165|0x0000000796400000, 0x0000000796600000, 0x0000000796600000|100%|HC|  |TAMS 0x0000000796400000| PB 0x0000000796400000| Complete 
|1166|0x0000000796600000, 0x0000000796800000, 0x0000000796800000|100%|HC|  |TAMS 0x0000000796600000| PB 0x0000000796600000| Complete 
|1167|0x0000000796800000, 0x0000000796a00000, 0x0000000796a00000|100%|HC|  |TAMS 0x0000000796800000| PB 0x0000000796800000| Complete 
|1168|0x0000000796a00000, 0x0000000796c00000, 0x0000000796c00000|100%|HC|  |TAMS 0x0000000796a00000| PB 0x0000000796a00000| Complete 
|1169|0x0000000796c00000, 0x0000000796e00000, 0x0000000796e00000|100%|HC|  |TAMS 0x0000000796c00000| PB 0x0000000796c00000| Complete 
|1170|0x0000000796e00000, 0x0000000797000000, 0x0000000797000000|100%|HC|  |TAMS 0x0000000796e00000| PB 0x0000000796e00000| Complete 
|1171|0x0000000797000000, 0x0000000797200000, 0x0000000797200000|100%|HC|  |TAMS 0x0000000797000000| PB 0x0000000797000000| Complete 
|1172|0x0000000797200000, 0x0000000797400000, 0x0000000797400000|100%|HC|  |TAMS 0x0000000797200000| PB 0x0000000797200000| Complete 
|1173|0x0000000797400000, 0x0000000797600000, 0x0000000797600000|100%|HC|  |TAMS 0x0000000797400000| PB 0x0000000797400000| Complete 
|1174|0x0000000797600000, 0x0000000797800000, 0x0000000797800000|100%|HC|  |TAMS 0x0000000797600000| PB 0x0000000797600000| Complete 
|1175|0x0000000797800000, 0x0000000797a00000, 0x0000000797a00000|100%|HS|  |TAMS 0x0000000797800000| PB 0x0000000797800000| Complete 
|1176|0x0000000797a00000, 0x0000000797c00000, 0x0000000797c00000|100%|HC|  |TAMS 0x0000000797a00000| PB 0x0000000797a00000| Complete 
|1177|0x0000000797c00000, 0x0000000797e00000, 0x0000000797e00000|100%|HC|  |TAMS 0x0000000797c00000| PB 0x0000000797c00000| Complete 
|1178|0x0000000797e00000, 0x0000000798000000, 0x0000000798000000|100%|HC|  |TAMS 0x0000000797e00000| PB 0x0000000797e00000| Complete 
|1179|0x0000000798000000, 0x0000000798200000, 0x0000000798200000|100%|HC|  |TAMS 0x0000000798000000| PB 0x0000000798000000| Complete 
|1180|0x0000000798200000, 0x0000000798400000, 0x0000000798400000|100%|HC|  |TAMS 0x0000000798200000| PB 0x0000000798200000| Complete 
|1181|0x0000000798400000, 0x0000000798600000, 0x0000000798600000|100%|HC|  |TAMS 0x0000000798400000| PB 0x0000000798400000| Complete 
|1182|0x0000000798600000, 0x0000000798800000, 0x0000000798800000|100%|HC|  |TAMS 0x0000000798600000| PB 0x0000000798600000| Complete 
|1183|0x0000000798800000, 0x0000000798a00000, 0x0000000798a00000|100%|HC|  |TAMS 0x0000000798800000| PB 0x0000000798800000| Complete 
|1184|0x0000000798a00000, 0x0000000798c00000, 0x0000000798c00000|100%|HC|  |TAMS 0x0000000798a00000| PB 0x0000000798a00000| Complete 
|1185|0x0000000798c00000, 0x0000000798e00000, 0x0000000798e00000|100%|HC|  |TAMS 0x0000000798c00000| PB 0x0000000798c00000| Complete 
|1186|0x0000000798e00000, 0x0000000799000000, 0x0000000799000000|100%|HC|  |TAMS 0x0000000798e00000| PB 0x0000000798e00000| Complete 
|1187|0x0000000799000000, 0x0000000799200000, 0x0000000799200000|100%|HC|  |TAMS 0x0000000799000000| PB 0x0000000799000000| Complete 
|1188|0x0000000799200000, 0x0000000799400000, 0x0000000799400000|100%|HC|  |TAMS 0x0000000799200000| PB 0x0000000799200000| Complete 
|1189|0x0000000799400000, 0x0000000799600000, 0x0000000799600000|100%|HC|  |TAMS 0x0000000799400000| PB 0x0000000799400000| Complete 
|1190|0x0000000799600000, 0x0000000799800000, 0x0000000799800000|100%|HC|  |TAMS 0x0000000799600000| PB 0x0000000799600000| Complete 
|1191|0x0000000799800000, 0x0000000799a00000, 0x0000000799a00000|100%|HC|  |TAMS 0x0000000799800000| PB 0x0000000799800000| Complete 
|1192|0x0000000799a00000, 0x0000000799c00000, 0x0000000799c00000|100%|HC|  |TAMS 0x0000000799a00000| PB 0x0000000799a00000| Complete 
|1193|0x0000000799c00000, 0x0000000799e00000, 0x0000000799e00000|100%|HC|  |TAMS 0x0000000799c00000| PB 0x0000000799c00000| Complete 
|1194|0x0000000799e00000, 0x000000079a000000, 0x000000079a000000|100%|HC|  |TAMS 0x0000000799e00000| PB 0x0000000799e00000| Complete 
|1195|0x000000079a000000, 0x000000079a200000, 0x000000079a200000|100%|HC|  |TAMS 0x000000079a000000| PB 0x000000079a000000| Complete 
|1196|0x000000079a200000, 0x000000079a400000, 0x000000079a400000|100%|HC|  |TAMS 0x000000079a200000| PB 0x000000079a200000| Complete 
|1197|0x000000079a400000, 0x000000079a600000, 0x000000079a600000|100%|HC|  |TAMS 0x000000079a400000| PB 0x000000079a400000| Complete 
|1198|0x000000079a600000, 0x000000079a800000, 0x000000079a800000|100%|HC|  |TAMS 0x000000079a600000| PB 0x000000079a600000| Complete 
|1199|0x000000079a800000, 0x000000079aa00000, 0x000000079aa00000|100%|HC|  |TAMS 0x000000079a800000| PB 0x000000079a800000| Complete 
|1200|0x000000079aa00000, 0x000000079ac00000, 0x000000079ac00000|100%|HC|  |TAMS 0x000000079aa00000| PB 0x000000079aa00000| Complete 
|1201|0x000000079ac00000, 0x000000079ae00000, 0x000000079ae00000|100%|HC|  |TAMS 0x000000079ac00000| PB 0x000000079ac00000| Complete 
|1202|0x000000079ae00000, 0x000000079b000000, 0x000000079b000000|100%|HC|  |TAMS 0x000000079ae00000| PB 0x000000079ae00000| Complete 
|1203|0x000000079b000000, 0x000000079b200000, 0x000000079b200000|100%|HC|  |TAMS 0x000000079b000000| PB 0x000000079b000000| Complete 
|1204|0x000000079b200000, 0x000000079b400000, 0x000000079b400000|100%|HC|  |TAMS 0x000000079b200000| PB 0x000000079b200000| Complete 
|1205|0x000000079b400000, 0x000000079b600000, 0x000000079b600000|100%|HC|  |TAMS 0x000000079b400000| PB 0x000000079b400000| Complete 
|1206|0x000000079b600000, 0x000000079b800000, 0x000000079b800000|100%|HC|  |TAMS 0x000000079b600000| PB 0x000000079b600000| Complete 
|1207|0x000000079b800000, 0x000000079ba00000, 0x000000079ba00000|100%|HC|  |TAMS 0x000000079b800000| PB 0x000000079b800000| Complete 
|1208|0x000000079ba00000, 0x000000079bc00000, 0x000000079bc00000|100%|HC|  |TAMS 0x000000079ba00000| PB 0x000000079ba00000| Complete 
|1209|0x000000079bc00000, 0x000000079be00000, 0x000000079be00000|100%|HC|  |TAMS 0x000000079bc00000| PB 0x000000079bc00000| Complete 
|1210|0x000000079be00000, 0x000000079c000000, 0x000000079c000000|100%|HC|  |TAMS 0x000000079be00000| PB 0x000000079be00000| Complete 
|1211|0x000000079c000000, 0x000000079c200000, 0x000000079c200000|100%|HC|  |TAMS 0x000000079c000000| PB 0x000000079c000000| Complete 
|1212|0x000000079c200000, 0x000000079c400000, 0x000000079c400000|100%|HC|  |TAMS 0x000000079c200000| PB 0x000000079c200000| Complete 
|1213|0x000000079c400000, 0x000000079c600000, 0x000000079c600000|100%|HC|  |TAMS 0x000000079c400000| PB 0x000000079c400000| Complete 
|1214|0x000000079c600000, 0x000000079c800000, 0x000000079c800000|100%|HC|  |TAMS 0x000000079c600000| PB 0x000000079c600000| Complete 
|1215|0x000000079c800000, 0x000000079ca00000, 0x000000079ca00000|100%|HC|  |TAMS 0x000000079c800000| PB 0x000000079c800000| Complete 
|1216|0x000000079ca00000, 0x000000079cc00000, 0x000000079cc00000|100%|HC|  |TAMS 0x000000079ca00000| PB 0x000000079ca00000| Complete 
|1217|0x000000079cc00000, 0x000000079ce00000, 0x000000079ce00000|100%|HC|  |TAMS 0x000000079cc00000| PB 0x000000079cc00000| Complete 
|1218|0x000000079ce00000, 0x000000079d000000, 0x000000079d000000|100%|HC|  |TAMS 0x000000079ce00000| PB 0x000000079ce00000| Complete 
|1219|0x000000079d000000, 0x000000079d200000, 0x000000079d200000|100%|HC|  |TAMS 0x000000079d000000| PB 0x000000079d000000| Complete 
|1220|0x000000079d200000, 0x000000079d400000, 0x000000079d400000|100%|HC|  |TAMS 0x000000079d200000| PB 0x000000079d200000| Complete 
|1221|0x000000079d400000, 0x000000079d600000, 0x000000079d600000|100%|HC|  |TAMS 0x000000079d400000| PB 0x000000079d400000| Complete 
|1222|0x000000079d600000, 0x000000079d800000, 0x000000079d800000|100%|HC|  |TAMS 0x000000079d600000| PB 0x000000079d600000| Complete 
|1223|0x000000079d800000, 0x000000079da00000, 0x000000079da00000|100%|HC|  |TAMS 0x000000079d800000| PB 0x000000079d800000| Complete 
|1224|0x000000079da00000, 0x000000079dc00000, 0x000000079dc00000|100%|HC|  |TAMS 0x000000079da00000| PB 0x000000079da00000| Complete 
|1225|0x000000079dc00000, 0x000000079de00000, 0x000000079de00000|100%|HC|  |TAMS 0x000000079dc00000| PB 0x000000079dc00000| Complete 
|1226|0x000000079de00000, 0x000000079e000000, 0x000000079e000000|100%|HC|  |TAMS 0x000000079de00000| PB 0x000000079de00000| Complete 
|1227|0x000000079e000000, 0x000000079e200000, 0x000000079e200000|100%|HC|  |TAMS 0x000000079e000000| PB 0x000000079e000000| Complete 
|1228|0x000000079e200000, 0x000000079e400000, 0x000000079e400000|100%|HC|  |TAMS 0x000000079e200000| PB 0x000000079e200000| Complete 
|1229|0x000000079e400000, 0x000000079e600000, 0x000000079e600000|100%|HC|  |TAMS 0x000000079e400000| PB 0x000000079e400000| Complete 
|1230|0x000000079e600000, 0x000000079e800000, 0x000000079e800000|100%|HC|  |TAMS 0x000000079e600000| PB 0x000000079e600000| Complete 
|1231|0x000000079e800000, 0x000000079ea00000, 0x000000079ea00000|100%|HC|  |TAMS 0x000000079e800000| PB 0x000000079e800000| Complete 
|1232|0x000000079ea00000, 0x000000079ec00000, 0x000000079ec00000|100%|HC|  |TAMS 0x000000079ea00000| PB 0x000000079ea00000| Complete 
|1233|0x000000079ec00000, 0x000000079ee00000, 0x000000079ee00000|100%|HS|  |TAMS 0x000000079ec00000| PB 0x000000079ec00000| Complete 
|1234|0x000000079ee00000, 0x000000079f000000, 0x000000079f000000|100%|HC|  |TAMS 0x000000079ee00000| PB 0x000000079ee00000| Complete 
|1235|0x000000079f000000, 0x000000079f200000, 0x000000079f200000|100%|HC|  |TAMS 0x000000079f000000| PB 0x000000079f000000| Complete 
|1236|0x000000079f200000, 0x000000079f400000, 0x000000079f400000|100%|HC|  |TAMS 0x000000079f200000| PB 0x000000079f200000| Complete 
|1237|0x000000079f400000, 0x000000079f600000, 0x000000079f600000|100%|HC|  |TAMS 0x000000079f400000| PB 0x000000079f400000| Complete 
|1238|0x000000079f600000, 0x000000079f800000, 0x000000079f800000|100%|HC|  |TAMS 0x000000079f600000| PB 0x000000079f600000| Complete 
|1239|0x000000079f800000, 0x000000079fa00000, 0x000000079fa00000|100%|HC|  |TAMS 0x000000079f800000| PB 0x000000079f800000| Complete 
|1240|0x000000079fa00000, 0x000000079fc00000, 0x000000079fc00000|100%|HC|  |TAMS 0x000000079fa00000| PB 0x000000079fa00000| Complete 
|1241|0x000000079fc00000, 0x000000079fe00000, 0x000000079fe00000|100%|HC|  |TAMS 0x000000079fc00000| PB 0x000000079fc00000| Complete 
|1242|0x000000079fe00000, 0x00000007a0000000, 0x00000007a0000000|100%|HC|  |TAMS 0x000000079fe00000| PB 0x000000079fe00000| Complete 
|1243|0x00000007a0000000, 0x00000007a0200000, 0x00000007a0200000|100%|HC|  |TAMS 0x00000007a0000000| PB 0x00000007a0000000| Complete 
|1244|0x00000007a0200000, 0x00000007a0400000, 0x00000007a0400000|100%|HC|  |TAMS 0x00000007a0200000| PB 0x00000007a0200000| Complete 
|1245|0x00000007a0400000, 0x00000007a0600000, 0x00000007a0600000|100%|HC|  |TAMS 0x00000007a0400000| PB 0x00000007a0400000| Complete 
|1246|0x00000007a0600000, 0x00000007a0800000, 0x00000007a0800000|100%|HC|  |TAMS 0x00000007a0600000| PB 0x00000007a0600000| Complete 
|1247|0x00000007a0800000, 0x00000007a0a00000, 0x00000007a0a00000|100%|HC|  |TAMS 0x00000007a0800000| PB 0x00000007a0800000| Complete 
|1248|0x00000007a0a00000, 0x00000007a0c00000, 0x00000007a0c00000|100%|HC|  |TAMS 0x00000007a0a00000| PB 0x00000007a0a00000| Complete 
|1249|0x00000007a0c00000, 0x00000007a0e00000, 0x00000007a0e00000|100%|HC|  |TAMS 0x00000007a0c00000| PB 0x00000007a0c00000| Complete 
|1250|0x00000007a0e00000, 0x00000007a1000000, 0x00000007a1000000|100%|HC|  |TAMS 0x00000007a0e00000| PB 0x00000007a0e00000| Complete 
|1251|0x00000007a1000000, 0x00000007a1200000, 0x00000007a1200000|100%|HC|  |TAMS 0x00000007a1000000| PB 0x00000007a1000000| Complete 
|1252|0x00000007a1200000, 0x00000007a1400000, 0x00000007a1400000|100%|HC|  |TAMS 0x00000007a1200000| PB 0x00000007a1200000| Complete 
|1253|0x00000007a1400000, 0x00000007a1600000, 0x00000007a1600000|100%|HC|  |TAMS 0x00000007a1400000| PB 0x00000007a1400000| Complete 
|1254|0x00000007a1600000, 0x00000007a1800000, 0x00000007a1800000|100%|HC|  |TAMS 0x00000007a1600000| PB 0x00000007a1600000| Complete 
|1255|0x00000007a1800000, 0x00000007a1a00000, 0x00000007a1a00000|100%|HC|  |TAMS 0x00000007a1800000| PB 0x00000007a1800000| Complete 
|1256|0x00000007a1a00000, 0x00000007a1c00000, 0x00000007a1c00000|100%|HC|  |TAMS 0x00000007a1a00000| PB 0x00000007a1a00000| Complete 
|1257|0x00000007a1c00000, 0x00000007a1e00000, 0x00000007a1e00000|100%|HC|  |TAMS 0x00000007a1c00000| PB 0x00000007a1c00000| Complete 
|1258|0x00000007a1e00000, 0x00000007a2000000, 0x00000007a2000000|100%|HC|  |TAMS 0x00000007a1e00000| PB 0x00000007a1e00000| Complete 
|1259|0x00000007a2000000, 0x00000007a2200000, 0x00000007a2200000|100%|HC|  |TAMS 0x00000007a2000000| PB 0x00000007a2000000| Complete 
|1260|0x00000007a2200000, 0x00000007a2400000, 0x00000007a2400000|100%|HC|  |TAMS 0x00000007a2200000| PB 0x00000007a2200000| Complete 
|1261|0x00000007a2400000, 0x00000007a2600000, 0x00000007a2600000|100%|HC|  |TAMS 0x00000007a2400000| PB 0x00000007a2400000| Complete 
|1262|0x00000007a2600000, 0x00000007a2800000, 0x00000007a2800000|100%|HC|  |TAMS 0x00000007a2600000| PB 0x00000007a2600000| Complete 
|1263|0x00000007a2800000, 0x00000007a2a00000, 0x00000007a2a00000|100%|HC|  |TAMS 0x00000007a2800000| PB 0x00000007a2800000| Complete 
|1264|0x00000007a2a00000, 0x00000007a2c00000, 0x00000007a2c00000|100%|HC|  |TAMS 0x00000007a2a00000| PB 0x00000007a2a00000| Complete 
|1265|0x00000007a2c00000, 0x00000007a2e00000, 0x00000007a2e00000|100%|HC|  |TAMS 0x00000007a2c00000| PB 0x00000007a2c00000| Complete 
|1266|0x00000007a2e00000, 0x00000007a3000000, 0x00000007a3000000|100%|HC|  |TAMS 0x00000007a2e00000| PB 0x00000007a2e00000| Complete 
|1267|0x00000007a3000000, 0x00000007a3200000, 0x00000007a3200000|100%|HC|  |TAMS 0x00000007a3000000| PB 0x00000007a3000000| Complete 
|1268|0x00000007a3200000, 0x00000007a3400000, 0x00000007a3400000|100%|HC|  |TAMS 0x00000007a3200000| PB 0x00000007a3200000| Complete 
|1269|0x00000007a3400000, 0x00000007a3600000, 0x00000007a3600000|100%|HC|  |TAMS 0x00000007a3400000| PB 0x00000007a3400000| Complete 
|1270|0x00000007a3600000, 0x00000007a3800000, 0x00000007a3800000|100%|HC|  |TAMS 0x00000007a3600000| PB 0x00000007a3600000| Complete 
|1271|0x00000007a3800000, 0x00000007a3a00000, 0x00000007a3a00000|100%|HC|  |TAMS 0x00000007a3800000| PB 0x00000007a3800000| Complete 
|1272|0x00000007a3a00000, 0x00000007a3c00000, 0x00000007a3c00000|100%|HC|  |TAMS 0x00000007a3a00000| PB 0x00000007a3a00000| Complete 
|1273|0x00000007a3c00000, 0x00000007a3e00000, 0x00000007a3e00000|100%|HC|  |TAMS 0x00000007a3c00000| PB 0x00000007a3c00000| Complete 
|1274|0x00000007a3e00000, 0x00000007a4000000, 0x00000007a4000000|100%|HC|  |TAMS 0x00000007a3e00000| PB 0x00000007a3e00000| Complete 
|1275|0x00000007a4000000, 0x00000007a4200000, 0x00000007a4200000|100%|HC|  |TAMS 0x00000007a4000000| PB 0x00000007a4000000| Complete 
|1276|0x00000007a4200000, 0x00000007a4400000, 0x00000007a4400000|100%|HC|  |TAMS 0x00000007a4200000| PB 0x00000007a4200000| Complete 
|1277|0x00000007a4400000, 0x00000007a4600000, 0x00000007a4600000|100%|HC|  |TAMS 0x00000007a4400000| PB 0x00000007a4400000| Complete 
|1278|0x00000007a4600000, 0x00000007a4800000, 0x00000007a4800000|100%|HC|  |TAMS 0x00000007a4600000| PB 0x00000007a4600000| Complete 
|1279|0x00000007a4800000, 0x00000007a4a00000, 0x00000007a4a00000|100%|HC|  |TAMS 0x00000007a4800000| PB 0x00000007a4800000| Complete 
|1280|0x00000007a4a00000, 0x00000007a4c00000, 0x00000007a4c00000|100%|HC|  |TAMS 0x00000007a4a00000| PB 0x00000007a4a00000| Complete 
|1281|0x00000007a4c00000, 0x00000007a4e00000, 0x00000007a4e00000|100%|HC|  |TAMS 0x00000007a4c00000| PB 0x00000007a4c00000| Complete 
|1282|0x00000007a4e00000, 0x00000007a5000000, 0x00000007a5000000|100%|HC|  |TAMS 0x00000007a4e00000| PB 0x00000007a4e00000| Complete 
|1283|0x00000007a5000000, 0x00000007a5200000, 0x00000007a5200000|100%|HC|  |TAMS 0x00000007a5000000| PB 0x00000007a5000000| Complete 
|1284|0x00000007a5200000, 0x00000007a5400000, 0x00000007a5400000|100%|HC|  |TAMS 0x00000007a5200000| PB 0x00000007a5200000| Complete 
|1285|0x00000007a5400000, 0x00000007a5600000, 0x00000007a5600000|100%|HC|  |TAMS 0x00000007a5400000| PB 0x00000007a5400000| Complete 
|1286|0x00000007a5600000, 0x00000007a5800000, 0x00000007a5800000|100%|HC|  |TAMS 0x00000007a5600000| PB 0x00000007a5600000| Complete 
|1287|0x00000007a5800000, 0x00000007a5a00000, 0x00000007a5a00000|100%|HC|  |TAMS 0x00000007a5800000| PB 0x00000007a5800000| Complete 
|1288|0x00000007a5a00000, 0x00000007a5c00000, 0x00000007a5c00000|100%|HC|  |TAMS 0x00000007a5a00000| PB 0x00000007a5a00000| Complete 
|1289|0x00000007a5c00000, 0x00000007a5e00000, 0x00000007a5e00000|100%|HC|  |TAMS 0x00000007a5c00000| PB 0x00000007a5c00000| Complete 
|1290|0x00000007a5e00000, 0x00000007a6000000, 0x00000007a6000000|100%|HC|  |TAMS 0x00000007a5e00000| PB 0x00000007a5e00000| Complete 
|1291|0x00000007a6000000, 0x00000007a6200000, 0x00000007a6200000|100%|HS|  |TAMS 0x00000007a6000000| PB 0x00000007a6000000| Complete 
|1292|0x00000007a6200000, 0x00000007a6400000, 0x00000007a6400000|100%|HC|  |TAMS 0x00000007a6200000| PB 0x00000007a6200000| Complete 
|1293|0x00000007a6400000, 0x00000007a6600000, 0x00000007a6600000|100%|HC|  |TAMS 0x00000007a6400000| PB 0x00000007a6400000| Complete 
|1294|0x00000007a6600000, 0x00000007a6800000, 0x00000007a6800000|100%|HC|  |TAMS 0x00000007a6600000| PB 0x00000007a6600000| Complete 
|1295|0x00000007a6800000, 0x00000007a6a00000, 0x00000007a6a00000|100%|HC|  |TAMS 0x00000007a6800000| PB 0x00000007a6800000| Complete 
|1296|0x00000007a6a00000, 0x00000007a6c00000, 0x00000007a6c00000|100%|HC|  |TAMS 0x00000007a6a00000| PB 0x00000007a6a00000| Complete 
|1297|0x00000007a6c00000, 0x00000007a6e00000, 0x00000007a6e00000|100%|HC|  |TAMS 0x00000007a6c00000| PB 0x00000007a6c00000| Complete 
|1298|0x00000007a6e00000, 0x00000007a7000000, 0x00000007a7000000|100%|HC|  |TAMS 0x00000007a6e00000| PB 0x00000007a6e00000| Complete 
|1299|0x00000007a7000000, 0x00000007a7200000, 0x00000007a7200000|100%|HC|  |TAMS 0x00000007a7000000| PB 0x00000007a7000000| Complete 
|1300|0x00000007a7200000, 0x00000007a7400000, 0x00000007a7400000|100%|HC|  |TAMS 0x00000007a7200000| PB 0x00000007a7200000| Complete 
|1301|0x00000007a7400000, 0x00000007a7600000, 0x00000007a7600000|100%|HC|  |TAMS 0x00000007a7400000| PB 0x00000007a7400000| Complete 
|1302|0x00000007a7600000, 0x00000007a7800000, 0x00000007a7800000|100%|HC|  |TAMS 0x00000007a7600000| PB 0x00000007a7600000| Complete 
|1303|0x00000007a7800000, 0x00000007a7a00000, 0x00000007a7a00000|100%|HC|  |TAMS 0x00000007a7800000| PB 0x00000007a7800000| Complete 
|1304|0x00000007a7a00000, 0x00000007a7c00000, 0x00000007a7c00000|100%|HC|  |TAMS 0x00000007a7a00000| PB 0x00000007a7a00000| Complete 
|1305|0x00000007a7c00000, 0x00000007a7e00000, 0x00000007a7e00000|100%|HC|  |TAMS 0x00000007a7c00000| PB 0x00000007a7c00000| Complete 
|1306|0x00000007a7e00000, 0x00000007a8000000, 0x00000007a8000000|100%|HC|  |TAMS 0x00000007a7e00000| PB 0x00000007a7e00000| Complete 
|1307|0x00000007a8000000, 0x00000007a8200000, 0x00000007a8200000|100%|HC|  |TAMS 0x00000007a8000000| PB 0x00000007a8000000| Complete 
|1308|0x00000007a8200000, 0x00000007a8400000, 0x00000007a8400000|100%|HC|  |TAMS 0x00000007a8200000| PB 0x00000007a8200000| Complete 
|1309|0x00000007a8400000, 0x00000007a8600000, 0x00000007a8600000|100%|HC|  |TAMS 0x00000007a8400000| PB 0x00000007a8400000| Complete 
|1310|0x00000007a8600000, 0x00000007a8800000, 0x00000007a8800000|100%|HC|  |TAMS 0x00000007a8600000| PB 0x00000007a8600000| Complete 
|1311|0x00000007a8800000, 0x00000007a8a00000, 0x00000007a8a00000|100%|HC|  |TAMS 0x00000007a8800000| PB 0x00000007a8800000| Complete 
|1312|0x00000007a8a00000, 0x00000007a8c00000, 0x00000007a8c00000|100%|HC|  |TAMS 0x00000007a8a00000| PB 0x00000007a8a00000| Complete 
|1313|0x00000007a8c00000, 0x00000007a8e00000, 0x00000007a8e00000|100%|HC|  |TAMS 0x00000007a8c00000| PB 0x00000007a8c00000| Complete 
|1314|0x00000007a8e00000, 0x00000007a9000000, 0x00000007a9000000|100%|HC|  |TAMS 0x00000007a8e00000| PB 0x00000007a8e00000| Complete 
|1315|0x00000007a9000000, 0x00000007a9200000, 0x00000007a9200000|100%|HC|  |TAMS 0x00000007a9000000| PB 0x00000007a9000000| Complete 
|1316|0x00000007a9200000, 0x00000007a9400000, 0x00000007a9400000|100%|HC|  |TAMS 0x00000007a9200000| PB 0x00000007a9200000| Complete 
|1317|0x00000007a9400000, 0x00000007a9600000, 0x00000007a9600000|100%|HC|  |TAMS 0x00000007a9400000| PB 0x00000007a9400000| Complete 
|1318|0x00000007a9600000, 0x00000007a9800000, 0x00000007a9800000|100%|HC|  |TAMS 0x00000007a9600000| PB 0x00000007a9600000| Complete 
|1319|0x00000007a9800000, 0x00000007a9a00000, 0x00000007a9a00000|100%|HC|  |TAMS 0x00000007a9800000| PB 0x00000007a9800000| Complete 
|1320|0x00000007a9a00000, 0x00000007a9c00000, 0x00000007a9c00000|100%|HC|  |TAMS 0x00000007a9a00000| PB 0x00000007a9a00000| Complete 
|1321|0x00000007a9c00000, 0x00000007a9e00000, 0x00000007a9e00000|100%|HC|  |TAMS 0x00000007a9c00000| PB 0x00000007a9c00000| Complete 
|1322|0x00000007a9e00000, 0x00000007aa000000, 0x00000007aa000000|100%|HC|  |TAMS 0x00000007a9e00000| PB 0x00000007a9e00000| Complete 
|1323|0x00000007aa000000, 0x00000007aa200000, 0x00000007aa200000|100%|HC|  |TAMS 0x00000007aa000000| PB 0x00000007aa000000| Complete 
|1324|0x00000007aa200000, 0x00000007aa400000, 0x00000007aa400000|100%|HC|  |TAMS 0x00000007aa200000| PB 0x00000007aa200000| Complete 
|1325|0x00000007aa400000, 0x00000007aa600000, 0x00000007aa600000|100%|HC|  |TAMS 0x00000007aa400000| PB 0x00000007aa400000| Complete 
|1326|0x00000007aa600000, 0x00000007aa800000, 0x00000007aa800000|100%|HC|  |TAMS 0x00000007aa600000| PB 0x00000007aa600000| Complete 
|1327|0x00000007aa800000, 0x00000007aaa00000, 0x00000007aaa00000|100%|HC|  |TAMS 0x00000007aa800000| PB 0x00000007aa800000| Complete 
|1328|0x00000007aaa00000, 0x00000007aac00000, 0x00000007aac00000|100%|HC|  |TAMS 0x00000007aaa00000| PB 0x00000007aaa00000| Complete 
|1329|0x00000007aac00000, 0x00000007aae00000, 0x00000007aae00000|100%|HC|  |TAMS 0x00000007aac00000| PB 0x00000007aac00000| Complete 
|1330|0x00000007aae00000, 0x00000007ab000000, 0x00000007ab000000|100%|HC|  |TAMS 0x00000007aae00000| PB 0x00000007aae00000| Complete 
|1331|0x00000007ab000000, 0x00000007ab200000, 0x00000007ab200000|100%|HC|  |TAMS 0x00000007ab000000| PB 0x00000007ab000000| Complete 
|1332|0x00000007ab200000, 0x00000007ab400000, 0x00000007ab400000|100%|HC|  |TAMS 0x00000007ab200000| PB 0x00000007ab200000| Complete 
|1333|0x00000007ab400000, 0x00000007ab600000, 0x00000007ab600000|100%|HC|  |TAMS 0x00000007ab400000| PB 0x00000007ab400000| Complete 
|1334|0x00000007ab600000, 0x00000007ab800000, 0x00000007ab800000|100%|HC|  |TAMS 0x00000007ab600000| PB 0x00000007ab600000| Complete 
|1335|0x00000007ab800000, 0x00000007aba00000, 0x00000007aba00000|100%|HC|  |TAMS 0x00000007ab800000| PB 0x00000007ab800000| Complete 
|1336|0x00000007aba00000, 0x00000007abc00000, 0x00000007abc00000|100%|HC|  |TAMS 0x00000007aba00000| PB 0x00000007aba00000| Complete 
|1337|0x00000007abc00000, 0x00000007abe00000, 0x00000007abe00000|100%|HC|  |TAMS 0x00000007abc00000| PB 0x00000007abc00000| Complete 
|1338|0x00000007abe00000, 0x00000007ac000000, 0x00000007ac000000|100%|HC|  |TAMS 0x00000007abe00000| PB 0x00000007abe00000| Complete 
|1339|0x00000007ac000000, 0x00000007ac200000, 0x00000007ac200000|100%|HC|  |TAMS 0x00000007ac000000| PB 0x00000007ac000000| Complete 
|1340|0x00000007ac200000, 0x00000007ac400000, 0x00000007ac400000|100%|HC|  |TAMS 0x00000007ac200000| PB 0x00000007ac200000| Complete 
|1341|0x00000007ac400000, 0x00000007ac600000, 0x00000007ac600000|100%|HC|  |TAMS 0x00000007ac400000| PB 0x00000007ac400000| Complete 
|1342|0x00000007ac600000, 0x00000007ac800000, 0x00000007ac800000|100%|HC|  |TAMS 0x00000007ac600000| PB 0x00000007ac600000| Complete 
|1343|0x00000007ac800000, 0x00000007aca00000, 0x00000007aca00000|100%|HC|  |TAMS 0x00000007ac800000| PB 0x00000007ac800000| Complete 
|1344|0x00000007aca00000, 0x00000007acc00000, 0x00000007acc00000|100%|HC|  |TAMS 0x00000007aca00000| PB 0x00000007aca00000| Complete 
|1345|0x00000007acc00000, 0x00000007ace00000, 0x00000007ace00000|100%|HC|  |TAMS 0x00000007acc00000| PB 0x00000007acc00000| Complete 
|1346|0x00000007ace00000, 0x00000007ad000000, 0x00000007ad000000|100%|HC|  |TAMS 0x00000007ace00000| PB 0x00000007ace00000| Complete 
|1347|0x00000007ad000000, 0x00000007ad200000, 0x00000007ad200000|100%|HC|  |TAMS 0x00000007ad000000| PB 0x00000007ad000000| Complete 
|1348|0x00000007ad200000, 0x00000007ad400000, 0x00000007ad400000|100%|HC|  |TAMS 0x00000007ad200000| PB 0x00000007ad200000| Complete 
|1349|0x00000007ad400000, 0x00000007ad600000, 0x00000007ad600000|100%|HS|  |TAMS 0x00000007ad400000| PB 0x00000007ad400000| Complete 
|1350|0x00000007ad600000, 0x00000007ad800000, 0x00000007ad800000|100%|HC|  |TAMS 0x00000007ad600000| PB 0x00000007ad600000| Complete 
|1351|0x00000007ad800000, 0x00000007ada00000, 0x00000007ada00000|100%|HC|  |TAMS 0x00000007ad800000| PB 0x00000007ad800000| Complete 
|1352|0x00000007ada00000, 0x00000007adc00000, 0x00000007adc00000|100%|HC|  |TAMS 0x00000007ada00000| PB 0x00000007ada00000| Complete 
|1353|0x00000007adc00000, 0x00000007ade00000, 0x00000007ade00000|100%|HC|  |TAMS 0x00000007adc00000| PB 0x00000007adc00000| Complete 
|1354|0x00000007ade00000, 0x00000007ae000000, 0x00000007ae000000|100%|HC|  |TAMS 0x00000007ade00000| PB 0x00000007ade00000| Complete 
|1355|0x00000007ae000000, 0x00000007ae200000, 0x00000007ae200000|100%|HC|  |TAMS 0x00000007ae000000| PB 0x00000007ae000000| Complete 
|1356|0x00000007ae200000, 0x00000007ae400000, 0x00000007ae400000|100%|HC|  |TAMS 0x00000007ae200000| PB 0x00000007ae200000| Complete 
|1357|0x00000007ae400000, 0x00000007ae600000, 0x00000007ae600000|100%|HC|  |TAMS 0x00000007ae400000| PB 0x00000007ae400000| Complete 
|1358|0x00000007ae600000, 0x00000007ae800000, 0x00000007ae800000|100%|HC|  |TAMS 0x00000007ae600000| PB 0x00000007ae600000| Complete 
|1359|0x00000007ae800000, 0x00000007aea00000, 0x00000007aea00000|100%|HC|  |TAMS 0x00000007ae800000| PB 0x00000007ae800000| Complete 
|1360|0x00000007aea00000, 0x00000007aec00000, 0x00000007aec00000|100%|HC|  |TAMS 0x00000007aea00000| PB 0x00000007aea00000| Complete 
|1361|0x00000007aec00000, 0x00000007aee00000, 0x00000007aee00000|100%|HC|  |TAMS 0x00000007aec00000| PB 0x00000007aec00000| Complete 
|1362|0x00000007aee00000, 0x00000007af000000, 0x00000007af000000|100%|HC|  |TAMS 0x00000007aee00000| PB 0x00000007aee00000| Complete 
|1363|0x00000007af000000, 0x00000007af200000, 0x00000007af200000|100%|HC|  |TAMS 0x00000007af000000| PB 0x00000007af000000| Complete 
|1364|0x00000007af200000, 0x00000007af400000, 0x00000007af400000|100%|HC|  |TAMS 0x00000007af200000| PB 0x00000007af200000| Complete 
|1365|0x00000007af400000, 0x00000007af600000, 0x00000007af600000|100%|HC|  |TAMS 0x00000007af400000| PB 0x00000007af400000| Complete 
|1366|0x00000007af600000, 0x00000007af800000, 0x00000007af800000|100%|HC|  |TAMS 0x00000007af600000| PB 0x00000007af600000| Complete 
|1367|0x00000007af800000, 0x00000007afa00000, 0x00000007afa00000|100%|HC|  |TAMS 0x00000007af800000| PB 0x00000007af800000| Complete 
|1368|0x00000007afa00000, 0x00000007afc00000, 0x00000007afc00000|100%|HC|  |TAMS 0x00000007afa00000| PB 0x00000007afa00000| Complete 
|1369|0x00000007afc00000, 0x00000007afe00000, 0x00000007afe00000|100%|HC|  |TAMS 0x00000007afc00000| PB 0x00000007afc00000| Complete 
|1370|0x00000007afe00000, 0x00000007b0000000, 0x00000007b0000000|100%|HC|  |TAMS 0x00000007afe00000| PB 0x00000007afe00000| Complete 
|1371|0x00000007b0000000, 0x00000007b0200000, 0x00000007b0200000|100%|HC|  |TAMS 0x00000007b0000000| PB 0x00000007b0000000| Complete 
|1372|0x00000007b0200000, 0x00000007b0400000, 0x00000007b0400000|100%|HC|  |TAMS 0x00000007b0200000| PB 0x00000007b0200000| Complete 
|1373|0x00000007b0400000, 0x00000007b0600000, 0x00000007b0600000|100%|HC|  |TAMS 0x00000007b0400000| PB 0x00000007b0400000| Complete 
|1374|0x00000007b0600000, 0x00000007b0800000, 0x00000007b0800000|100%|HC|  |TAMS 0x00000007b0600000| PB 0x00000007b0600000| Complete 
|1375|0x00000007b0800000, 0x00000007b0a00000, 0x00000007b0a00000|100%|HC|  |TAMS 0x00000007b0800000| PB 0x00000007b0800000| Complete 
|1376|0x00000007b0a00000, 0x00000007b0c00000, 0x00000007b0c00000|100%|HC|  |TAMS 0x00000007b0a00000| PB 0x00000007b0a00000| Complete 
|1377|0x00000007b0c00000, 0x00000007b0e00000, 0x00000007b0e00000|100%|HC|  |TAMS 0x00000007b0c00000| PB 0x00000007b0c00000| Complete 
|1378|0x00000007b0e00000, 0x00000007b1000000, 0x00000007b1000000|100%|HC|  |TAMS 0x00000007b0e00000| PB 0x00000007b0e00000| Complete 
|1379|0x00000007b1000000, 0x00000007b1200000, 0x00000007b1200000|100%|HC|  |TAMS 0x00000007b1000000| PB 0x00000007b1000000| Complete 
|1380|0x00000007b1200000, 0x00000007b1400000, 0x00000007b1400000|100%|HC|  |TAMS 0x00000007b1200000| PB 0x00000007b1200000| Complete 
|1381|0x00000007b1400000, 0x00000007b1600000, 0x00000007b1600000|100%|HC|  |TAMS 0x00000007b1400000| PB 0x00000007b1400000| Complete 
|1382|0x00000007b1600000, 0x00000007b1800000, 0x00000007b1800000|100%|HC|  |TAMS 0x00000007b1600000| PB 0x00000007b1600000| Complete 
|1383|0x00000007b1800000, 0x00000007b1a00000, 0x00000007b1a00000|100%|HC|  |TAMS 0x00000007b1800000| PB 0x00000007b1800000| Complete 
|1384|0x00000007b1a00000, 0x00000007b1c00000, 0x00000007b1c00000|100%|HC|  |TAMS 0x00000007b1a00000| PB 0x00000007b1a00000| Complete 
|1385|0x00000007b1c00000, 0x00000007b1e00000, 0x00000007b1e00000|100%|HC|  |TAMS 0x00000007b1c00000| PB 0x00000007b1c00000| Complete 
|1386|0x00000007b1e00000, 0x00000007b2000000, 0x00000007b2000000|100%|HC|  |TAMS 0x00000007b1e00000| PB 0x00000007b1e00000| Complete 
|1387|0x00000007b2000000, 0x00000007b2200000, 0x00000007b2200000|100%|HC|  |TAMS 0x00000007b2000000| PB 0x00000007b2000000| Complete 
|1388|0x00000007b2200000, 0x00000007b2400000, 0x00000007b2400000|100%|HC|  |TAMS 0x00000007b2200000| PB 0x00000007b2200000| Complete 
|1389|0x00000007b2400000, 0x00000007b2600000, 0x00000007b2600000|100%|HC|  |TAMS 0x00000007b2400000| PB 0x00000007b2400000| Complete 
|1390|0x00000007b2600000, 0x00000007b2800000, 0x00000007b2800000|100%|HC|  |TAMS 0x00000007b2600000| PB 0x00000007b2600000| Complete 
|1391|0x00000007b2800000, 0x00000007b2a00000, 0x00000007b2a00000|100%|HC|  |TAMS 0x00000007b2800000| PB 0x00000007b2800000| Complete 
|1392|0x00000007b2a00000, 0x00000007b2c00000, 0x00000007b2c00000|100%|HC|  |TAMS 0x00000007b2a00000| PB 0x00000007b2a00000| Complete 
|1393|0x00000007b2c00000, 0x00000007b2e00000, 0x00000007b2e00000|100%|HC|  |TAMS 0x00000007b2c00000| PB 0x00000007b2c00000| Complete 
|1394|0x00000007b2e00000, 0x00000007b3000000, 0x00000007b3000000|100%|HC|  |TAMS 0x00000007b2e00000| PB 0x00000007b2e00000| Complete 
|1395|0x00000007b3000000, 0x00000007b3200000, 0x00000007b3200000|100%|HC|  |TAMS 0x00000007b3000000| PB 0x00000007b3000000| Complete 
|1396|0x00000007b3200000, 0x00000007b3400000, 0x00000007b3400000|100%|HC|  |TAMS 0x00000007b3200000| PB 0x00000007b3200000| Complete 
|1397|0x00000007b3400000, 0x00000007b3600000, 0x00000007b3600000|100%|HC|  |TAMS 0x00000007b3400000| PB 0x00000007b3400000| Complete 
|1398|0x00000007b3600000, 0x00000007b3800000, 0x00000007b3800000|100%|HC|  |TAMS 0x00000007b3600000| PB 0x00000007b3600000| Complete 
|1399|0x00000007b3800000, 0x00000007b3a00000, 0x00000007b3a00000|100%|HC|  |TAMS 0x00000007b3800000| PB 0x00000007b3800000| Complete 
|1400|0x00000007b3a00000, 0x00000007b3c00000, 0x00000007b3c00000|100%|HC|  |TAMS 0x00000007b3a00000| PB 0x00000007b3a00000| Complete 
|1401|0x00000007b3c00000, 0x00000007b3e00000, 0x00000007b3e00000|100%|HC|  |TAMS 0x00000007b3c00000| PB 0x00000007b3c00000| Complete 
|1402|0x00000007b3e00000, 0x00000007b4000000, 0x00000007b4000000|100%|HC|  |TAMS 0x00000007b3e00000| PB 0x00000007b3e00000| Complete 
|1403|0x00000007b4000000, 0x00000007b4200000, 0x00000007b4200000|100%|HC|  |TAMS 0x00000007b4000000| PB 0x00000007b4000000| Complete 
|1404|0x00000007b4200000, 0x00000007b4400000, 0x00000007b4400000|100%|HC|  |TAMS 0x00000007b4200000| PB 0x00000007b4200000| Complete 
|1405|0x00000007b4400000, 0x00000007b4600000, 0x00000007b4600000|100%|HC|  |TAMS 0x00000007b4400000| PB 0x00000007b4400000| Complete 
|1406|0x00000007b4600000, 0x00000007b4800000, 0x00000007b4800000|100%|HC|  |TAMS 0x00000007b4600000| PB 0x00000007b4600000| Complete 
|1407|0x00000007b4800000, 0x00000007b4a00000, 0x00000007b4a00000|100%|HS|  |TAMS 0x00000007b4800000| PB 0x00000007b4800000| Complete 
|1408|0x00000007b4a00000, 0x00000007b4c00000, 0x00000007b4c00000|100%|HC|  |TAMS 0x00000007b4a00000| PB 0x00000007b4a00000| Complete 
|1409|0x00000007b4c00000, 0x00000007b4e00000, 0x00000007b4e00000|100%|HC|  |TAMS 0x00000007b4c00000| PB 0x00000007b4c00000| Complete 
|1410|0x00000007b4e00000, 0x00000007b5000000, 0x00000007b5000000|100%|HC|  |TAMS 0x00000007b4e00000| PB 0x00000007b4e00000| Complete 
|1411|0x00000007b5000000, 0x00000007b5200000, 0x00000007b5200000|100%|HC|  |TAMS 0x00000007b5000000| PB 0x00000007b5000000| Complete 
|1412|0x00000007b5200000, 0x00000007b5400000, 0x00000007b5400000|100%|HC|  |TAMS 0x00000007b5200000| PB 0x00000007b5200000| Complete 
|1413|0x00000007b5400000, 0x00000007b5600000, 0x00000007b5600000|100%|HC|  |TAMS 0x00000007b5400000| PB 0x00000007b5400000| Complete 
|1414|0x00000007b5600000, 0x00000007b5800000, 0x00000007b5800000|100%|HC|  |TAMS 0x00000007b5600000| PB 0x00000007b5600000| Complete 
|1415|0x00000007b5800000, 0x00000007b5a00000, 0x00000007b5a00000|100%|HC|  |TAMS 0x00000007b5800000| PB 0x00000007b5800000| Complete 
|1416|0x00000007b5a00000, 0x00000007b5c00000, 0x00000007b5c00000|100%|HC|  |TAMS 0x00000007b5a00000| PB 0x00000007b5a00000| Complete 
|1417|0x00000007b5c00000, 0x00000007b5e00000, 0x00000007b5e00000|100%|HC|  |TAMS 0x00000007b5c00000| PB 0x00000007b5c00000| Complete 
|1418|0x00000007b5e00000, 0x00000007b6000000, 0x00000007b6000000|100%|HC|  |TAMS 0x00000007b5e00000| PB 0x00000007b5e00000| Complete 
|1419|0x00000007b6000000, 0x00000007b6200000, 0x00000007b6200000|100%|HC|  |TAMS 0x00000007b6000000| PB 0x00000007b6000000| Complete 
|1420|0x00000007b6200000, 0x00000007b6400000, 0x00000007b6400000|100%|HC|  |TAMS 0x00000007b6200000| PB 0x00000007b6200000| Complete 
|1421|0x00000007b6400000, 0x00000007b6600000, 0x00000007b6600000|100%|HC|  |TAMS 0x00000007b6400000| PB 0x00000007b6400000| Complete 
|1422|0x00000007b6600000, 0x00000007b6800000, 0x00000007b6800000|100%|HC|  |TAMS 0x00000007b6600000| PB 0x00000007b6600000| Complete 
|1423|0x00000007b6800000, 0x00000007b6a00000, 0x00000007b6a00000|100%|HC|  |TAMS 0x00000007b6800000| PB 0x00000007b6800000| Complete 
|1424|0x00000007b6a00000, 0x00000007b6c00000, 0x00000007b6c00000|100%|HC|  |TAMS 0x00000007b6a00000| PB 0x00000007b6a00000| Complete 
|1425|0x00000007b6c00000, 0x00000007b6e00000, 0x00000007b6e00000|100%|HC|  |TAMS 0x00000007b6c00000| PB 0x00000007b6c00000| Complete 
|1426|0x00000007b6e00000, 0x00000007b7000000, 0x00000007b7000000|100%|HC|  |TAMS 0x00000007b6e00000| PB 0x00000007b6e00000| Complete 
|1427|0x00000007b7000000, 0x00000007b7200000, 0x00000007b7200000|100%|HC|  |TAMS 0x00000007b7000000| PB 0x00000007b7000000| Complete 
|1428|0x00000007b7200000, 0x00000007b7400000, 0x00000007b7400000|100%|HC|  |TAMS 0x00000007b7200000| PB 0x00000007b7200000| Complete 
|1429|0x00000007b7400000, 0x00000007b7600000, 0x00000007b7600000|100%|HC|  |TAMS 0x00000007b7400000| PB 0x00000007b7400000| Complete 
|1430|0x00000007b7600000, 0x00000007b7800000, 0x00000007b7800000|100%|HC|  |TAMS 0x00000007b7600000| PB 0x00000007b7600000| Complete 
|1431|0x00000007b7800000, 0x00000007b7a00000, 0x00000007b7a00000|100%|HC|  |TAMS 0x00000007b7800000| PB 0x00000007b7800000| Complete 
|1432|0x00000007b7a00000, 0x00000007b7c00000, 0x00000007b7c00000|100%|HC|  |TAMS 0x00000007b7a00000| PB 0x00000007b7a00000| Complete 
|1433|0x00000007b7c00000, 0x00000007b7e00000, 0x00000007b7e00000|100%|HC|  |TAMS 0x00000007b7c00000| PB 0x00000007b7c00000| Complete 
|1434|0x00000007b7e00000, 0x00000007b8000000, 0x00000007b8000000|100%|HC|  |TAMS 0x00000007b7e00000| PB 0x00000007b7e00000| Complete 
|1435|0x00000007b8000000, 0x00000007b8200000, 0x00000007b8200000|100%|HC|  |TAMS 0x00000007b8000000| PB 0x00000007b8000000| Complete 
|1436|0x00000007b8200000, 0x00000007b8400000, 0x00000007b8400000|100%|HC|  |TAMS 0x00000007b8200000| PB 0x00000007b8200000| Complete 
|1437|0x00000007b8400000, 0x00000007b8600000, 0x00000007b8600000|100%|HC|  |TAMS 0x00000007b8400000| PB 0x00000007b8400000| Complete 
|1438|0x00000007b8600000, 0x00000007b8800000, 0x00000007b8800000|100%|HC|  |TAMS 0x00000007b8600000| PB 0x00000007b8600000| Complete 
|1439|0x00000007b8800000, 0x00000007b8a00000, 0x00000007b8a00000|100%|HC|  |TAMS 0x00000007b8800000| PB 0x00000007b8800000| Complete 
|1440|0x00000007b8a00000, 0x00000007b8c00000, 0x00000007b8c00000|100%|HC|  |TAMS 0x00000007b8a00000| PB 0x00000007b8a00000| Complete 
|1441|0x00000007b8c00000, 0x00000007b8e00000, 0x00000007b8e00000|100%|HC|  |TAMS 0x00000007b8c00000| PB 0x00000007b8c00000| Complete 
|1442|0x00000007b8e00000, 0x00000007b9000000, 0x00000007b9000000|100%|HC|  |TAMS 0x00000007b8e00000| PB 0x00000007b8e00000| Complete 
|1443|0x00000007b9000000, 0x00000007b9200000, 0x00000007b9200000|100%|HC|  |TAMS 0x00000007b9000000| PB 0x00000007b9000000| Complete 
|1444|0x00000007b9200000, 0x00000007b9400000, 0x00000007b9400000|100%|HC|  |TAMS 0x00000007b9200000| PB 0x00000007b9200000| Complete 
|1445|0x00000007b9400000, 0x00000007b9600000, 0x00000007b9600000|100%|HC|  |TAMS 0x00000007b9400000| PB 0x00000007b9400000| Complete 
|1446|0x00000007b9600000, 0x00000007b9800000, 0x00000007b9800000|100%|HC|  |TAMS 0x00000007b9600000| PB 0x00000007b9600000| Complete 
|1447|0x00000007b9800000, 0x00000007b9a00000, 0x00000007b9a00000|100%|HC|  |TAMS 0x00000007b9800000| PB 0x00000007b9800000| Complete 
|1448|0x00000007b9a00000, 0x00000007b9c00000, 0x00000007b9c00000|100%|HC|  |TAMS 0x00000007b9a00000| PB 0x00000007b9a00000| Complete 
|1449|0x00000007b9c00000, 0x00000007b9e00000, 0x00000007b9e00000|100%|HC|  |TAMS 0x00000007b9c00000| PB 0x00000007b9c00000| Complete 
|1450|0x00000007b9e00000, 0x00000007ba000000, 0x00000007ba000000|100%|HC|  |TAMS 0x00000007b9e00000| PB 0x00000007b9e00000| Complete 
|1451|0x00000007ba000000, 0x00000007ba200000, 0x00000007ba200000|100%|HC|  |TAMS 0x00000007ba000000| PB 0x00000007ba000000| Complete 
|1452|0x00000007ba200000, 0x00000007ba400000, 0x00000007ba400000|100%|HC|  |TAMS 0x00000007ba200000| PB 0x00000007ba200000| Complete 
|1453|0x00000007ba400000, 0x00000007ba600000, 0x00000007ba600000|100%|HC|  |TAMS 0x00000007ba400000| PB 0x00000007ba400000| Complete 
|1454|0x00000007ba600000, 0x00000007ba800000, 0x00000007ba800000|100%|HC|  |TAMS 0x00000007ba600000| PB 0x00000007ba600000| Complete 
|1455|0x00000007ba800000, 0x00000007baa00000, 0x00000007baa00000|100%|HC|  |TAMS 0x00000007ba800000| PB 0x00000007ba800000| Complete 
|1456|0x00000007baa00000, 0x00000007bac00000, 0x00000007bac00000|100%|HC|  |TAMS 0x00000007baa00000| PB 0x00000007baa00000| Complete 
|1457|0x00000007bac00000, 0x00000007bae00000, 0x00000007bae00000|100%|HC|  |TAMS 0x00000007bac00000| PB 0x00000007bac00000| Complete 
|1458|0x00000007bae00000, 0x00000007bb000000, 0x00000007bb000000|100%|HC|  |TAMS 0x00000007bae00000| PB 0x00000007bae00000| Complete 
|1459|0x00000007bb000000, 0x00000007bb200000, 0x00000007bb200000|100%|HC|  |TAMS 0x00000007bb000000| PB 0x00000007bb000000| Complete 
|1460|0x00000007bb200000, 0x00000007bb400000, 0x00000007bb400000|100%|HC|  |TAMS 0x00000007bb200000| PB 0x00000007bb200000| Complete 
|1461|0x00000007bb400000, 0x00000007bb600000, 0x00000007bb600000|100%|HC|  |TAMS 0x00000007bb400000| PB 0x00000007bb400000| Complete 
|1462|0x00000007bb600000, 0x00000007bb800000, 0x00000007bb800000|100%|HC|  |TAMS 0x00000007bb600000| PB 0x00000007bb600000| Complete 
|1463|0x00000007bb800000, 0x00000007bba00000, 0x00000007bba00000|100%|HC|  |TAMS 0x00000007bb800000| PB 0x00000007bb800000| Complete 
|1464|0x00000007bba00000, 0x00000007bbc00000, 0x00000007bbc00000|100%|HC|  |TAMS 0x00000007bba00000| PB 0x00000007bba00000| Complete 
|1465|0x00000007bbc00000, 0x00000007bbe00000, 0x00000007bbe00000|100%|HS|  |TAMS 0x00000007bbc00000| PB 0x00000007bbc00000| Complete 
|1466|0x00000007bbe00000, 0x00000007bc000000, 0x00000007bc000000|100%|HC|  |TAMS 0x00000007bbe00000| PB 0x00000007bbe00000| Complete 
|1467|0x00000007bc000000, 0x00000007bc200000, 0x00000007bc200000|100%|HC|  |TAMS 0x00000007bc000000| PB 0x00000007bc000000| Complete 
|1468|0x00000007bc200000, 0x00000007bc400000, 0x00000007bc400000|100%|HC|  |TAMS 0x00000007bc200000| PB 0x00000007bc200000| Complete 
|1469|0x00000007bc400000, 0x00000007bc600000, 0x00000007bc600000|100%|HC|  |TAMS 0x00000007bc400000| PB 0x00000007bc400000| Complete 
|1470|0x00000007bc600000, 0x00000007bc800000, 0x00000007bc800000|100%|HC|  |TAMS 0x00000007bc600000| PB 0x00000007bc600000| Complete 
|1471|0x00000007bc800000, 0x00000007bca00000, 0x00000007bca00000|100%|HC|  |TAMS 0x00000007bc800000| PB 0x00000007bc800000| Complete 
|1472|0x00000007bca00000, 0x00000007bcc00000, 0x00000007bcc00000|100%|HC|  |TAMS 0x00000007bca00000| PB 0x00000007bca00000| Complete 
|1473|0x00000007bcc00000, 0x00000007bce00000, 0x00000007bce00000|100%|HC|  |TAMS 0x00000007bcc00000| PB 0x00000007bcc00000| Complete 
|1474|0x00000007bce00000, 0x00000007bd000000, 0x00000007bd000000|100%|HC|  |TAMS 0x00000007bce00000| PB 0x00000007bce00000| Complete 
|1475|0x00000007bd000000, 0x00000007bd200000, 0x00000007bd200000|100%|HC|  |TAMS 0x00000007bd000000| PB 0x00000007bd000000| Complete 
|1476|0x00000007bd200000, 0x00000007bd400000, 0x00000007bd400000|100%|HC|  |TAMS 0x00000007bd200000| PB 0x00000007bd200000| Complete 
|1477|0x00000007bd400000, 0x00000007bd600000, 0x00000007bd600000|100%|HC|  |TAMS 0x00000007bd400000| PB 0x00000007bd400000| Complete 
|1478|0x00000007bd600000, 0x00000007bd800000, 0x00000007bd800000|100%|HC|  |TAMS 0x00000007bd600000| PB 0x00000007bd600000| Complete 
|1479|0x00000007bd800000, 0x00000007bda00000, 0x00000007bda00000|100%|HC|  |TAMS 0x00000007bd800000| PB 0x00000007bd800000| Complete 
|1480|0x00000007bda00000, 0x00000007bdc00000, 0x00000007bdc00000|100%|HC|  |TAMS 0x00000007bda00000| PB 0x00000007bda00000| Complete 
|1481|0x00000007bdc00000, 0x00000007bde00000, 0x00000007bde00000|100%|HC|  |TAMS 0x00000007bdc00000| PB 0x00000007bdc00000| Complete 
|1482|0x00000007bde00000, 0x00000007be000000, 0x00000007be000000|100%|HC|  |TAMS 0x00000007bde00000| PB 0x00000007bde00000| Complete 
|1483|0x00000007be000000, 0x00000007be200000, 0x00000007be200000|100%|HC|  |TAMS 0x00000007be000000| PB 0x00000007be000000| Complete 
|1484|0x00000007be200000, 0x00000007be400000, 0x00000007be400000|100%|HC|  |TAMS 0x00000007be200000| PB 0x00000007be200000| Complete 
|1485|0x00000007be400000, 0x00000007be600000, 0x00000007be600000|100%|HC|  |TAMS 0x00000007be400000| PB 0x00000007be400000| Complete 
|1486|0x00000007be600000, 0x00000007be800000, 0x00000007be800000|100%|HC|  |TAMS 0x00000007be600000| PB 0x00000007be600000| Complete 
|1487|0x00000007be800000, 0x00000007bea00000, 0x00000007bea00000|100%|HC|  |TAMS 0x00000007be800000| PB 0x00000007be800000| Complete 
|1488|0x00000007bea00000, 0x00000007bec00000, 0x00000007bec00000|100%|HC|  |TAMS 0x00000007bea00000| PB 0x00000007bea00000| Complete 
|1489|0x00000007bec00000, 0x00000007bee00000, 0x00000007bee00000|100%|HC|  |TAMS 0x00000007bec00000| PB 0x00000007bec00000| Complete 
|1490|0x00000007bee00000, 0x00000007bf000000, 0x00000007bf000000|100%|HC|  |TAMS 0x00000007bee00000| PB 0x00000007bee00000| Complete 
|1491|0x00000007bf000000, 0x00000007bf200000, 0x00000007bf200000|100%|HC|  |TAMS 0x00000007bf000000| PB 0x00000007bf000000| Complete 
|1492|0x00000007bf200000, 0x00000007bf400000, 0x00000007bf400000|100%|HC|  |TAMS 0x00000007bf200000| PB 0x00000007bf200000| Complete 
|1493|0x00000007bf400000, 0x00000007bf600000, 0x00000007bf600000|100%|HC|  |TAMS 0x00000007bf400000| PB 0x00000007bf400000| Complete 
|1494|0x00000007bf600000, 0x00000007bf800000, 0x00000007bf800000|100%|HC|  |TAMS 0x00000007bf600000| PB 0x00000007bf600000| Complete 
|1495|0x00000007bf800000, 0x00000007bfa00000, 0x00000007bfa00000|100%|HC|  |TAMS 0x00000007bf800000| PB 0x00000007bf800000| Complete 
|1496|0x00000007bfa00000, 0x00000007bfc00000, 0x00000007bfc00000|100%|HC|  |TAMS 0x00000007bfa00000| PB 0x00000007bfa00000| Complete 
|1497|0x00000007bfc00000, 0x00000007bfe00000, 0x00000007bfe00000|100%|HC|  |TAMS 0x00000007bfc00000| PB 0x00000007bfc00000| Complete 
|1498|0x00000007bfe00000, 0x00000007c0000000, 0x00000007c0000000|100%|HC|  |TAMS 0x00000007bfe00000| PB 0x00000007bfe00000| Complete 
|1499|0x00000007c0000000, 0x00000007c0200000, 0x00000007c0200000|100%|HC|  |TAMS 0x00000007c0000000| PB 0x00000007c0000000| Complete 
|1500|0x00000007c0200000, 0x00000007c0400000, 0x00000007c0400000|100%|HC|  |TAMS 0x00000007c0200000| PB 0x00000007c0200000| Complete 
|1501|0x00000007c0400000, 0x00000007c0600000, 0x00000007c0600000|100%|HC|  |TAMS 0x00000007c0400000| PB 0x00000007c0400000| Complete 
|1502|0x00000007c0600000, 0x00000007c0800000, 0x00000007c0800000|100%|HC|  |TAMS 0x00000007c0600000| PB 0x00000007c0600000| Complete 
|1503|0x00000007c0800000, 0x00000007c0a00000, 0x00000007c0a00000|100%|HC|  |TAMS 0x00000007c0800000| PB 0x00000007c0800000| Complete 
|1504|0x00000007c0a00000, 0x00000007c0c00000, 0x00000007c0c00000|100%|HC|  |TAMS 0x00000007c0a00000| PB 0x00000007c0a00000| Complete 
|1505|0x00000007c0c00000, 0x00000007c0e00000, 0x00000007c0e00000|100%|HC|  |TAMS 0x00000007c0c00000| PB 0x00000007c0c00000| Complete 
|1506|0x00000007c0e00000, 0x00000007c1000000, 0x00000007c1000000|100%|HC|  |TAMS 0x00000007c0e00000| PB 0x00000007c0e00000| Complete 
|1507|0x00000007c1000000, 0x00000007c1200000, 0x00000007c1200000|100%|HC|  |TAMS 0x00000007c1000000| PB 0x00000007c1000000| Complete 
|1508|0x00000007c1200000, 0x00000007c1400000, 0x00000007c1400000|100%|HC|  |TAMS 0x00000007c1200000| PB 0x00000007c1200000| Complete 
|1509|0x00000007c1400000, 0x00000007c1600000, 0x00000007c1600000|100%|HC|  |TAMS 0x00000007c1400000| PB 0x00000007c1400000| Complete 
|1510|0x00000007c1600000, 0x00000007c1800000, 0x00000007c1800000|100%|HC|  |TAMS 0x00000007c1600000| PB 0x00000007c1600000| Complete 
|1511|0x00000007c1800000, 0x00000007c1a00000, 0x00000007c1a00000|100%|HC|  |TAMS 0x00000007c1800000| PB 0x00000007c1800000| Complete 
|1512|0x00000007c1a00000, 0x00000007c1c00000, 0x00000007c1c00000|100%|HC|  |TAMS 0x00000007c1a00000| PB 0x00000007c1a00000| Complete 
|1513|0x00000007c1c00000, 0x00000007c1e00000, 0x00000007c1e00000|100%|HC|  |TAMS 0x00000007c1c00000| PB 0x00000007c1c00000| Complete 
|1514|0x00000007c1e00000, 0x00000007c2000000, 0x00000007c2000000|100%|HC|  |TAMS 0x00000007c1e00000| PB 0x00000007c1e00000| Complete 
|1515|0x00000007c2000000, 0x00000007c2200000, 0x00000007c2200000|100%|HC|  |TAMS 0x00000007c2000000| PB 0x00000007c2000000| Complete 
|1516|0x00000007c2200000, 0x00000007c2400000, 0x00000007c2400000|100%|HC|  |TAMS 0x00000007c2200000| PB 0x00000007c2200000| Complete 
|1517|0x00000007c2400000, 0x00000007c2600000, 0x00000007c2600000|100%|HC|  |TAMS 0x00000007c2400000| PB 0x00000007c2400000| Complete 
|1518|0x00000007c2600000, 0x00000007c2800000, 0x00000007c2800000|100%|HC|  |TAMS 0x00000007c2600000| PB 0x00000007c2600000| Complete 
|1519|0x00000007c2800000, 0x00000007c2a00000, 0x00000007c2a00000|100%|HC|  |TAMS 0x00000007c2800000| PB 0x00000007c2800000| Complete 
|1520|0x00000007c2a00000, 0x00000007c2c00000, 0x00000007c2c00000|100%|HC|  |TAMS 0x00000007c2a00000| PB 0x00000007c2a00000| Complete 
|1521|0x00000007c2c00000, 0x00000007c2e00000, 0x00000007c2e00000|100%|HC|  |TAMS 0x00000007c2c00000| PB 0x00000007c2c00000| Complete 
|1522|0x00000007c2e00000, 0x00000007c3000000, 0x00000007c3000000|100%|HC|  |TAMS 0x00000007c2e00000| PB 0x00000007c2e00000| Complete 
|1523|0x00000007c3000000, 0x00000007c3000000, 0x00000007c3200000|  0%| F|  |TAMS 0x00000007c3000000| PB 0x00000007c3000000| Untracked 
|1524|0x00000007c3200000, 0x00000007c3200000, 0x00000007c3400000|  0%| F|  |TAMS 0x00000007c3200000| PB 0x00000007c3200000| Untracked 
|1525|0x00000007c3400000, 0x00000007c3400000, 0x00000007c3600000|  0%| F|  |TAMS 0x00000007c3400000| PB 0x00000007c3400000| Untracked 
|2003|0x00000007ff000000, 0x00000007ff200000, 0x00000007ff200000|100%| O|  |TAMS 0x00000007ff000000| PB 0x00000007ff000000| Untracked 
|2004|0x00000007ff200000, 0x00000007ff400000, 0x00000007ff400000|100%| O|  |TAMS 0x00000007ff200000| PB 0x00000007ff200000| Untracked 
|2005|0x00000007ff400000, 0x00000007ff600000, 0x00000007ff600000|100%| O|  |TAMS 0x00000007ff400000| PB 0x00000007ff400000| Untracked 
|2006|0x00000007ff600000, 0x00000007ff800000, 0x00000007ff800000|100%| O|  |TAMS 0x00000007ff600000| PB 0x00000007ff600000| Untracked 
|2007|0x00000007ff800000, 0x00000007ffa00000, 0x00000007ffa00000|100%| O|  |TAMS 0x00000007ff800000| PB 0x00000007ff800000| Untracked 
|2008|0x00000007ffa00000, 0x00000007ffc00000, 0x00000007ffc00000|100%| O|  |TAMS 0x00000007ffa00000| PB 0x00000007ffa00000| Untracked 
|2009|0x00000007ffc00000, 0x00000007ffe00000, 0x00000007ffe00000|100%| O|  |TAMS 0x00000007ffc00000| PB 0x00000007ffc00000| Untracked 
|2010|0x00000007ffe00000, 0x0000000800000000, 0x0000000800000000|100%| O|  |TAMS 0x00000007ffe00000| PB 0x00000007ffe00000| Untracked 

Card table byte_map: [0x00000184bd080000,0x00000184bd860000] _byte_map_base: 0x00000184b985b000

Marking Bits: (CMBitMap*) 0x00000184a9c3d780
 Bits: [0x00000184bd860000, 0x00000184c1738000)

Polling page: 0x00000184a7a70000

Metaspace:

Usage:
  Non-class:     33.86 MB used.
      Class:      4.64 MB used.
       Both:     38.50 MB used.

Virtual space:
  Non-class space:       64.00 MB reserved,      34.12 MB ( 53%) committed,  1 nodes.
      Class space:        1.00 GB reserved,       4.88 MB ( <1%) committed,  1 nodes.
             Both:        1.06 GB reserved,      39.00 MB (  4%) committed. 

Chunk freelists:
   Non-Class:  13.48 MB
       Class:  11.09 MB
        Both:  24.58 MB

MaxMetaspaceSize: unlimited
CompressedClassSpaceSize: 1.00 GB
Initial GC threshold: 21.00 MB
Current GC threshold: 65.00 MB
CDS: on
 - commit_granule_bytes: 65536.
 - commit_granule_words: 8192.
 - virtual_space_node_default_size: 8388608.
 - enlarge_chunks_in_place: 1.
 - use_allocation_guard: 0.


Internal statistics:

num_allocs_failed_limit: 6.
num_arena_births: 570.
num_arena_deaths: 0.
num_vsnodes_births: 2.
num_vsnodes_deaths: 0.
num_space_committed: 624.
num_space_uncommitted: 0.
num_chunks_returned_to_freelist: 6.
num_chunks_taken_from_freelist: 1769.
num_chunk_merges: 3.
num_chunk_splits: 1221.
num_chunks_enlarged: 878.
num_inconsistent_stats: 0.

CodeHeap 'non-profiled nmethods': size=120000Kb used=5727Kb max_used=5727Kb free=114272Kb
 bounds [0x00000184b5040000, 0x00000184b55e0000, 0x00000184bc570000]
CodeHeap 'profiled nmethods': size=120000Kb used=10871Kb max_used=10920Kb free=109128Kb
 bounds [0x00000184ad570000, 0x00000184ae020000, 0x00000184b4aa0000]
CodeHeap 'non-nmethods': size=5760Kb used=1778Kb max_used=1874Kb free=3981Kb
 bounds [0x00000184b4aa0000, 0x00000184b4d10000, 0x00000184b5040000]
CodeCache: size=245760Kb, used=18376Kb, max_used=18521Kb, free=227381Kb
 total_blobs=6360, nmethods=5713, adapters=550, full_count=0
Compilation: enabled, stopped_count=0, restarted_count=0

Compilation events (20 events):
Event: 222.052 Thread 0x00000184c41c5780 6475       4       org.eclipse.jetty.server.AsyncContentProducer::reclaim (61 bytes)
Event: 222.054 Thread 0x00000184c41c5780 nmethod 6475 0x00000184b55d2b90 code [0x00000184b55d2d80, 0x00000184b55d3130]
Event: 222.659 Thread 0x00000184c41c5780 6476   !   4       java.nio.charset.CharsetDecoder::decode (275 bytes)
Event: 222.669 Thread 0x00000184c41c5780 nmethod 6476 0x00000184b55d3510 code [0x00000184b55d3800, 0x00000184b55d41b8]
Event: 222.676 Thread 0x00000184c41c5780 6477       4       java.nio.CharBuffer::arrayOffset (35 bytes)
Event: 222.678 Thread 0x00000184c41c5780 nmethod 6477 0x00000184b55d4a90 code [0x00000184b55d4c20, 0x00000184b55d4ce8]
Event: 222.829 Thread 0x00000184c41c5780 6478       4       java.util.ArrayList::elementAt (4 bytes)
Event: 222.830 Thread 0x00000184c41c6220 6479  s    3       org.apache.jena.tdb.transaction.Journal::write (363 bytes)
Event: 222.830 Thread 0x00000184c41c5780 nmethod 6478 0x00000184b55d4d90 code [0x00000184b55d4f20, 0x00000184b55d4fd0]
Event: 222.830 Thread 0x00000184c41c5780 6480       4       java.nio.HeapByteBuffer::put (17 bytes)
Event: 222.831 Thread 0x00000184c41c5780 nmethod 6480 0x00000184b55d5090 code [0x00000184b55d5220, 0x00000184b55d5370]
Event: 222.831 Thread 0x00000184c41c5780 6481       4       java.util.zip.Checksum::update (11 bytes)
Event: 222.831 Thread 0x00000184c41c6220 nmethod 6479 0x00000184ae016e10 code [0x00000184ae0172a0, 0x00000184ae0196a8]
Event: 222.831 Thread 0x00000184c41c5780 nmethod 6481 0x00000184b55d5490 code [0x00000184b55d5620, 0x00000184b55d56e8]
Event: 222.831 Thread 0x00000184c41c5780 6482       4       java.util.zip.Adler32::<init> (10 bytes)
Event: 222.831 Thread 0x00000184c41c5780 nmethod 6482 0x00000184b55d5790 code [0x00000184b55d5920, 0x00000184b55d59b0]
Event: 222.831 Thread 0x00000184c41c5780 6483       4       java.util.zip.Adler32::getValue (10 bytes)
Event: 222.831 Thread 0x00000184c41c5780 nmethod 6483 0x00000184b55d5a90 code [0x00000184b55d5c20, 0x00000184b55d5ca8]
Event: 222.840 Thread 0x00000184c41c5780 6484  s    4       org.apache.jena.tdb.transaction.Journal::write (363 bytes)
Event: 222.858 Thread 0x00000184c41c5780 nmethod 6484 0x00000184b55d5d90 code [0x00000184b55d6020, 0x00000184b55d7020]

GC Heap History (20 events):
Event: 218.243 GC heap before
{Heap before GC invocations=1905 (full 0):
 garbage-first heap   total 2066432K, used 931531K [0x0000000704a00000, 0x0000000800000000)
  region size 2048K, 157 young (321536K), 9 survivors (18432K)
 Metaspace       used 39417K, committed 39936K, reserved 1114112K
  class space    used 4748K, committed 4992K, reserved 1048576K
}
Event: 218.248 GC heap after
{Heap after GC invocations=1906 (full 0):
 garbage-first heap   total 2066432K, used 638069K [0x0000000704a00000, 0x0000000800000000)
  region size 2048K, 13 young (26624K), 13 survivors (26624K)
 Metaspace       used 39417K, committed 39936K, reserved 1114112K
  class space    used 4748K, committed 4992K, reserved 1048576K
}
Event: 218.292 GC heap before
{Heap before GC invocations=1906 (full 0):
 garbage-first heap   total 2066432K, used 713845K [0x0000000704a00000, 0x0000000800000000)
  region size 2048K, 50 young (102400K), 13 survivors (26624K)
 Metaspace       used 39417K, committed 39936K, reserved 1114112K
  class space    used 4748K, committed 4992K, reserved 1048576K
}
Event: 218.296 GC heap after
{Heap after GC invocations=1907 (full 0):
 garbage-first heap   total 2066432K, used 640540K [0x0000000704a00000, 0x0000000800000000)
  region size 2048K, 2 young (4096K), 2 survivors (4096K)
 Metaspace       used 39417K, committed 39936K, reserved 1114112K
  class space    used 4748K, committed 4992K, reserved 1048576K
}
Event: 218.793 GC heap before
{Heap before GC invocations=1907 (full 0):
 garbage-first heap   total 2066432K, used 1328668K [0x0000000704a00000, 0x0000000800000000)
  region size 2048K, 338 young (692224K), 2 survivors (4096K)
 Metaspace       used 39417K, committed 39936K, reserved 1114112K
  class space    used 4748K, committed 4992K, reserved 1048576K
}
Event: 218.801 GC heap after
{Heap after GC invocations=1908 (full 0):
 garbage-first heap   total 2066432K, used 663533K [0x0000000704a00000, 0x0000000800000000)
  region size 2048K, 13 young (26624K), 13 survivors (26624K)
 Metaspace       used 39417K, committed 39936K, reserved 1114112K
  class space    used 4748K, committed 4992K, reserved 1048576K
}
Event: 219.041 GC heap before
{Heap before GC invocations=1908 (full 0):
 garbage-first heap   total 2066432K, used 970733K [0x0000000704a00000, 0x0000000800000000)
  region size 2048K, 163 young (333824K), 13 survivors (26624K)
 Metaspace       used 39417K, committed 39936K, reserved 1114112K
  class space    used 4748K, committed 4992K, reserved 1048576K
}
Event: 219.049 GC heap after
{Heap after GC invocations=1909 (full 0):
 garbage-first heap   total 2066432K, used 675773K [0x0000000704a00000, 0x0000000800000000)
  region size 2048K, 7 young (14336K), 7 survivors (14336K)
 Metaspace       used 39417K, committed 39936K, reserved 1114112K
  class space    used 4748K, committed 4992K, reserved 1048576K
}
Event: 219.596 GC heap before
{Heap before GC invocations=1909 (full 0):
 garbage-first heap   total 2066432K, used 1361853K [0x0000000704a00000, 0x0000000800000000)
  region size 2048K, 342 young (700416K), 7 survivors (14336K)
 Metaspace       used 39417K, committed 39936K, reserved 1114112K
  class space    used 4748K, committed 4992K, reserved 1048576K
}
Event: 219.604 GC heap after
{Heap after GC invocations=1910 (full 0):
 garbage-first heap   total 2066432K, used 705143K [0x0000000704a00000, 0x0000000800000000)
  region size 2048K, 21 young (43008K), 21 survivors (43008K)
 Metaspace       used 39417K, committed 39936K, reserved 1114112K
  class space    used 4748K, committed 4992K, reserved 1048576K
}
Event: 219.848 GC heap before
{Heap before GC invocations=1910 (full 0):
 garbage-first heap   total 2066432K, used 979575K [0x0000000704a00000, 0x0000000800000000)
  region size 2048K, 155 young (317440K), 21 survivors (43008K)
 Metaspace       used 39419K, committed 39936K, reserved 1114112K
  class space    used 4748K, committed 4992K, reserved 1048576K
}
Event: 219.856 GC heap after
{Heap after GC invocations=1911 (full 0):
 garbage-first heap   total 2066432K, used 718829K [0x0000000704a00000, 0x0000000800000000)
  region size 2048K, 8 young (16384K), 8 survivors (16384K)
 Metaspace       used 39419K, committed 39936K, reserved 1114112K
  class space    used 4748K, committed 4992K, reserved 1048576K
}
Event: 220.837 GC heap before
{Heap before GC invocations=1911 (full 0):
 garbage-first heap   total 2066432K, used 1683437K [0x0000000704a00000, 0x0000000800000000)
  region size 2048K, 479 young (980992K), 8 survivors (16384K)
 Metaspace       used 39423K, committed 39936K, reserved 1114112K
  class space    used 4748K, committed 4992K, reserved 1048576K
}
Event: 220.847 GC heap after
{Heap after GC invocations=1912 (full 0):
 garbage-first heap   total 2066432K, used 756591K [0x0000000704a00000, 0x0000000800000000)
  region size 2048K, 27 young (55296K), 27 survivors (55296K)
 Metaspace       used 39423K, committed 39936K, reserved 1114112K
  class space    used 4748K, committed 4992K, reserved 1048576K
}
Event: 221.398 GC heap before
{Heap before GC invocations=1912 (full 0):
 garbage-first heap   total 2066432K, used 1297263K [0x0000000704a00000, 0x0000000800000000)
  region size 2048K, 291 young (595968K), 27 survivors (55296K)
 Metaspace       used 39423K, committed 39936K, reserved 1114112K
  class space    used 4748K, committed 4992K, reserved 1048576K
}
Event: 221.410 GC heap after
{Heap after GC invocations=1913 (full 0):
 garbage-first heap   total 2066432K, used 783341K [0x0000000704a00000, 0x0000000800000000)
  region size 2048K, 14 young (28672K), 14 survivors (28672K)
 Metaspace       used 39423K, committed 39936K, reserved 1114112K
  class space    used 4748K, committed 4992K, reserved 1048576K
}
Event: 222.495 GC heap before
{Heap before GC invocations=1913 (full 0):
 garbage-first heap   total 2066432K, used 1854445K [0x0000000704a00000, 0x0000000800000000)
  region size 2048K, 537 young (1099776K), 14 survivors (28672K)
 Metaspace       used 39424K, committed 39936K, reserved 1114112K
  class space    used 4748K, committed 4992K, reserved 1048576K
}
Event: 222.509 GC heap after
{Heap after GC invocations=1914 (full 0):
 garbage-first heap   total 2066432K, used 839661K [0x0000000704a00000, 0x0000000800000000)
  region size 2048K, 41 young (83968K), 41 survivors (83968K)
 Metaspace       used 39424K, committed 39936K, reserved 1114112K
  class space    used 4748K, committed 4992K, reserved 1048576K
}
Event: 222.890 GC heap before
{Heap before GC invocations=1914 (full 0):
 garbage-first heap   total 2066432K, used 1249261K [0x0000000704a00000, 0x0000000800000000)
  region size 2048K, 180 young (368640K), 41 survivors (83968K)
 Metaspace       used 39424K, committed 39936K, reserved 1114112K
  class space    used 4748K, committed 4992K, reserved 1048576K
}
Event: 222.905 GC heap after
{Heap after GC invocations=1915 (full 0):
 garbage-first heap   total 2066432K, used 982926K [0x0000000704a00000, 0x0000000800000000)
  region size 2048K, 10 young (20480K), 10 survivors (20480K)
 Metaspace       used 39424K, committed 39936K, reserved 1114112K
  class space    used 4748K, committed 4992K, reserved 1048576K
}

Dll operation events (11 events):
Event: 0.005 Loaded shared library C:\Users\UsuarioPc\Documents\rosetta-2.13.1-win32.win32.x86_64\Rosetta\plugins\org.eclipse.justj.openjdk.hotspot.jre.full.win32.x86_64_21.0.8.v20250724-1412\jre\bin\java.dll
Event: 0.073 Loaded shared library C:\Users\UsuarioPc\Documents\rosetta-2.13.1-win32.win32.x86_64\Rosetta\plugins\org.eclipse.justj.openjdk.hotspot.jre.full.win32.x86_64_21.0.8.v20250724-1412\jre\bin\net.dll
Event: 0.074 Loaded shared library C:\Users\UsuarioPc\Documents\rosetta-2.13.1-win32.win32.x86_64\Rosetta\plugins\org.eclipse.justj.openjdk.hotspot.jre.full.win32.x86_64_21.0.8.v20250724-1412\jre\bin\nio.dll
Event: 0.092 Loaded shared library C:\Users\UsuarioPc\Documents\rosetta-2.13.1-win32.win32.x86_64\Rosetta\plugins\org.eclipse.justj.openjdk.hotspot.jre.full.win32.x86_64_21.0.8.v20250724-1412\jre\bin\zip.dll
Event: 0.101 Loaded shared library C:\Users\UsuarioPc\Documents\rosetta-2.13.1-win32.win32.x86_64\Rosetta\plugins\org.eclipse.justj.openjdk.hotspot.jre.full.win32.x86_64_21.0.8.v20250724-1412\jre\bin\zip.dll
Event: 0.115 Loaded shared library C:\Users\UsuarioPc\Documents\rosetta-2.13.1-win32.win32.x86_64\Rosetta\plugins\org.eclipse.justj.openjdk.hotspot.jre.full.win32.x86_64_21.0.8.v20250724-1412\jre\bin\jimage.dll
Event: 0.378 Loaded shared library C:\Users\UsuarioPc\Documents\rosetta-2.13.1-win32.win32.x86_64\Rosetta\plugins\org.eclipse.justj.openjdk.hotspot.jre.full.win32.x86_64_21.0.8.v20250724-1412\jre\bin\management.dll
Event: 0.385 Loaded shared library C:\Users\UsuarioPc\Documents\rosetta-2.13.1-win32.win32.x86_64\Rosetta\plugins\org.eclipse.justj.openjdk.hotspot.jre.full.win32.x86_64_21.0.8.v20250724-1412\jre\bin\management_ext.dll
Event: 0.803 Loaded shared library C:\Users\UsuarioPc\Documents\rosetta-2.13.1-win32.win32.x86_64\Rosetta\plugins\org.eclipse.justj.openjdk.hotspot.jre.full.win32.x86_64_21.0.8.v20250724-1412\jre\bin\verify.dll
Event: 1.418 Loaded shared library C:\Users\UsuarioPc\Documents\rosetta-2.13.1-win32.win32.x86_64\Rosetta\plugins\org.eclipse.justj.openjdk.hotspot.jre.full.win32.x86_64_21.0.8.v20250724-1412\jre\bin\extnet.dll
Event: 6.788 Loaded shared library C:\Users\UsuarioPc\Documents\rosetta-2.13.1-win32.win32.x86_64\Rosetta\plugins\org.eclipse.justj.openjdk.hotspot.jre.full.win32.x86_64_21.0.8.v20250724-1412\jre\bin\sunmscapi.dll

Deoptimization events (20 events):
Event: 218.673 Thread 0x000001850ac1c2e0 Uncommon trap: trap_request=0xffffff45 fr.pc=0x00000184b5538144 relative=0x0000000000000444
Event: 218.673 Thread 0x000001850ac1c2e0 Uncommon trap: reason=unstable_if action=reinterpret pc=0x00000184b5538144 method=sun.nio.cs.UTF_8$Decoder.decodeArrayLoop(Ljava/nio/ByteBuffer;Ljava/nio/CharBuffer;)Ljava/nio/charset/CoderResult; @ 181 c2
Event: 218.673 Thread 0x000001850ac1c2e0 DEOPT PACKING pc=0x00000184b5538144 sp=0x0000007a6aafc280
Event: 218.673 Thread 0x000001850ac1c2e0 DEOPT UNPACKING pc=0x00000184b4af7da2 sp=0x0000007a6aafc1b8 mode 2
Event: 218.693 Thread 0x000001850ac1c2e0 DEOPT PACKING pc=0x00000184ae00e10c sp=0x0000007a6aafc160
Event: 218.693 Thread 0x000001850ac1c2e0 DEOPT UNPACKING pc=0x00000184b4af88e2 sp=0x0000007a6aafb6b8 mode 0
Event: 218.693 Thread 0x000001850ac1c2e0 DEOPT PACKING pc=0x00000184ae00e10c sp=0x0000007a6aafc160
Event: 218.693 Thread 0x000001850ac1c2e0 DEOPT UNPACKING pc=0x00000184b4af88e2 sp=0x0000007a6aafb6b8 mode 0
Event: 218.707 Thread 0x000001850ac1c2e0 DEOPT PACKING pc=0x00000184ae00e10c sp=0x0000007a6aafc1f0
Event: 218.707 Thread 0x000001850ac1c2e0 DEOPT UNPACKING pc=0x00000184b4af88e2 sp=0x0000007a6aafb748 mode 0
Event: 218.707 Thread 0x000001850ac1c2e0 DEOPT PACKING pc=0x00000184ae00e10c sp=0x0000007a6aafc1f0
Event: 218.707 Thread 0x000001850ac1c2e0 DEOPT UNPACKING pc=0x00000184b4af88e2 sp=0x0000007a6aafb748 mode 0
Event: 218.731 Thread 0x000001850ac1c2e0 DEOPT PACKING pc=0x00000184ae00e10c sp=0x0000007a6aafc160
Event: 218.731 Thread 0x000001850ac1c2e0 DEOPT UNPACKING pc=0x00000184b4af88e2 sp=0x0000007a6aafb6b8 mode 0
Event: 218.732 Thread 0x000001850ac1c2e0 DEOPT PACKING pc=0x00000184ae00e10c sp=0x0000007a6aafc160
Event: 218.732 Thread 0x000001850ac1c2e0 DEOPT UNPACKING pc=0x00000184b4af88e2 sp=0x0000007a6aafb6b8 mode 0
Event: 220.924 Thread 0x000001850ac1c2e0 Uncommon trap: trap_request=0xffffff45 fr.pc=0x00000184b5364168 relative=0x0000000000001da8
Event: 220.924 Thread 0x000001850ac1c2e0 Uncommon trap: reason=unstable_if action=reinterpret pc=0x00000184b5364168 method=org.apache.jena.riot.system.PrefixMapStd.getPossibleKey(Ljava/lang/String;)Ljava/lang/String; @ 9 c2
Event: 220.924 Thread 0x000001850ac1c2e0 DEOPT PACKING pc=0x00000184b5364168 sp=0x0000007a6aafc5f0
Event: 220.924 Thread 0x000001850ac1c2e0 DEOPT UNPACKING pc=0x00000184b4af7da2 sp=0x0000007a6aafc340 mode 2

Classes loaded (20 events):
Event: 39.647 Loading class jdk/internal/icu/util/CodePointTrie$Type
Event: 39.647 Loading class jdk/internal/icu/util/CodePointTrie$Type done
Event: 39.647 Loading class jdk/internal/icu/util/CodePointTrie$ValueWidth
Event: 39.647 Loading class jdk/internal/icu/util/CodePointTrie$ValueWidth done
Event: 39.647 Loading class java/nio/ByteBufferAsCharBufferL
Event: 39.648 Loading class java/nio/ByteBufferAsCharBufferL done
Event: 39.648 Loading class jdk/internal/icu/util/CodePointTrie$Data16
Event: 39.648 Loading class jdk/internal/icu/util/CodePointTrie$Data
Event: 39.648 Loading class jdk/internal/icu/util/CodePointTrie$Data done
Event: 39.648 Loading class jdk/internal/icu/util/CodePointTrie$Data16 done
Event: 39.648 Loading class jdk/internal/icu/impl/Norm2AllModes$ComposeNormalizer2
Event: 39.648 Loading class jdk/internal/icu/impl/Norm2AllModes$Normalizer2WithImpl
Event: 39.648 Loading class jdk/internal/icu/impl/Norm2AllModes$Normalizer2WithImpl done
Event: 39.648 Loading class jdk/internal/icu/impl/Norm2AllModes$ComposeNormalizer2 done
Event: 39.648 Loading class jdk/internal/icu/impl/Norm2AllModes$DecomposeNormalizer2
Event: 39.648 Loading class jdk/internal/icu/impl/Norm2AllModes$DecomposeNormalizer2 done
Event: 39.648 Loading class jdk/internal/icu/impl/NormalizerImpl$ReorderingBuffer
Event: 39.648 Loading class jdk/internal/icu/impl/NormalizerImpl$ReorderingBuffer done
Event: 39.701 Loading class java/lang/foreign/MemorySegment
Event: 39.701 Loading class java/lang/foreign/MemorySegment done

Classes unloaded (0 events):
No events

Classes redefined (0 events):
No events

Internal exceptions (20 events):
Event: 6.644 Thread 0x00000184a9bd5500 Exception <a 'java/lang/NoSuchMethodError'{0x0000000707426f78}: 'int java.lang.invoke.DirectMethodHandle$Holder.invokeSpecial(java.lang.Object, java.lang.Object, java.lang.Object, java.lang.Object)'> (0x0000000707426f78) 
thrown [s\src\hotspot\share\interpreter\linkResolver.cpp, line 773]
Event: 6.645 Thread 0x00000184a9bd5500 Exception <a 'java/lang/NoSuchMethodError'{0x0000000707434bb0}: 'java.lang.Object java.lang.invoke.DirectMethodHandle$Holder.invokeSpecial(java.lang.Object, java.lang.Object, int, java.lang.Object, java.lang.Object)'> (0x0000000707434bb0) 
thrown [s\src\hotspot\share\interpreter\linkResolver.cpp, line 773]
Event: 6.645 Thread 0x00000184a9bd5500 Exception <a 'java/lang/NoSuchMethodError'{0x0000000707438320}: 'java.lang.Object java.lang.invoke.DelegatingMethodHandle$Holder.delegate(java.lang.Object, int, java.lang.Object, java.lang.Object)'> (0x0000000707438320) 
thrown [s\src\hotspot\share\interpreter\linkResolver.cpp, line 773]
Event: 6.647 Thread 0x00000184a9bd5500 Exception <a 'java/lang/NoSuchMethodError'{0x00000007074478b8}: 'int java.lang.invoke.Invokers$Holder.linkToTargetMethod(java.lang.Object, java.lang.Object, java.lang.Object)'> (0x00000007074478b8) 
thrown [s\src\hotspot\share\interpreter\linkResolver.cpp, line 773]
Event: 6.822 Thread 0x000001850ac1a8a0 Implicit null exception at 0x00000184b5125c07 to 0x00000184b5125ce8
Event: 6.877 Thread 0x00000184a9bd5500 Exception <a 'java/lang/NoSuchMethodError'{0x0000000714472900}: 'int java.lang.invoke.DirectMethodHandle$Holder.invokeSpecialIFC(java.lang.Object, java.lang.Object, java.lang.Object, java.lang.Object)'> (0x0000000714472900) 
thrown [s\src\hotspot\share\interpreter\linkResolver.cpp, line 773]
Event: 7.443 Thread 0x00000184a9bd5500 Exception <a 'java/io/FileNotFoundException'{0x0000000714545040}> (0x0000000714545040) 
thrown [s\src\hotspot\share\prims\jni.cpp, line 520]
Event: 7.478 Thread 0x00000184a9bd5500 Exception <a 'java/lang/NoSuchMethodError'{0x0000000714255790}: 'void java.lang.invoke.DirectMethodHandle$Holder.invokeStatic(java.lang.Object, long)'> (0x0000000714255790) 
thrown [s\src\hotspot\share\interpreter\linkResolver.cpp, line 773]
Event: 7.479 Thread 0x00000184a9bd5500 Exception <a 'java/lang/NoSuchMethodError'{0x000000071425a558}: 'java.lang.Object java.lang.invoke.DirectMethodHandle$Holder.newInvokeSpecial(java.lang.Object, long)'> (0x000000071425a558) 
thrown [s\src\hotspot\share\interpreter\linkResolver.cpp, line 773]
Event: 7.480 Thread 0x00000184a9bd5500 Exception <a 'java/lang/NoSuchMethodError'{0x0000000714260b00}: 'java.lang.Object java.lang.invoke.DirectMethodHandle$Holder.invokeStatic(java.lang.Object, long, java.lang.Object)'> (0x0000000714260b00) 
thrown [s\src\hotspot\share\interpreter\linkResolver.cpp, line 773]
Event: 7.480 Thread 0x00000184a9bd5500 Exception <a 'java/lang/NoSuchMethodError'{0x00000007142643d8}: 'java.lang.Object java.lang.invoke.DirectMethodHandle$Holder.invokeStaticInit(java.lang.Object, long, java.lang.Object)'> (0x00000007142643d8) 
thrown [s\src\hotspot\share\interpreter\linkResolver.cpp, line 773]
Event: 7.791 Thread 0x00000184a9bd5500 Exception <a 'java/lang/NoSuchMethodError'{0x0000000714394178}: 'java.lang.Object java.lang.invoke.DirectMethodHandle$Holder.invokeSpecial(java.lang.Object, java.lang.Object, java.lang.Object, java.lang.Object, java.lang.Object, int, java.lang.Object)'> (0x0000000714394178) 
thrown [s\src\hotspot\share\interpreter\linkResolver.cpp, line 773]
Event: 7.860 Thread 0x00000184a9bd5500 Exception <a 'java/lang/NoSuchMethodError'{0x000000071343a700}: 'java.lang.Object java.lang.invoke.DirectMethodHandle$Holder.newInvokeSpecial(java.lang.Object, java.lang.Object, int, java.lang.Object)'> (0x000000071343a700) 
thrown [s\src\hotspot\share\interpreter\linkResolver.cpp, line 773]
Event: 7.860 Thread 0x00000184a9bd5500 Exception <a 'java/lang/NoSuchMethodError'{0x000000071343e4d0}: 'java.lang.Object java.lang.invoke.DirectMethodHandle$Holder.invokeSpecial(java.lang.Object, java.lang.Object, java.lang.Object, int, java.lang.Object)'> (0x000000071343e4d0) 
thrown [s\src\hotspot\share\interpreter\linkResolver.cpp, line 773]
Event: 7.860 Thread 0x00000184a9bd5500 Exception <a 'java/lang/NoSuchMethodError'{0x0000000713441c38}: 'java.lang.Object java.lang.invoke.Invokers$Holder.linkToTargetMethod(java.lang.Object, int, java.lang.Object, java.lang.Object)'> (0x0000000713441c38) 
thrown [s\src\hotspot\share\interpreter\linkResolver.cpp, line 773]
Event: 7.895 Thread 0x00000184a9bd5500 Exception <a 'java/lang/NoSuchMethodError'{0x000000071441c3d8}: 'void java.lang.invoke.DirectMethodHandle$Holder.invokeInterface(java.lang.Object, java.lang.Object)'> (0x000000071441c3d8) 
thrown [s\src\hotspot\share\interpreter\linkResolver.cpp, line 773]
Event: 7.906 Thread 0x00000184a9bd5500 Exception <a 'java/lang/NoSuchMethodError'{0x00000007144317e8}: 'long java.lang.invoke.DelegatingMethodHandle$Holder.reinvoke_L(java.lang.Object, java.lang.Object)'> (0x00000007144317e8) 
thrown [s\src\hotspot\share\interpreter\linkResolver.cpp, line 773]
Event: 39.443 Thread 0x00000184c41c82b0 Exception <a 'java/lang/NoSuchMethodError'{0x000000070742bb48}: 'void java.lang.invoke.DirectMethodHandle$Holder.invokeStatic(java.lang.Object, java.lang.Object, java.lang.Object, java.lang.Object, java.lang.Object, java.lang.Object)'> (0x000000070742bb48) 
thrown [s\src\hotspot\share\interpreter\linkResolver.cpp, line 773]
Event: 158.098 Thread 0x00000184c41c8fd0 Implicit null exception at 0x00000184b54c1060 to 0x00000184b54c2ea0
Event: 216.801 Thread 0x00000184c41c6f00 Implicit null exception at 0x00000184b548d53b to 0x00000184b548e2c4

ZGC Phase Switch (0 events):
No events

VM Operations (20 events):
Event: 219.041 Executing VM operation: G1CollectForAllocation (G1 Evacuation Pause)
Event: 219.049 Executing VM operation: G1CollectForAllocation (G1 Evacuation Pause) done
Event: 219.596 Executing VM operation: G1CollectForAllocation (G1 Evacuation Pause)
Event: 219.604 Executing VM operation: G1CollectForAllocation (G1 Evacuation Pause) done
Event: 219.848 Executing VM operation: G1CollectForAllocation (G1 Evacuation Pause)
Event: 219.856 Executing VM operation: G1CollectForAllocation (G1 Evacuation Pause) done
Event: 220.837 Executing VM operation: G1CollectForAllocation (G1 Evacuation Pause)
Event: 220.847 Executing VM operation: G1CollectForAllocation (G1 Evacuation Pause) done
Event: 221.398 Executing VM operation: G1CollectForAllocation (G1 Evacuation Pause)
Event: 221.410 Executing VM operation: G1CollectForAllocation (G1 Evacuation Pause) done
Event: 222.416 Executing VM operation: Cleanup
Event: 222.416 Executing VM operation: Cleanup done
Event: 222.495 Executing VM operation: G1CollectForAllocation (G1 Evacuation Pause)
Event: 222.509 Executing VM operation: G1CollectForAllocation (G1 Evacuation Pause) done
Event: 222.890 Executing VM operation: G1TryInitiateConcMark (G1 Humongous Allocation)
Event: 222.905 Executing VM operation: G1TryInitiateConcMark (G1 Humongous Allocation) done
Event: 222.984 Executing VM operation: G1PauseRemark
Event: 223.002 Executing VM operation: G1PauseRemark done
Event: 223.043 Executing VM operation: G1PauseCleanup
Event: 223.044 Executing VM operation: G1PauseCleanup done

Memory protections (0 events):
No events

Nmethod flushes (20 events):
Event: 40.345 Thread 0x00000184c3d60370 flushing  nmethod 0x00000184ad97a490
Event: 40.345 Thread 0x00000184c3d60370 flushing  nmethod 0x00000184ad9d3310
Event: 40.345 Thread 0x00000184c3d60370 flushing  nmethod 0x00000184ad9d4910
Event: 40.345 Thread 0x00000184c3d60370 flushing  nmethod 0x00000184ad9d8390
Event: 40.345 Thread 0x00000184c3d60370 flushing  nmethod 0x00000184adac4a10
Event: 40.345 Thread 0x00000184c3d60370 flushing  nmethod 0x00000184adb27110
Event: 40.345 Thread 0x00000184c3d60370 flushing  nmethod 0x00000184adb27710
Event: 40.345 Thread 0x00000184c3d60370 flushing  nmethod 0x00000184adb28610
Event: 40.345 Thread 0x00000184c3d60370 flushing  nmethod 0x00000184adc75510
Event: 223.001 Thread 0x00000184c3d60370 flushing  nmethod 0x00000184ad9d6990
Event: 223.001 Thread 0x00000184c3d60370 flushing  nmethod 0x00000184adbc9590
Event: 223.001 Thread 0x00000184c3d60370 flushing  nmethod 0x00000184add5f510
Event: 223.001 Thread 0x00000184c3d60370 flushing  nmethod 0x00000184ad7be910
Event: 223.001 Thread 0x00000184c3d60370 flushing  nmethod 0x00000184adbd4d10
Event: 223.001 Thread 0x00000184c3d60370 flushing  nmethod 0x00000184ad75ec90
Event: 223.001 Thread 0x00000184c3d60370 flushing  nmethod 0x00000184addcb210
Event: 223.001 Thread 0x00000184c3d60370 flushing  nmethod 0x00000184ad61cf10
Event: 223.001 Thread 0x00000184c3d60370 flushing  nmethod 0x00000184add1d390
Event: 223.001 Thread 0x00000184c3d60370 flushing  nmethod 0x00000184add30610
Event: 223.001 Thread 0x00000184c3d60370 flushing  nmethod 0x00000184ad9be990

Events (20 events):
Event: 39.673 Thread 0x00000184c41c6220 Thread added: 0x000001850c8c7950
Event: 39.679 Thread 0x00000184c41c5780 Thread added: 0x000001850b328e50
Event: 42.374 Thread 0x000001850c8c7950 Thread exited: 0x000001850c8c7950
Event: 42.374 Thread 0x000001850b328e50 Thread exited: 0x000001850b328e50
Event: 42.986 Thread 0x00000184c41c6220 Thread added: 0x000001850c8c7950
Event: 42.986 Thread 0x00000184c41c6220 Thread added: 0x000001850af6cc90
Event: 43.322 Thread 0x000001850af6cc90 Thread exited: 0x000001850af6cc90
Event: 43.349 Thread 0x000001850c8c7950 Thread exited: 0x000001850c8c7950
Event: 45.664 Thread 0x00000184c41c5780 Thread added: 0x000001850c8c7950
Event: 45.885 Thread 0x000001850c8c7950 Thread exited: 0x000001850c8c7950
Event: 45.957 Thread 0x00000184c41c5780 Thread added: 0x000001850c8c7950
Event: 46.106 Thread 0x000001850c8c7950 Thread exited: 0x000001850c8c7950
Event: 46.906 Thread 0x00000184c41c6220 Thread added: 0x000001850c8c7950
Event: 47.217 Thread 0x000001850c8c7950 Thread exited: 0x000001850c8c7950
Event: 99.598 Thread 0x000001850c8bddf0 Thread exited: 0x000001850c8bddf0
Event: 159.607 Thread 0x000001850c8bd0d0 Thread exited: 0x000001850c8bd0d0
Event: 216.962 Thread 0x00000184c41c5780 Thread added: 0x000001850c8c7950
Event: 216.962 Thread 0x00000184c41c5780 Thread added: 0x000001850e9fc920
Event: 218.025 Thread 0x000001850e9fc920 Thread exited: 0x000001850e9fc920
Event: 218.368 Thread 0x000001850c8c7950 Thread exited: 0x000001850c8c7950


Dynamic libraries:
0x00007ff691260000 - 0x00007ff69126e000 	C:\Users\UsuarioPc\Documents\rosetta-2.13.1-win32.win32.x86_64\Rosetta\plugins\org.eclipse.justj.openjdk.hotspot.jre.full.win32.x86_64_21.0.8.v20250724-1412\jre\bin\java.exe
0x00007ffbd8120000 - 0x00007ffbd8386000 	C:\WINDOWS\SYSTEM32\ntdll.dll
0x00007ffbd6b10000 - 0x00007ffbd6bd9000 	C:\WINDOWS\System32\KERNEL32.DLL
0x00007ffbd59e0000 - 0x00007ffbd5dda000 	C:\WINDOWS\System32\KERNELBASE.dll
0x00007ffbd57d0000 - 0x00007ffbd591c000 	C:\WINDOWS\System32\ucrtbase.dll
0x00007ffbb55e0000 - 0x00007ffbb55fe000 	C:\Users\UsuarioPc\Documents\rosetta-2.13.1-win32.win32.x86_64\Rosetta\plugins\org.eclipse.justj.openjdk.hotspot.jre.full.win32.x86_64_21.0.8.v20250724-1412\jre\bin\VCRUNTIME140.dll
0x00007ffbb6740000 - 0x00007ffbb6758000 	C:\Users\UsuarioPc\Documents\rosetta-2.13.1-win32.win32.x86_64\Rosetta\plugins\org.eclipse.justj.openjdk.hotspot.jre.full.win32.x86_64_21.0.8.v20250724-1412\jre\bin\jli.dll
0x00007ffbd7bb0000 - 0x00007ffbd7d77000 	C:\WINDOWS\System32\USER32.dll
0x00007ffbd56f0000 - 0x00007ffbd5717000 	C:\WINDOWS\System32\win32u.dll
0x00007ffbbd970000 - 0x00007ffbbdc02000 	C:\WINDOWS\WinSxS\amd64_microsoft.windows.common-controls_6595b64144ccf1df_6.0.26100.8521_none_3e08b75ce33403b3\COMCTL32.dll
0x00007ffbd6a20000 - 0x00007ffbd6a4b000 	C:\WINDOWS\System32\GDI32.dll
0x00007ffbd6a50000 - 0x00007ffbd6af9000 	C:\WINDOWS\System32\msvcrt.dll
0x00007ffbd5440000 - 0x00007ffbd556b000 	C:\WINDOWS\System32\gdi32full.dll
0x00007ffbd5de0000 - 0x00007ffbd5e83000 	C:\WINDOWS\System32\msvcp_win.dll
0x00007ffbd6220000 - 0x00007ffbd6252000 	C:\WINDOWS\System32\IMM32.DLL
0x00007ffbb56c0000 - 0x00007ffbb56cc000 	C:\Users\UsuarioPc\Documents\rosetta-2.13.1-win32.win32.x86_64\Rosetta\plugins\org.eclipse.justj.openjdk.hotspot.jre.full.win32.x86_64_21.0.8.v20250724-1412\jre\bin\vcruntime140_1.dll
0x00007ffbb4aa0000 - 0x00007ffbb4b2d000 	C:\Users\UsuarioPc\Documents\rosetta-2.13.1-win32.win32.x86_64\Rosetta\plugins\org.eclipse.justj.openjdk.hotspot.jre.full.win32.x86_64_21.0.8.v20250724-1412\jre\bin\msvcp140.dll
0x00007ffb60330000 - 0x00007ffb610c7000 	C:\Users\UsuarioPc\Documents\rosetta-2.13.1-win32.win32.x86_64\Rosetta\plugins\org.eclipse.justj.openjdk.hotspot.jre.full.win32.x86_64_21.0.8.v20250724-1412\jre\bin\server\jvm.dll
0x00007ffbd7d90000 - 0x00007ffbd7e46000 	C:\WINDOWS\System32\ADVAPI32.dll
0x00007ffbd7e70000 - 0x00007ffbd7f1a000 	C:\WINDOWS\System32\sechost.dll
0x00007ffbd78b0000 - 0x00007ffbd79c8000 	C:\WINDOWS\System32\RPCRT4.dll
0x00007ffbd77a0000 - 0x00007ffbd7820000 	C:\WINDOWS\System32\WS2_32.dll
0x00007ffbd5230000 - 0x00007ffbd528e000 	C:\WINDOWS\SYSTEM32\POWRPROF.dll
0x00007ffbc8a60000 - 0x00007ffbc8a96000 	C:\WINDOWS\SYSTEM32\WINMM.dll
0x00007ffbccae0000 - 0x00007ffbccaeb000 	C:\WINDOWS\SYSTEM32\VERSION.dll
0x00007ffbd5210000 - 0x00007ffbd5224000 	C:\WINDOWS\SYSTEM32\UMPDC.dll
0x00007ffbd4100000 - 0x00007ffbd411b000 	C:\WINDOWS\SYSTEM32\kernel.appcore.dll
0x00007ffbcf890000 - 0x00007ffbcf89a000 	C:\Users\UsuarioPc\Documents\rosetta-2.13.1-win32.win32.x86_64\Rosetta\plugins\org.eclipse.justj.openjdk.hotspot.jre.full.win32.x86_64_21.0.8.v20250724-1412\jre\bin\jimage.dll
0x00007ffbd2a70000 - 0x00007ffbd2cb2000 	C:\WINDOWS\SYSTEM32\DBGHELP.DLL
0x00007ffbd5e90000 - 0x00007ffbd6213000 	C:\WINDOWS\System32\combase.dll
0x00007ffbd6940000 - 0x00007ffbd6a19000 	C:\WINDOWS\System32\OLEAUT32.dll
0x00007ffbab1a0000 - 0x00007ffbab1db000 	C:\WINDOWS\SYSTEM32\dbgcore.DLL
0x00007ffbd5720000 - 0x00007ffbd57c8000 	C:\WINDOWS\System32\bcryptPrimitives.dll
0x00007ffbc1c80000 - 0x00007ffbc1c9f000 	C:\Users\UsuarioPc\Documents\rosetta-2.13.1-win32.win32.x86_64\Rosetta\plugins\org.eclipse.justj.openjdk.hotspot.jre.full.win32.x86_64_21.0.8.v20250724-1412\jre\bin\java.dll
0x00007ffbd6f80000 - 0x00007ffbd7704000 	C:\WINDOWS\System32\SHELL32.dll
0x00007ffbd2f50000 - 0x00007ffbd37d0000 	C:\WINDOWS\SYSTEM32\windows.storage.dll
0x00007ffbd6e80000 - 0x00007ffbd6f76000 	C:\WINDOWS\System32\SHCORE.dll
0x00007ffbd63f0000 - 0x00007ffbd6457000 	C:\WINDOWS\System32\shlwapi.dll
0x00007ffbd52d0000 - 0x00007ffbd52f9000 	C:\WINDOWS\SYSTEM32\profapi.dll
0x00007ffbcf4c0000 - 0x00007ffbcf4d0000 	C:\Users\UsuarioPc\Documents\rosetta-2.13.1-win32.win32.x86_64\Rosetta\plugins\org.eclipse.justj.openjdk.hotspot.jre.full.win32.x86_64_21.0.8.v20250724-1412\jre\bin\net.dll
0x00007ffbcbb60000 - 0x00007ffbcbc89000 	C:\WINDOWS\SYSTEM32\WINHTTP.dll
0x00007ffbd4650000 - 0x00007ffbd46bc000 	C:\WINDOWS\system32\mswsock.dll
0x00007ffbc1c40000 - 0x00007ffbc1c56000 	C:\Users\UsuarioPc\Documents\rosetta-2.13.1-win32.win32.x86_64\Rosetta\plugins\org.eclipse.justj.openjdk.hotspot.jre.full.win32.x86_64_21.0.8.v20250724-1412\jre\bin\nio.dll
0x00007ffbc19a0000 - 0x00007ffbc19b8000 	C:\Users\UsuarioPc\Documents\rosetta-2.13.1-win32.win32.x86_64\Rosetta\plugins\org.eclipse.justj.openjdk.hotspot.jre.full.win32.x86_64_21.0.8.v20250724-1412\jre\bin\zip.dll
0x00007ffbbd960000 - 0x00007ffbbd96a000 	C:\Users\UsuarioPc\Documents\rosetta-2.13.1-win32.win32.x86_64\Rosetta\plugins\org.eclipse.justj.openjdk.hotspot.jre.full.win32.x86_64_21.0.8.v20250724-1412\jre\bin\management.dll
0x00007ffbb90a0000 - 0x00007ffbb90ab000 	C:\Users\UsuarioPc\Documents\rosetta-2.13.1-win32.win32.x86_64\Rosetta\plugins\org.eclipse.justj.openjdk.hotspot.jre.full.win32.x86_64_21.0.8.v20250724-1412\jre\bin\management_ext.dll
0x00007ffbd7710000 - 0x00007ffbd7718000 	C:\WINDOWS\System32\PSAPI.DLL
0x00007ffbc0d60000 - 0x00007ffbc0d78000 	C:\WINDOWS\system32\napinsp.dll
0x00007ffbd3b70000 - 0x00007ffbd3cba000 	C:\WINDOWS\SYSTEM32\DNSAPI.dll
0x00007ffbd4470000 - 0x00007ffbd447d000 	C:\WINDOWS\SYSTEM32\DSPARSE.dll
0x00007ffbd3ae0000 - 0x00007ffbd3b13000 	C:\WINDOWS\SYSTEM32\IPHLPAPI.DLL
0x00007ffbd6b00000 - 0x00007ffbd6b0a000 	C:\WINDOWS\System32\NSI.dll
0x00007ffbb6760000 - 0x00007ffbb6773000 	C:\WINDOWS\System32\winrnr.dll
0x00007ffba2e00000 - 0x00007ffba2e22000 	C:\WINDOWS\system32\nlansp_c.dll
0x00007ffb9cc40000 - 0x00007ffb9cc56000 	C:\WINDOWS\system32\wshbth.dll
0x00007ffbbf370000 - 0x00007ffbbf37b000 	C:\Windows\System32\rasadhlp.dll
0x00007ffbc8910000 - 0x00007ffbc8996000 	C:\WINDOWS\System32\fwpuclnt.dll
0x00007ffbc12a0000 - 0x00007ffbc12b0000 	C:\Users\UsuarioPc\Documents\rosetta-2.13.1-win32.win32.x86_64\Rosetta\plugins\org.eclipse.justj.openjdk.hotspot.jre.full.win32.x86_64_21.0.8.v20250724-1412\jre\bin\verify.dll
0x00007ffbbe670000 - 0x00007ffbbe679000 	C:\Users\UsuarioPc\Documents\rosetta-2.13.1-win32.win32.x86_64\Rosetta\plugins\org.eclipse.justj.openjdk.hotspot.jre.full.win32.x86_64_21.0.8.v20250724-1412\jre\bin\extnet.dll
0x00007ffbd4a50000 - 0x00007ffbd4a6b000 	C:\WINDOWS\SYSTEM32\CRYPTSP.dll
0x00007ffbd4060000 - 0x00007ffbd4099000 	C:\WINDOWS\system32\rsaenh.dll
0x00007ffbd4700000 - 0x00007ffbd4733000 	C:\WINDOWS\SYSTEM32\USERENV.dll
0x00007ffbd52a0000 - 0x00007ffbd52ca000 	C:\WINDOWS\SYSTEM32\bcrypt.dll
0x00007ffbd48b0000 - 0x00007ffbd48bc000 	C:\WINDOWS\SYSTEM32\CRYPTBASE.dll
0x00007ffbc1990000 - 0x00007ffbc199e000 	C:\Users\UsuarioPc\Documents\rosetta-2.13.1-win32.win32.x86_64\Rosetta\plugins\org.eclipse.justj.openjdk.hotspot.jre.full.win32.x86_64_21.0.8.v20250724-1412\jre\bin\sunmscapi.dll
0x00007ffbd5570000 - 0x00007ffbd56e8000 	C:\WINDOWS\System32\CRYPT32.dll
0x00007ffbd4bb0000 - 0x00007ffbd4be0000 	C:\WINDOWS\SYSTEM32\ncrypt.dll
0x00007ffbd4b60000 - 0x00007ffbd4b9f000 	C:\WINDOWS\SYSTEM32\NTASN1.dll
0x00007ffbc0840000 - 0x00007ffbc0848000 	C:\WINDOWS\system32\wshunix.dll

JVMTI agents: none

dbghelp: loaded successfully - version: 4.0.5 - missing functions: none
symbol engine: initialized successfully - sym options: 0x614 - pdb path: .;C:\Users\UsuarioPc\Documents\rosetta-2.13.1-win32.win32.x86_64\Rosetta\plugins\org.eclipse.justj.openjdk.hotspot.jre.full.win32.x86_64_21.0.8.v20250724-1412\jre\bin;C:\WINDOWS\SYSTEM32;C:\WINDOWS\WinSxS\amd64_microsoft.windows.common-controls_6595b64144ccf1df_6.0.26100.8521_none_3e08b75ce33403b3;C:\Users\UsuarioPc\Documents\rosetta-2.13.1-win32.win32.x86_64\Rosetta\plugins\org.eclipse.justj.openjdk.hotspot.jre.full.win32.x86_64_21.0.8.v20250724-1412\jre\bin\server

VM Arguments:
java_command: org.apache.jena.fuseki.cmd.FusekiCmd --config=../.fuseki.ttl --port 3030 --localhost
java_class_path (initial): C:\Users\UsuarioPc\.m2\repository\org\apache\jena\jena-fuseki-server\4.6.1\jena-fuseki-server-4.6.1.jar;C:\Users\UsuarioPc\.m2\repository\org\apache\jena\jena-fuseki-webapp\4.6.1\jena-fuseki-webapp-4.6.1.jar;C:\Users\UsuarioPc\.m2\repository\org\apache\jena\jena-fuseki-core\4.6.1\jena-fuseki-core-4.6.1.jar;C:\Users\UsuarioPc\.m2\repository\org\apache\jena\jena-shacl\4.6.1\jena-shacl-4.6.1.jar;C:\Users\UsuarioPc\.m2\repository\org\apache\jena\jena-shex\4.6.1\jena-shex-4.6.1.jar;C:\Users\UsuarioPc\.m2\repository\org\apache\jena\jena-tdb\4.6.1\jena-tdb-4.6.1.jar;C:\Users\UsuarioPc\.m2\repository\org\apache\jena\jena-tdb2\4.6.1\jena-tdb2-4.6.1.jar;C:\Users\UsuarioPc\.m2\repository\org\apache\jena\jena-dboe-storage\4.6.1\jena-dboe-storage-4.6.1.jar;C:\Users\UsuarioPc\.m2\repository\org\apache\jena\jena-dboe-trans-data\4.6.1\jena-dboe-trans-data-4.6.1.jar;C:\Users\UsuarioPc\.m2\repository\org\apache\jena\jena-dboe-transaction\4.6.1\jena-dboe-transaction-4.6.1.jar;C:\Users\UsuarioPc\.m2\repository\org\apache\jena\jena-dboe-base\4.6.1\jena-dboe-base-4.6.1.jar;C:\Users\UsuarioPc\.m2\repository\org\apache\jena\jena-dboe-index\4.6.1\jena-dboe-index-4.6.1.jar;C:\Users\UsuarioPc\.m2\repository\org\apache\jena\jena-rdfconnection\4.6.1\jena-rdfconnection-4.6.1.jar;C:\Users\UsuarioPc\.m2\repository\commons-fileupload\commons-fileupload\1.4\commons-fileupload-1.4.jar;C:\Users\UsuarioPc\.m2\repository\commons-io\commons-io\2.11.0\commons-io-2.11.0.jar;C:\Users\UsuarioPc\.m2\repository\org\eclipse\jetty\jetty-servlet\10.0.11\jetty-servlet-10.0.11.jar;C:\Users\UsuarioPc\.m2\repository\org\eclipse\jetty\jetty-security\10.0.11\jetty-security-10.0.11.jar;C:\Users\UsuarioPc\.m2\repository\org\eclipse\jetty\jetty-server\10.0.11\jetty-server-10.0.11.jar;C:\Users\UsuarioPc\.m2\repository\org\eclipse\jetty\toolchain\jetty-servlet-api\4.0.6\jetty-servlet-api-4.0.6.jar;C:\Users\UsuarioPc\.m2\repository\org\eclipse\jetty\jetty-servlets\10.0.11\jetty-servlets-10.0.11.jar;C:\Users\UsuarioPc\.m2\repository\org\eclipse\jetty\jetty-http\10.0.11\jetty-http-10.0.11.jar;C:\Users\UsuarioPc\.m2\repository\org\eclipse\jetty\jetty-util\10.0.11\jetty-util-10.0.11.jar;C:\Users\UsuarioPc\.m2\repository\org\eclipse\jetty\jetty-io\10.0.11\jetty-io-10.0.11.jar;C:\Users\UsuarioPc\.m2\repository\org\slf4j\slf4j-api\1.7.36\slf4j-api-1.7.36.jar;C:\Users\UsuarioPc\.m2\repository\io\micrometer\micrometer-core\1.9.2\micrometer-core-1.9.2.jar;C:\Users\UsuarioPc\.m2\repository\org\hdrhistogram\HdrHistogram\2.1.12\HdrHistogram-2.1.12.jar;C:\Users\UsuarioPc\.m2\repository\org\latencyutils\LatencyUtils\2.0.3\LatencyUtils-2.0.3.jar;C:\Users\UsuarioPc\.m2\repository\io\micrometer\micrometer-registry-prometheus\1.9.2\micrometer-registry-prometheus-1.9.2.jar;C:\Users\UsuarioPc\.m2\repository\io\prometheus\simpleclient_common\0.15.0\simpleclient_common-0.15.0.jar;C:\Users\UsuarioPc\.m2\repository\io\prometheus\simpleclient\0.15.0\simpleclient-0.15.0.jar;C:\Users\UsuarioPc\.m2\repository\io\prometheus\simpleclient_tracer_otel\0.15.0\simpleclient_tracer_otel-0.15.0.jar;C:\Users\UsuarioPc\.m2\repository\io\prometheus\simpleclient_tracer_common\0.15.0\simpleclient_tracer_common-0.15.0.jar;C:\Users\UsuarioPc\.m2\repository\io\prometheus\simpleclient_tracer_otel_agent\0.15.0\simpleclient_tracer_otel_agent-0.15.0.jar;C:\Users\UsuarioPc\.m2\repository\org\apache\jena\jena-cmds\4.6.1\jena-cmds-4.6.1.jar;C:\Users\UsuarioPc\.m2\repository\org\apache\jena\jena-text\4.6.1\jena-text-4.6.1.jar;C:\Users\UsuarioPc\.m2\repository\org\apache\jena\jena-arq\4.6.1\jena-arq-4.6.1.jar;C:\Users\UsuarioPc\.m2\repository\org\apache\jena\jena-core\4.6.1\jena-core-4.6.1.jar;C:\Users\UsuarioPc\.m2\repository\org\apache\jena\jena-base\4.6.1\jena-base-4.6.1.jar;C:\Users\UsuarioPc\.m2\repository\org\apache\jena\jena-shaded-guava\4.6.1\jena-shaded-guava-4.6.1.jar;C:\Users\UsuarioPc\.m2\repository\org\apache\commons\commons-csv\1.9.0\commons-csv-1.9.0.jar;C:\Users\UsuarioPc\.m2\repository\commons-codec\commons-codec\1.15\commons-codec-1.15.jar;C:\Users\UsuarioPc\.m2\repository\org\apache\commons\commons-compress\1.21\commons-compress-1.21.jar;C:\Users\UsuarioPc\.m2\repository\com\github\andrewoma\dexx\collection\0.7\collection-0.7.jar;C:\Users\UsuarioPc\.m2\repository\org\apache\jena\jena-iri\4.6.1\jena-iri-4.6.1.jar;C:\Users\UsuarioPc\.m2\repository\commons-cli\commons-cli\1.5.0\commons-cli-1.5.0.jar;C:\Users\UsuarioPc\.m2\repository\com\github\jsonld-java\jsonld-java\0.13.4\jsonld-java-0.13.4.jar;C:\Users\UsuarioPc\.m2\repository\com\google\code\gson\gson\2.9.1\gson-2.9.1.jar;C:\Users\UsuarioPc\.m2\repository\org\apache\httpcomponents\httpclient-cache\4.5.13\httpclient-cache-4.5.13.jar;C:\Users\UsuarioPc\.m2\repository\org\apache\httpcomponents\httpclient\4.5.13\httpclient-4.5.13.jar;C:\Users\UsuarioPc\.m2\repository\org\apache\httpcomponents\httpcore\4.4.15\httpcore-4.4.15.jar;C:\Users\UsuarioPc\.m2\repository\org\slf4j\jcl-over-slf4j\1.7.36\jcl-over-slf4j-1.7.36.jar;C:\Users\UsuarioPc\.m2\repository\com\fasterxml\jackson\core\jackson-core\2.13.3\jackson-core-2.13.3.jar;C:\Users\UsuarioPc\.m2\repository\com\fasterxml\jackson\core\jackson-databind\2.13.3\jackson-databind-2.13.3.jar;C:\Users\UsuarioPc\.m2\repository\com\fasterxml\jackson\core\jackson-annotations\2.13.3\jackson-annotations-2.13.3.jar;C:\Users\UsuarioPc\.m2\repository\com\apicatalog\titanium-json-ld\1.3.1\titanium-json-ld-1.3.1.jar;C:\Users\UsuarioPc\.m2\repository\org\glassfish\jakarta.json\2.0.1\jakarta.json-2.0.1.jar;C:\Users\UsuarioPc\.m2\repository\com\google\protobuf\protobuf-java\3.21.4\protobuf-java-3.21.4.jar;C:\Users\UsuarioPc\.m2\repository\org\apache\thrift\libthrift\0.16.0\libthrift-0.16.0.jar;C:\Users\UsuarioPc\.m2\repository\javax\annotation\javax.annotation-api\1.3.2\javax.annotation-api-1.3.2.jar;C:\Users\UsuarioPc\.m2\repository\org\apache\commons\commons-lang3\3.12.0\commons-lang3-3.12.0.jar;C:\Users\UsuarioPc\.m2\repository\org\apache\lucene\lucene-core\8.11.1\lucene-core-8.11.1.jar;C:\Users\UsuarioPc\.m2\repository\org\apache\lucene\lucene-analyzers-common\8.11.1\lucene-analyzers-common-8.11.1.jar;C:\Users\UsuarioPc\.m2\repository\org\apache\lucene\lucene-queryparser\8.11.1\lucene-queryparser-8.11.1.jar;C:\Users\UsuarioPc\.m2\repository\org\apache\lucene\lucene-queries\8.11.1\lucene-queries-8.11.1.jar;C:\Users\UsuarioPc\.m2\repository\org\apache\lucene\lucene-sandbox\8.11.1\lucene-sandbox-8.11.1.jar;C:\Users\UsuarioPc\.m2\repository\org\apache\lucene\lucene-highlighter\8.11.1\lucene-highlighter-8.11.1.jar;C:\Users\UsuarioPc\.m2\repository\org\apache\lucene\lucene-memory\8.11.1\lucene-memory-8.11.1.jar;C:\Users\UsuarioPc\.m2\repository\org\apache\lucene\lucene-backward-codecs\8.11.1\lucene-backward-codecs-8.11.1.jar;C:\Users\UsuarioPc\.m2\repository\org\eclipse\jetty\jetty-webapp\10.0.11\jetty-webapp-10.0.11.jar;C:\Users\UsuarioPc\.m2\repository\org\eclipse\jetty\jetty-xml\10.0.11\jetty-xml-10.0.11.jar;C:\Users\UsuarioPc\.m2\repository\org\apache\shiro\shiro-core\1.9.1\shiro-core-1.9.1.jar;C:\Users\UsuarioPc\.m2\repository\org\apache\shiro\shiro-lang\1.9.1\shiro-lang-1.9.1.jar;C:\Users\UsuarioPc\.m2\repository\org\apache\shiro\shiro-cache\1.9.1\shiro-cache-1.9.1.jar;C:\Users\UsuarioPc\.m2\repository\org\apache\shiro\shiro-crypto-hash\1.9.1\shiro-crypto-hash-1.9.1.jar;C:\Users\UsuarioPc\.m2\repository\org\apache\shiro\shiro-crypto-core\1.9.1\shiro-crypto-core-1.9.1.jar;C:\Users\UsuarioPc\.m2\repository\org\apache\shiro\shiro-crypto-cipher\1.9.1\shiro-crypto-cipher-1.9.1.jar;C:\Users\UsuarioPc\.m2\repository\org\apache\shiro\shiro-config-core\1.9.1\shiro-config-core-1.9.1.jar;C:\Users\UsuarioPc\.m2\repository\org\apache\shiro\shiro-config-ogdl\1.9.1\shiro-config-ogdl-1.9.1.jar;C:\Users\UsuarioPc\.m2\repository\commons-beanutils\commons-beanutils\1.9.4\commons-beanutils-1.9.4.jar;C:\Users\UsuarioPc\.m2\repository\commons-collections\commons-collections\3.2.2\commons-collections-3.2.2.jar;C:\Users\UsuarioPc\.m2\repository\org\apache\shiro\shiro-event\1.9.1\shiro-event-1.9.1.jar;C:\Users\UsuarioPc\.m2\repository\org\apache\shiro\shiro-web\1.9.1\shiro-web-1.9.1.jar;C:\Users\UsuarioPc\.m2\repository\org\owasp\encoder\encoder\1.2.2\encoder-1.2.2.jar;C:\Users\UsuarioPc\.m2\repository\org\apache\logging\log4j\log4j-slf4j-impl\2.18.0\log4j-slf4j-impl-2.18.0.jar;C:\Users\UsuarioPc\.m2\repository\org\apache\logging\log4j\log4j-api\2.18.0\log4j-api-2.18.0.jar;C:\Users\UsuarioPc\.m2\repository\org\apache\logging\log4j\log4j-core\2.18.0\log4j-core-2.18.0.jar;C:\Users\UsuarioPc\.m2\repository\org\apache\logging\log4j\log4j-web\2.18.0\log4j-web-2.18.0.jar
Launcher Type: SUN_STANDARD

[Global flags]
     intx CICompilerCount                          = 4                                         {product} {ergonomic}
     uint ConcGCThreads                            = 2                                         {product} {ergonomic}
     uint G1ConcRefinementThreads                  = 8                                         {product} {ergonomic}
   size_t G1HeapRegionSize                         = 2097152                                   {product} {ergonomic}
    uintx GCDrainStackTargetSize                   = 64                                        {product} {ergonomic}
   size_t InitialHeapSize                          = 264241152                                 {product} {ergonomic}
   size_t MarkStackSize                            = 4194304                                   {product} {ergonomic}
   size_t MaxHeapSize                              = 4217372672                                {product} {ergonomic}
   size_t MaxNewSize                               = 2529165312                                {product} {ergonomic}
   size_t MinHeapDeltaBytes                        = 2097152                                   {product} {ergonomic}
   size_t MinHeapSize                              = 8388608                                   {product} {ergonomic}
    uintx NonNMethodCodeHeapSize                   = 5839372                                {pd product} {ergonomic}
    uintx NonProfiledCodeHeapSize                  = 122909434                              {pd product} {ergonomic}
    uintx ProfiledCodeHeapSize                     = 122909434                              {pd product} {ergonomic}
    uintx ReservedCodeCacheSize                    = 251658240                              {pd product} {ergonomic}
     bool SegmentedCodeCache                       = true                                      {product} {ergonomic}
   size_t SoftMaxHeapSize                          = 4217372672                             {manageable} {ergonomic}
     bool UseCompressedOops                        = true                           {product lp64_product} {ergonomic}
     bool UseG1GC                                  = true                                      {product} {ergonomic}
     bool UseLargePagesIndividualAllocation        = false                                  {pd product} {ergonomic}

Logging:
Log output configuration:
 #0: stdout all=warning uptime,level,tags foldmultilines=false
 #1: stderr all=off uptime,level,tags foldmultilines=false

Environment Variables:
PATH=C:/Users/UsuarioPc/Documents/rosetta-2.13.1-win32.win32.x86_64/Rosetta//plugins/org.eclipse.justj.openjdk.hotspot.jre.full.win32.x86_64_21.0.8.v20250724-1412/jre/bin/server;C:/Users/UsuarioPc/Documents/rosetta-2.13.1-win32.win32.x86_64/Rosetta//plugins/org.eclipse.justj.openjdk.hotspot.jre.full.win32.x86_64_21.0.8.v20250724-1412/jre/bin;C:\WINDOWS\system32;C:\WINDOWS;C:\WINDOWS\System32\Wbem;C:\WINDOWS\System32\WindowsPowerShell\v1.0\;C:\WINDOWS\System32\OpenSSH\;C:\Program Files (x86)\NVIDIA Corporation\PhysX\Common;C:\Program Files\Docker\Docker\resources\bin;C:\Program Files\Git\cmd;C:\Users\UsuarioPc\AppData\Local\Microsoft\WindowsApps;C:\Users\UsuarioPc\AppData\Local\Python\bin;C:\Users\UsuarioPc\AppData\Local\Programs\Microsoft VS Code\bin;C:\Users\UsuarioPc\Documents\rosetta-2.13.1-win32.win32.x86_64\Rosetta;
USERNAME=Edivaldo
OS=Windows_NT
PROCESSOR_IDENTIFIER=Intel64 Family 6 Model 140 Stepping 1, GenuineIntel
TMP=C:\Users\USUARI~1\AppData\Local\Temp
TEMP=C:\Users\USUARI~1\AppData\Local\Temp




Periodic native trim disabled

---------------  S Y S T E M  ---------------

OS:
 Windows 11 , 64 bit Build 26100 (10.0.26100.8521)
OS uptime: 0 days 3:16 hours
Hyper-V role detected

CPU: total 8 (initial active 8) (4 cores per cpu, 2 threads per core) family 6 model 140 stepping 1 microcode 0xbe, cx8, cmov, fxsr, ht, mmx, 3dnowpref, sse, sse2, sse3, ssse3, sse4.1, sse4.2, popcnt, lzcnt, tsc, tscinvbit, avx, avx2, aes, erms, clmul, bmi1, bmi2, adx, avx512f, avx512dq, avx512cd, avx512bw, avx512vl, sha, fma, vzeroupper, avx512_vpopcntdq, avx512_vpclmulqdq, avx512_vaes, avx512_vnni, clflush, clflushopt, clwb, avx512_vbmi2, avx512_vbmi, hv, rdtscp, rdpid, fsrm, gfni, avx512_bitalg, f16c, cet_ibt, cet_ss, avx512_ifma
Processor Information for the first 8 processors :
  Max Mhz: 2611, Current Mhz: 1104, Mhz Limit: 1096

Memory: 4k page, system-wide physical 16087M (436M free)
TotalPageFile size 19852M (AvailPageFile size 6M)
current process WorkingSet (physical memory assigned to process): 3241M, peak: 3241M
current process commit charge ("private bytes"): 3309M, peak: 3311M

vm_info: OpenJDK 64-Bit Server VM (21.0.8+9-LTS) for windows-amd64 JRE (21.0.8+9-LTS), built on 2025-07-15T00:00:00Z by "admin" with MS VC++ 17.7 (VS2022)

END.
