#
# There is insufficient memory for the Java Runtime Environment to continue.
# Native memory allocation (mmap) failed to map 522190848 bytes. Error detail: G1 virtual space
# Possible reasons:
#   The system is out of physical RAM or swap space
#   This process is running with CompressedOops enabled, and the Java Heap may be blocking the growth of the native heap
# Possible solutions:
#   Reduce memory load on the system
#   Increase physical memory or swap space
#   Check if swap backing store is full
#   Decrease Java heap size (-Xmx/-Xms)
#   Decrease number of Java threads
#   Decrease Java thread stack sizes (-Xss)
#   Set larger code cache with -XX:ReservedCodeCacheSize=
#   JVM is running with Zero Based Compressed Oops mode in which the Java heap is
#     placed in the first 32GB address space. The Java Heap base address is the
#     maximum limit for the native heap growth. Please use -XX:HeapBaseMinAddress
#     to set the Java Heap base and to place the Java Heap above 32GB virtual address.
# This output file may be truncated or incomplete.
#
#  Out of Memory Error (os_windows.cpp:3713), pid=17524, tid=3876
#
# JRE version: OpenJDK Runtime Environment Temurin-21.0.8+9 (21.0.8+9) (build 21.0.8+9-LTS)
# Java VM: OpenJDK 64-Bit Server VM Temurin-21.0.8+9 (21.0.8+9-LTS, mixed mode, sharing, tiered, compressed oops, compressed class ptrs, g1 gc, windows-amd64)
# No core dump will be written. Minidumps are not enabled by default on client versions of Windows
#

---------------  S U M M A R Y ------------

Command Line: org.apache.jena.fuseki.cmd.FusekiCmd --config=../.fuseki.ttl --port 3030 --localhost

Host: 11th Gen Intel(R) Core(TM) i5-1145G7 @ 2.60GHz, 8 cores, 15G,  Windows 11 , 64 bit Build 26100 (10.0.26100.8521)
Time: Wed Jun 10 17:14:30 2026 Hora Padrão de Buenos Aires elapsed time: 52.956211 seconds (0d 0h 0m 52s)

---------------  T H R E A D  ---------------

Current thread (0x00000167c14287a0):  VMThread "VM Thread"          [id=3876, stack(0x000000253a700000,0x000000253a800000) (1024K)]

Stack: [0x000000253a700000,0x000000253a800000]
Native frames: (J=compiled Java code, j=interpreted, Vv=VM code, C=native code)
V  [jvm.dll+0x6d2449]
V  [jvm.dll+0x8ae341]
V  [jvm.dll+0x8b08be]
V  [jvm.dll+0x8b0fa3]
V  [jvm.dll+0x280c96]
V  [jvm.dll+0x6cec15]
V  [jvm.dll+0x6c2c3a]
V  [jvm.dll+0x35867a]
V  [jvm.dll+0x360246]
V  [jvm.dll+0x3b1f9e]
V  [jvm.dll+0x3b2248]
V  [jvm.dll+0x32c8fc]
V  [jvm.dll+0x32c987]
V  [jvm.dll+0x3706fc]
V  [jvm.dll+0x36ef48]
V  [jvm.dll+0x32c0c1]
V  [jvm.dll+0x36e978]
V  [jvm.dll+0x8b6cbf]
V  [jvm.dll+0x8b8044]
V  [jvm.dll+0x8b8580]
V  [jvm.dll+0x8b8823]
V  [jvm.dll+0x857e6b]
V  [jvm.dll+0x6d0b0d]
C  [ucrtbase.dll+0x2cd30]
C  [KERNEL32.DLL+0x2e957]
C  [ntdll.dll+0x87c1c]

VM_Operation (0x000000253bcfc570): G1TryInitiateConcMark, mode: safepoint, requested by thread 0x00000168080672f0


---------------  P R O C E S S  ---------------

Threads class SMR info:
_java_thread_list=0x000001680af6ef90, length=28, elements={
0x00000167a72a51a0, 0x00000167c1444d80, 0x00000167c14458c0, 0x00000167c1448410,
0x00000167c1449bd0, 0x00000167c144afd0, 0x00000167c144c7c0, 0x00000167c18d6560,
0x00000167c18d6ff0, 0x00000167c1a1c8c0, 0x00000167c1a2cec0, 0x0000016808060b10,
0x00000168080672f0, 0x0000016808067950, 0x00000168082be750, 0x00000168082bedb0,
0x00000168082c1a70, 0x00000168082c20d0, 0x0000016808114250, 0x0000016808112180,
0x00000168081148e0, 0x0000016808113bc0, 0x0000016808114f70, 0x0000016808115600,
0x0000016808112810, 0x0000016808112ea0, 0x0000016808113530, 0x000001680934ae10
}

Java Threads: ( => current thread )
  0x00000167a72a51a0 JavaThread "main"                              [_thread_blocked, id=13244, stack(0x000000253a000000,0x000000253a100000) (1024K)]
  0x00000167c1444d80 JavaThread "Reference Handler"          daemon [_thread_blocked, id=16824, stack(0x000000253a800000,0x000000253a900000) (1024K)]
  0x00000167c14458c0 JavaThread "Finalizer"                  daemon [_thread_blocked, id=9684, stack(0x000000253a900000,0x000000253aa00000) (1024K)]
  0x00000167c1448410 JavaThread "Signal Dispatcher"          daemon [_thread_blocked, id=2636, stack(0x000000253aa00000,0x000000253ab00000) (1024K)]
  0x00000167c1449bd0 JavaThread "Attach Listener"            daemon [_thread_blocked, id=5972, stack(0x000000253ab00000,0x000000253ac00000) (1024K)]
  0x00000167c144afd0 JavaThread "Service Thread"             daemon [_thread_blocked, id=17444, stack(0x000000253ac00000,0x000000253ad00000) (1024K)]
  0x00000167c144c7c0 JavaThread "Monitor Deflation Thread"   daemon [_thread_blocked, id=14344, stack(0x000000253ad00000,0x000000253ae00000) (1024K)]
  0x00000167c18d6560 JavaThread "C2 CompilerThread0"         daemon [_thread_blocked, id=16420, stack(0x000000253ae00000,0x000000253af00000) (1024K)]
  0x00000167c18d6ff0 JavaThread "C1 CompilerThread0"         daemon [_thread_blocked, id=15944, stack(0x000000253af00000,0x000000253b000000) (1024K)]
  0x00000167c1a1c8c0 JavaThread "Notification Thread"        daemon [_thread_blocked, id=2680, stack(0x000000253b000000,0x000000253b100000) (1024K)]
  0x00000167c1a2cec0 JavaThread "Common-Cleaner"             daemon [_thread_blocked, id=16120, stack(0x000000253b100000,0x000000253b200000) (1024K)]
  0x0000016808060b10 JavaThread "qtp274100821-29"                   [_thread_in_native, id=17532, stack(0x000000253bb00000,0x000000253bc00000) (1024K)]
  0x00000168080672f0 JavaThread "qtp274100821-30"                   [_thread_blocked, id=10692, stack(0x000000253bc00000,0x000000253bd00000) (1024K)]
  0x0000016808067950 JavaThread "qtp274100821-31"                   [_thread_blocked, id=5564, stack(0x000000253bd00000,0x000000253be00000) (1024K)]
  0x00000168082be750 JavaThread "qtp274100821-32"                   [_thread_blocked, id=17900, stack(0x000000253be00000,0x000000253bf00000) (1024K)]
  0x00000168082bedb0 JavaThread "qtp274100821-33-acceptor-0@2c44e7bf-ServerConnector@680bddf5{HTTP/1.1, (http/1.1)}{localhost:3030}"        [_thread_in_native, id=2916, stack(0x000000253bf00000,0x000000253c000000) (1024K)]
  0x00000168082c1a70 JavaThread "qtp274100821-34"                   [_thread_in_native, id=9112, stack(0x000000253c000000,0x000000253c100000) (1024K)]
  0x00000168082c20d0 JavaThread "qtp274100821-35"                   [_thread_blocked, id=11964, stack(0x000000253c100000,0x000000253c200000) (1024K)]
  0x0000016808114250 JavaThread "qtp274100821-36"                   [_thread_blocked, id=10320, stack(0x000000253c200000,0x000000253c300000) (1024K)]
  0x0000016808112180 JavaThread "Session-HouseKeeper-57a48985-1"        [_thread_blocked, id=1284, stack(0x000000253b200000,0x000000253b300000) (1024K)]
  0x00000168081148e0 JavaThread "HttpClient-1-SelectorManager" daemon [_thread_in_native, id=11112, stack(0x000000253c500000,0x000000253c600000) (1024K)]
  0x0000016808113bc0 JavaThread "Connector-Scheduler-680bddf5-1"        [_thread_blocked, id=18116, stack(0x000000253b300000,0x000000253b400000) (1024K)]
  0x0000016808114f70 JavaThread "alarm-clock-1"              daemon [_thread_blocked, id=10880, stack(0x000000253c700000,0x000000253c800000) (1024K)]
  0x0000016808115600 JavaThread "qtp274100821-42"                   [_thread_blocked, id=16072, stack(0x000000253c800000,0x000000253c900000) (1024K)]
  0x0000016808112810 JavaThread "qtp274100821-43"                   [_thread_blocked, id=15428, stack(0x000000253c900000,0x000000253ca00000) (1024K)]
  0x0000016808112ea0 JavaThread "qtp274100821-44"                   [_thread_in_native, id=3172, stack(0x000000253ca00000,0x000000253cb00000) (1024K)]
  0x0000016808113530 JavaThread "qtp274100821-45"                   [_thread_in_native, id=1160, stack(0x000000253cb00000,0x000000253cc00000) (1024K)]
  0x000001680934ae10 JavaThread "qtp274100821-46"                   [_thread_blocked, id=8884, stack(0x000000253cc00000,0x000000253cd00000) (1024K)]
Total: 28

Other Threads:
=>0x00000167c14287a0 VMThread "VM Thread"                           [id=3876, stack(0x000000253a700000,0x000000253a800000) (1024K)]
  0x00000167c1416470 WatcherThread "VM Periodic Task Thread"        [id=10948, stack(0x000000253a600000,0x000000253a700000) (1024K)]
  0x00000167a730ee50 WorkerThread "GC Thread#0"                     [id=14424, stack(0x000000253a100000,0x000000253a200000) (1024K)]
  0x0000016807898820 WorkerThread "GC Thread#1"                     [id=2152, stack(0x000000253b400000,0x000000253b500000) (1024K)]
  0x0000016807909790 WorkerThread "GC Thread#2"                     [id=3716, stack(0x000000253b500000,0x000000253b600000) (1024K)]
  0x0000016807909b30 WorkerThread "GC Thread#3"                     [id=14636, stack(0x000000253b600000,0x000000253b700000) (1024K)]
  0x0000016807971440 WorkerThread "GC Thread#4"                     [id=11020, stack(0x000000253b700000,0x000000253b800000) (1024K)]
  0x00000168079717e0 WorkerThread "GC Thread#5"                     [id=9532, stack(0x000000253b800000,0x000000253b900000) (1024K)]
  0x0000016807938a20 WorkerThread "GC Thread#6"                     [id=10508, stack(0x000000253b900000,0x000000253ba00000) (1024K)]
  0x000001680806f2d0 WorkerThread "GC Thread#7"                     [id=5144, stack(0x000000253ba00000,0x000000253bb00000) (1024K)]
  0x00000167a731f980 ConcurrentGCThread "G1 Main Marker"            [id=3796, stack(0x000000253a200000,0x000000253a300000) (1024K)]
  0x00000167a7320480 WorkerThread "G1 Conc#0"                       [id=5648, stack(0x000000253a300000,0x000000253a400000) (1024K)]
  0x00000168082d4510 WorkerThread "G1 Conc#1"                       [id=9620, stack(0x000000253c300000,0x000000253c400000) (1024K)]
  0x00000167c12e1890 ConcurrentGCThread "G1 Refine#0"               [id=14584, stack(0x000000253a400000,0x000000253a500000) (1024K)]
  0x00000167c12e22a0 ConcurrentGCThread "G1 Service"                [id=3940, stack(0x000000253a500000,0x000000253a600000) (1024K)]
Total: 15

Threads with active compile tasks:
Total: 0

VM state: at safepoint (normal execution)

VM Mutex/Monitor currently owned by a thread:  ([mutex/lock_event])
[0x00007ffb60fe5458] Threads_lock - owner thread: 0x00000167c14287a0
[0x00007ffb60fe5558] Heap_lock - owner thread: 0x00000168080672f0

Heap address: 0x0000000704a00000, size: 4022 MB, Compressed Oops mode: Zero based, Oop shift amount: 3

CDS archive(s) mapped at: [0x00000167c2000000-0x00000167c2c80000-0x00000167c2c80000), size 13107200, SharedBaseAddress: 0x00000167c2000000, ArchiveRelocationMode: 1.
Compressed class space mapped at: 0x00000167c3000000-0x0000016803000000, reserved size: 1073741824
Narrow klass base: 0x00000167c2000000, Narrow klass shift: 0, Narrow klass range: 0x100000000

GC Precious Log:
 CardTable entry size: 512
 Card Set container configuration: InlinePtr #cards 4 size 8 Array Of Cards #cards 16 size 48 Howl #buckets 8 coarsen threshold 3686 Howl Bitmap #cards 512 size 80 coarsen threshold 460 Card regions per heap region 1 cards per card region 4096
 CPUs: 8 total, 8 available
 Memory: 16087M
 Large Page Support: Disabled
 NUMA Support: Disabled
 Compressed Oops: Enabled (Zero based)
 Heap Region Size: 2M
 Heap Min Capacity: 8M
 Heap Initial Capacity: 252M
 Heap Max Capacity: 4022M
 Pre-touch: Disabled
 Parallel Workers: 8
 Concurrent Workers: 2
 Concurrent Refinement Workers: 8
 Periodic GC: Disabled

Heap:
 garbage-first heap   total 1570816K, used 313290K [0x0000000704a00000, 0x0000000800000000)
  region size 2048K, 14 young (28672K), 14 survivors (28672K)
 Metaspace       used 39037K, committed 39552K, reserved 1114112K
  class space    used 4741K, committed 4992K, reserved 1048576K

Heap Regions: E=young(eden), S=young(survivor), O=old, HS=humongous(starts), HC=humongous(continues), CS=collection set, F=free, TAMS=top-at-mark-start, PB=parsable bottom
|   0|0x0000000704a00000, 0x0000000704c00000, 0x0000000704c00000|100%|HS|  |TAMS 0x0000000704c00000| PB 0x0000000704a00000| Complete 
|   1|0x0000000704c00000, 0x0000000704e00000, 0x0000000704e00000|100%|HC|  |TAMS 0x0000000704e00000| PB 0x0000000704c00000| Complete 
|   2|0x0000000704e00000, 0x0000000705000000, 0x0000000705000000|100%| O|  |TAMS 0x0000000705000000| PB 0x0000000704e00000| Untracked 
|   3|0x0000000705000000, 0x0000000705200000, 0x0000000705200000|100%| O|  |TAMS 0x0000000705200000| PB 0x0000000705000000| Untracked 
|   4|0x0000000705200000, 0x00000007053f2840, 0x0000000705400000| 97%| O|  |TAMS 0x00000007053f2840| PB 0x0000000705200000| Untracked 
|   5|0x0000000705400000, 0x0000000705600000, 0x0000000705600000|100%| O|  |TAMS 0x0000000705600000| PB 0x0000000705400000| Untracked 
|   6|0x0000000705600000, 0x0000000705800000, 0x0000000705800000|100%| O|  |TAMS 0x0000000705800000| PB 0x0000000705600000| Untracked 
|   7|0x0000000705800000, 0x0000000705a00000, 0x0000000705a00000|100%| O|  |TAMS 0x0000000705a00000| PB 0x0000000705800000| Untracked 
|   8|0x0000000705a00000, 0x0000000705c00000, 0x0000000705c00000|100%| O|  |TAMS 0x0000000705c00000| PB 0x0000000705a00000| Untracked 
|   9|0x0000000705c00000, 0x0000000705e00000, 0x0000000705e00000|100%| O|  |TAMS 0x0000000705e00000| PB 0x0000000705c00000| Untracked 
|  10|0x0000000705e00000, 0x0000000706000000, 0x0000000706000000|100%| O|  |TAMS 0x0000000706000000| PB 0x0000000705e00000| Untracked 
|  11|0x0000000706000000, 0x0000000706200000, 0x0000000706200000|100%| O|  |TAMS 0x0000000706200000| PB 0x0000000706000000| Untracked 
|  12|0x0000000706200000, 0x0000000706400000, 0x0000000706400000|100%| O|  |TAMS 0x0000000706400000| PB 0x0000000706200000| Untracked 
|  13|0x0000000706400000, 0x0000000706600000, 0x0000000706600000|100%| O|  |TAMS 0x0000000706600000| PB 0x0000000706400000| Untracked 
|  14|0x0000000706600000, 0x0000000706800000, 0x0000000706800000|100%| O|  |TAMS 0x0000000706800000| PB 0x0000000706600000| Untracked 
|  15|0x0000000706800000, 0x0000000706a00000, 0x0000000706a00000|100%| O|  |TAMS 0x0000000706a00000| PB 0x0000000706800000| Untracked 
|  16|0x0000000706a00000, 0x0000000706c00000, 0x0000000706c00000|100%| O|  |TAMS 0x0000000706c00000| PB 0x0000000706a00000| Untracked 
|  17|0x0000000706c00000, 0x0000000706e00000, 0x0000000706e00000|100%| O|  |TAMS 0x0000000706e00000| PB 0x0000000706c00000| Untracked 
|  18|0x0000000706e00000, 0x0000000707000000, 0x0000000707000000|100%| O|  |TAMS 0x0000000707000000| PB 0x0000000706e00000| Untracked 
|  19|0x0000000707000000, 0x0000000707200000, 0x0000000707200000|100%| O|  |TAMS 0x0000000707200000| PB 0x0000000707000000| Untracked 
|  20|0x0000000707200000, 0x0000000707400000, 0x0000000707400000|100%| O|  |TAMS 0x0000000707400000| PB 0x0000000707200000| Untracked 
|  21|0x0000000707400000, 0x0000000707600000, 0x0000000707600000|100%| O|  |TAMS 0x0000000707600000| PB 0x0000000707400000| Untracked 
|  22|0x0000000707600000, 0x0000000707800000, 0x0000000707800000|100%| O|  |TAMS 0x0000000707800000| PB 0x0000000707600000| Untracked 
|  23|0x0000000707800000, 0x0000000707a00000, 0x0000000707a00000|100%| O|  |TAMS 0x0000000707a00000| PB 0x0000000707800000| Untracked 
|  24|0x0000000707a00000, 0x0000000707c00000, 0x0000000707c00000|100%| O|  |TAMS 0x0000000707c00000| PB 0x0000000707a00000| Untracked 
|  25|0x0000000707c00000, 0x0000000707e00000, 0x0000000707e00000|100%| O|  |TAMS 0x0000000707e00000| PB 0x0000000707c00000| Untracked 
|  26|0x0000000707e00000, 0x0000000708000000, 0x0000000708000000|100%| O|  |TAMS 0x0000000708000000| PB 0x0000000707e00000| Untracked 
|  27|0x0000000708000000, 0x0000000708200000, 0x0000000708200000|100%| O|  |TAMS 0x0000000708200000| PB 0x0000000708000000| Untracked 
|  28|0x0000000708200000, 0x0000000708400000, 0x0000000708400000|100%| O|  |TAMS 0x0000000708400000| PB 0x0000000708200000| Untracked 
|  29|0x0000000708400000, 0x0000000708600000, 0x0000000708600000|100%| O|  |TAMS 0x0000000708600000| PB 0x0000000708400000| Untracked 
|  30|0x0000000708600000, 0x0000000708800000, 0x0000000708800000|100%| O|  |TAMS 0x0000000708800000| PB 0x0000000708600000| Untracked 
|  31|0x0000000708800000, 0x0000000708a00000, 0x0000000708a00000|100%| O|  |TAMS 0x0000000708a00000| PB 0x0000000708800000| Untracked 
|  32|0x0000000708a00000, 0x0000000708bffff8, 0x0000000708c00000| 99%| O|  |TAMS 0x0000000708bffff8| PB 0x0000000708a00000| Untracked 
|  33|0x0000000708c00000, 0x0000000708c00000, 0x0000000708e00000|  0%| F|  |TAMS 0x0000000708c00000| PB 0x0000000708c00000| Untracked 
|  34|0x0000000708e00000, 0x0000000708e00000, 0x0000000709000000|  0%| F|  |TAMS 0x0000000708e00000| PB 0x0000000708e00000| Untracked 
|  35|0x0000000709000000, 0x0000000709000000, 0x0000000709200000|  0%| F|  |TAMS 0x0000000709000000| PB 0x0000000709000000| Untracked 
|  36|0x0000000709200000, 0x0000000709200000, 0x0000000709400000|  0%| F|  |TAMS 0x0000000709200000| PB 0x0000000709200000| Untracked 
|  37|0x0000000709400000, 0x0000000709600000, 0x0000000709600000|100%| O|  |TAMS 0x0000000709600000| PB 0x0000000709400000| Untracked 
|  38|0x0000000709600000, 0x0000000709800000, 0x0000000709800000|100%| O|  |TAMS 0x0000000709800000| PB 0x0000000709600000| Untracked 
|  39|0x0000000709800000, 0x0000000709a00000, 0x0000000709a00000|100%| O|  |TAMS 0x0000000709a00000| PB 0x0000000709800000| Untracked 
|  40|0x0000000709a00000, 0x0000000709c00000, 0x0000000709c00000|100%| O|  |TAMS 0x0000000709c00000| PB 0x0000000709a00000| Untracked 
|  41|0x0000000709c00000, 0x0000000709e00000, 0x0000000709e00000|100%| O|  |TAMS 0x0000000709e00000| PB 0x0000000709c00000| Untracked 
|  42|0x0000000709e00000, 0x000000070a000000, 0x000000070a000000|100%| O|  |TAMS 0x000000070a000000| PB 0x0000000709e00000| Untracked 
|  43|0x000000070a000000, 0x000000070a200000, 0x000000070a200000|100%| O|  |TAMS 0x000000070a200000| PB 0x000000070a000000| Untracked 
|  44|0x000000070a200000, 0x000000070a400000, 0x000000070a400000|100%| O|  |TAMS 0x000000070a400000| PB 0x000000070a200000| Untracked 
|  45|0x000000070a400000, 0x000000070a600000, 0x000000070a600000|100%| O|  |TAMS 0x000000070a600000| PB 0x000000070a400000| Untracked 
|  46|0x000000070a600000, 0x000000070a800000, 0x000000070a800000|100%| O|  |TAMS 0x000000070a800000| PB 0x000000070a600000| Untracked 
|  47|0x000000070a800000, 0x000000070aa00000, 0x000000070aa00000|100%| O|  |TAMS 0x000000070aa00000| PB 0x000000070a800000| Untracked 
|  48|0x000000070aa00000, 0x000000070ac00000, 0x000000070ac00000|100%| O|  |TAMS 0x000000070ac00000| PB 0x000000070aa00000| Untracked 
|  49|0x000000070ac00000, 0x000000070ae00000, 0x000000070ae00000|100%|HS|  |TAMS 0x000000070ae00000| PB 0x000000070ac00000| Complete 
|  50|0x000000070ae00000, 0x000000070b000000, 0x000000070b000000|100%|HC|  |TAMS 0x000000070b000000| PB 0x000000070ae00000| Complete 
|  51|0x000000070b000000, 0x000000070b200000, 0x000000070b200000|100%|HC|  |TAMS 0x000000070b200000| PB 0x000000070b000000| Complete 
|  52|0x000000070b200000, 0x000000070b400000, 0x000000070b400000|100%|HC|  |TAMS 0x000000070b400000| PB 0x000000070b200000| Complete 
|  53|0x000000070b400000, 0x000000070b400000, 0x000000070b600000|  0%| F|  |TAMS 0x000000070b400000| PB 0x000000070b400000| Untracked 
|  54|0x000000070b600000, 0x000000070b600000, 0x000000070b800000|  0%| F|  |TAMS 0x000000070b600000| PB 0x000000070b600000| Untracked 
|  55|0x000000070b800000, 0x000000070b800000, 0x000000070ba00000|  0%| F|  |TAMS 0x000000070b800000| PB 0x000000070b800000| Untracked 
|  56|0x000000070ba00000, 0x000000070ba00000, 0x000000070bc00000|  0%| F|  |TAMS 0x000000070ba00000| PB 0x000000070ba00000| Untracked 
|  57|0x000000070bc00000, 0x000000070bc00000, 0x000000070be00000|  0%| F|  |TAMS 0x000000070bc00000| PB 0x000000070bc00000| Untracked 
|  58|0x000000070be00000, 0x000000070be00000, 0x000000070c000000|  0%| F|  |TAMS 0x000000070be00000| PB 0x000000070be00000| Untracked 
|  59|0x000000070c000000, 0x000000070c000000, 0x000000070c200000|  0%| F|  |TAMS 0x000000070c000000| PB 0x000000070c000000| Untracked 
|  60|0x000000070c200000, 0x000000070c200000, 0x000000070c400000|  0%| F|  |TAMS 0x000000070c200000| PB 0x000000070c200000| Untracked 
|  61|0x000000070c400000, 0x000000070c400000, 0x000000070c600000|  0%| F|  |TAMS 0x000000070c400000| PB 0x000000070c400000| Untracked 
|  62|0x000000070c600000, 0x000000070c600000, 0x000000070c800000|  0%| F|  |TAMS 0x000000070c600000| PB 0x000000070c600000| Untracked 
|  63|0x000000070c800000, 0x000000070c800000, 0x000000070ca00000|  0%| F|  |TAMS 0x000000070c800000| PB 0x000000070c800000| Untracked 
|  64|0x000000070ca00000, 0x000000070ca00000, 0x000000070cc00000|  0%| F|  |TAMS 0x000000070ca00000| PB 0x000000070ca00000| Untracked 
|  65|0x000000070cc00000, 0x000000070ce00000, 0x000000070ce00000|100%| O|  |TAMS 0x000000070ce00000| PB 0x000000070cc00000| Untracked 
|  66|0x000000070ce00000, 0x000000070d000000, 0x000000070d000000|100%| O|  |TAMS 0x000000070d000000| PB 0x000000070ce00000| Untracked 
|  67|0x000000070d000000, 0x000000070d200000, 0x000000070d200000|100%| O|  |TAMS 0x000000070d200000| PB 0x000000070d000000| Untracked 
|  68|0x000000070d200000, 0x000000070d400000, 0x000000070d400000|100%| O|  |TAMS 0x000000070d400000| PB 0x000000070d200000| Untracked 
|  69|0x000000070d400000, 0x000000070d600000, 0x000000070d600000|100%| O|  |TAMS 0x000000070d600000| PB 0x000000070d400000| Untracked 
|  70|0x000000070d600000, 0x000000070d800000, 0x000000070d800000|100%| O|  |TAMS 0x000000070d800000| PB 0x000000070d600000| Untracked 
|  71|0x000000070d800000, 0x000000070da00000, 0x000000070da00000|100%| O|  |TAMS 0x000000070da00000| PB 0x000000070d800000| Untracked 
|  72|0x000000070da00000, 0x000000070dc00000, 0x000000070dc00000|100%| O|  |TAMS 0x000000070dc00000| PB 0x000000070da00000| Untracked 
|  73|0x000000070dc00000, 0x000000070de00000, 0x000000070de00000|100%| O|  |TAMS 0x000000070de00000| PB 0x000000070dc00000| Untracked 
|  74|0x000000070de00000, 0x000000070e000000, 0x000000070e000000|100%| O|  |TAMS 0x000000070e000000| PB 0x000000070de00000| Untracked 
|  75|0x000000070e000000, 0x000000070e200000, 0x000000070e200000|100%| O|  |TAMS 0x000000070e200000| PB 0x000000070e000000| Untracked 
|  76|0x000000070e200000, 0x000000070e400000, 0x000000070e400000|100%| O|  |TAMS 0x000000070e400000| PB 0x000000070e200000| Untracked 
|  77|0x000000070e400000, 0x000000070e600000, 0x000000070e600000|100%| O|  |TAMS 0x000000070e600000| PB 0x000000070e400000| Untracked 
|  78|0x000000070e600000, 0x000000070e800000, 0x000000070e800000|100%| O|  |TAMS 0x000000070e800000| PB 0x000000070e600000| Untracked 
|  79|0x000000070e800000, 0x000000070e800000, 0x000000070ea00000|  0%| F|  |TAMS 0x000000070e800000| PB 0x000000070e800000| Untracked 
|  80|0x000000070ea00000, 0x000000070ea00000, 0x000000070ec00000|  0%| F|  |TAMS 0x000000070ea00000| PB 0x000000070ea00000| Untracked 
|  81|0x000000070ec00000, 0x000000070ec00000, 0x000000070ee00000|  0%| F|  |TAMS 0x000000070ec00000| PB 0x000000070ec00000| Untracked 
|  82|0x000000070ee00000, 0x000000070ee00000, 0x000000070f000000|  0%| F|  |TAMS 0x000000070ee00000| PB 0x000000070ee00000| Untracked 
|  83|0x000000070f000000, 0x000000070f000000, 0x000000070f200000|  0%| F|  |TAMS 0x000000070f000000| PB 0x000000070f000000| Untracked 
|  84|0x000000070f200000, 0x000000070f200000, 0x000000070f400000|  0%| F|  |TAMS 0x000000070f200000| PB 0x000000070f200000| Untracked 
|  85|0x000000070f400000, 0x000000070f400000, 0x000000070f600000|  0%| F|  |TAMS 0x000000070f400000| PB 0x000000070f400000| Untracked 
|  86|0x000000070f600000, 0x000000070f600000, 0x000000070f800000|  0%| F|  |TAMS 0x000000070f600000| PB 0x000000070f600000| Untracked 
|  87|0x000000070f800000, 0x000000070f800000, 0x000000070fa00000|  0%| F|  |TAMS 0x000000070f800000| PB 0x000000070f800000| Untracked 
|  88|0x000000070fa00000, 0x000000070fa00000, 0x000000070fc00000|  0%| F|  |TAMS 0x000000070fa00000| PB 0x000000070fa00000| Untracked 
|  89|0x000000070fc00000, 0x000000070fc00000, 0x000000070fe00000|  0%| F|  |TAMS 0x000000070fc00000| PB 0x000000070fc00000| Untracked 
|  90|0x000000070fe00000, 0x000000070fe00000, 0x0000000710000000|  0%| F|  |TAMS 0x000000070fe00000| PB 0x000000070fe00000| Untracked 
|  91|0x0000000710000000, 0x0000000710200000, 0x0000000710200000|100%| O|  |TAMS 0x0000000710200000| PB 0x0000000710000000| Untracked 
|  92|0x0000000710200000, 0x0000000710400000, 0x0000000710400000|100%| O|  |TAMS 0x0000000710400000| PB 0x0000000710200000| Untracked 
|  93|0x0000000710400000, 0x0000000710600000, 0x0000000710600000|100%| O|  |TAMS 0x0000000710600000| PB 0x0000000710400000| Untracked 
|  94|0x0000000710600000, 0x0000000710800000, 0x0000000710800000|100%| O|  |TAMS 0x0000000710800000| PB 0x0000000710600000| Untracked 
|  95|0x0000000710800000, 0x0000000710a00000, 0x0000000710a00000|100%| O|  |TAMS 0x0000000710a00000| PB 0x0000000710800000| Untracked 
|  96|0x0000000710a00000, 0x0000000710c00000, 0x0000000710c00000|100%| O|  |TAMS 0x0000000710c00000| PB 0x0000000710a00000| Untracked 
|  97|0x0000000710c00000, 0x0000000710e00000, 0x0000000710e00000|100%| O|  |TAMS 0x0000000710e00000| PB 0x0000000710c00000| Untracked 
|  98|0x0000000710e00000, 0x0000000711000000, 0x0000000711000000|100%| O|  |TAMS 0x0000000711000000| PB 0x0000000710e00000| Untracked 
|  99|0x0000000711000000, 0x0000000711200000, 0x0000000711200000|100%| O|  |TAMS 0x0000000711200000| PB 0x0000000711000000| Untracked 
| 100|0x0000000711200000, 0x0000000711400000, 0x0000000711400000|100%| O|  |TAMS 0x0000000711400000| PB 0x0000000711200000| Untracked 
| 101|0x0000000711400000, 0x0000000711600000, 0x0000000711600000|100%| O|  |TAMS 0x0000000711600000| PB 0x0000000711400000| Untracked 
| 102|0x0000000711600000, 0x0000000711800000, 0x0000000711800000|100%| O|  |TAMS 0x0000000711800000| PB 0x0000000711600000| Untracked 
| 103|0x0000000711800000, 0x0000000711800000, 0x0000000711a00000|  0%| F|  |TAMS 0x0000000711800000| PB 0x0000000711800000| Untracked 
| 104|0x0000000711a00000, 0x0000000711a00000, 0x0000000711c00000|  0%| F|  |TAMS 0x0000000711a00000| PB 0x0000000711a00000| Untracked 
| 105|0x0000000711c00000, 0x0000000711c00000, 0x0000000711e00000|  0%| F|  |TAMS 0x0000000711c00000| PB 0x0000000711c00000| Untracked 
| 106|0x0000000711e00000, 0x0000000711e00000, 0x0000000712000000|  0%| F|  |TAMS 0x0000000711e00000| PB 0x0000000711e00000| Untracked 
| 107|0x0000000712000000, 0x0000000712000000, 0x0000000712200000|  0%| F|  |TAMS 0x0000000712000000| PB 0x0000000712000000| Untracked 
| 108|0x0000000712200000, 0x0000000712200000, 0x0000000712400000|  0%| F|  |TAMS 0x0000000712200000| PB 0x0000000712200000| Untracked 
| 109|0x0000000712400000, 0x0000000712400000, 0x0000000712600000|  0%| F|  |TAMS 0x0000000712400000| PB 0x0000000712400000| Untracked 
| 110|0x0000000712600000, 0x0000000712600000, 0x0000000712800000|  0%| F|  |TAMS 0x0000000712600000| PB 0x0000000712600000| Untracked 
| 111|0x0000000712800000, 0x0000000712800000, 0x0000000712a00000|  0%| F|  |TAMS 0x0000000712800000| PB 0x0000000712800000| Untracked 
| 112|0x0000000712a00000, 0x0000000712a00000, 0x0000000712c00000|  0%| F|  |TAMS 0x0000000712a00000| PB 0x0000000712a00000| Untracked 
| 113|0x0000000712c00000, 0x0000000712c00000, 0x0000000712e00000|  0%| F|  |TAMS 0x0000000712c00000| PB 0x0000000712c00000| Untracked 
| 114|0x0000000712e00000, 0x0000000712e00000, 0x0000000713000000|  0%| F|  |TAMS 0x0000000712e00000| PB 0x0000000712e00000| Untracked 
| 115|0x0000000713000000, 0x0000000713000000, 0x0000000713200000|  0%| F|  |TAMS 0x0000000713000000| PB 0x0000000713000000| Untracked 
| 116|0x0000000713200000, 0x0000000713200000, 0x0000000713400000|  0%| F|  |TAMS 0x0000000713200000| PB 0x0000000713200000| Untracked 
| 117|0x0000000713400000, 0x0000000713400000, 0x0000000713600000|  0%| F|  |TAMS 0x0000000713400000| PB 0x0000000713400000| Untracked 
| 118|0x0000000713600000, 0x0000000713800000, 0x0000000713800000|100%| O|  |TAMS 0x0000000713800000| PB 0x0000000713600000| Untracked 
| 119|0x0000000713800000, 0x0000000713a00000, 0x0000000713a00000|100%| O|  |TAMS 0x0000000713a00000| PB 0x0000000713800000| Untracked 
| 120|0x0000000713a00000, 0x0000000713c00000, 0x0000000713c00000|100%| O|  |TAMS 0x0000000713c00000| PB 0x0000000713a00000| Untracked 
| 121|0x0000000713c00000, 0x0000000713e00000, 0x0000000713e00000|100%| O|  |TAMS 0x0000000713e00000| PB 0x0000000713c00000| Untracked 
| 122|0x0000000713e00000, 0x0000000714000000, 0x0000000714000000|100%| O|  |TAMS 0x0000000714000000| PB 0x0000000713e00000| Untracked 
| 123|0x0000000714000000, 0x0000000714200000, 0x0000000714200000|100%| O|  |TAMS 0x0000000714200000| PB 0x0000000714000000| Untracked 
| 124|0x0000000714200000, 0x0000000714400000, 0x0000000714400000|100%| O|  |TAMS 0x0000000714400000| PB 0x0000000714200000| Untracked 
| 125|0x0000000714400000, 0x0000000714600000, 0x0000000714600000|100%| O|  |TAMS 0x0000000714600000| PB 0x0000000714400000| Untracked 
| 126|0x0000000714600000, 0x0000000714800000, 0x0000000714800000|100%| O|  |TAMS 0x0000000714800000| PB 0x0000000714600000| Untracked 
| 127|0x0000000714800000, 0x0000000714a00000, 0x0000000714a00000|100%| O|  |TAMS 0x0000000714a00000| PB 0x0000000714800000| Untracked 
| 128|0x0000000714a00000, 0x0000000714c00000, 0x0000000714c00000|100%| O|  |TAMS 0x0000000714c00000| PB 0x0000000714a00000| Untracked 
| 129|0x0000000714c00000, 0x0000000714e00000, 0x0000000714e00000|100%| O|  |TAMS 0x0000000714e00000| PB 0x0000000714c00000| Untracked 
| 130|0x0000000714e00000, 0x0000000715000000, 0x0000000715000000|100%| O|  |TAMS 0x0000000715000000| PB 0x0000000714e00000| Untracked 
| 131|0x0000000715000000, 0x0000000715200000, 0x0000000715200000|100%| O|  |TAMS 0x0000000715200000| PB 0x0000000715000000| Untracked 
| 132|0x0000000715200000, 0x0000000715400000, 0x0000000715400000|100%| O|  |TAMS 0x0000000715400000| PB 0x0000000715200000| Untracked 
| 133|0x0000000715400000, 0x0000000715600000, 0x0000000715600000|100%| O|  |TAMS 0x0000000715600000| PB 0x0000000715400000| Untracked 
| 134|0x0000000715600000, 0x0000000715800000, 0x0000000715800000|100%| O|  |TAMS 0x0000000715800000| PB 0x0000000715600000| Untracked 
| 135|0x0000000715800000, 0x0000000715a00000, 0x0000000715a00000|100%| O|  |TAMS 0x0000000715a00000| PB 0x0000000715800000| Untracked 
| 136|0x0000000715a00000, 0x0000000715a00000, 0x0000000715c00000|  0%| F|  |TAMS 0x0000000715a00000| PB 0x0000000715a00000| Untracked 
| 137|0x0000000715c00000, 0x0000000715c00000, 0x0000000715e00000|  0%| F|  |TAMS 0x0000000715c00000| PB 0x0000000715c00000| Untracked 
| 138|0x0000000715e00000, 0x0000000715e00000, 0x0000000716000000|  0%| F|  |TAMS 0x0000000715e00000| PB 0x0000000715e00000| Untracked 
| 139|0x0000000716000000, 0x0000000716000000, 0x0000000716200000|  0%| F|  |TAMS 0x0000000716000000| PB 0x0000000716000000| Untracked 
| 140|0x0000000716200000, 0x0000000716200000, 0x0000000716400000|  0%| F|  |TAMS 0x0000000716200000| PB 0x0000000716200000| Untracked 
| 141|0x0000000716400000, 0x0000000716400000, 0x0000000716600000|  0%| F|  |TAMS 0x0000000716400000| PB 0x0000000716400000| Untracked 
| 142|0x0000000716600000, 0x0000000716600000, 0x0000000716800000|  0%| F|  |TAMS 0x0000000716600000| PB 0x0000000716600000| Untracked 
| 143|0x0000000716800000, 0x0000000716a00000, 0x0000000716a00000|100%| O|  |TAMS 0x0000000716a00000| PB 0x0000000716800000| Untracked 
| 144|0x0000000716a00000, 0x0000000716c00000, 0x0000000716c00000|100%| O|  |TAMS 0x0000000716c00000| PB 0x0000000716a00000| Untracked 
| 145|0x0000000716c00000, 0x0000000716e00000, 0x0000000716e00000|100%| O|  |TAMS 0x0000000716e00000| PB 0x0000000716c00000| Untracked 
| 146|0x0000000716e00000, 0x0000000717000000, 0x0000000717000000|100%| O|  |TAMS 0x0000000717000000| PB 0x0000000716e00000| Untracked 
| 147|0x0000000717000000, 0x0000000717200000, 0x0000000717200000|100%| O|  |TAMS 0x0000000717200000| PB 0x0000000717000000| Untracked 
| 148|0x0000000717200000, 0x0000000717400000, 0x0000000717400000|100%| O|  |TAMS 0x0000000717400000| PB 0x0000000717200000| Untracked 
| 149|0x0000000717400000, 0x0000000717400000, 0x0000000717600000|  0%| F|  |TAMS 0x0000000717400000| PB 0x0000000717400000| Untracked 
| 150|0x0000000717600000, 0x0000000717600000, 0x0000000717800000|  0%| F|  |TAMS 0x0000000717600000| PB 0x0000000717600000| Untracked 
| 151|0x0000000717800000, 0x0000000717a00000, 0x0000000717a00000|100%| O|  |TAMS 0x0000000717a00000| PB 0x0000000717800000| Untracked 
| 152|0x0000000717a00000, 0x0000000717c00000, 0x0000000717c00000|100%| O|  |TAMS 0x0000000717c00000| PB 0x0000000717a00000| Untracked 
| 153|0x0000000717c00000, 0x0000000717e00000, 0x0000000717e00000|100%| O|  |TAMS 0x0000000717e00000| PB 0x0000000717c00000| Untracked 
| 154|0x0000000717e00000, 0x0000000718000000, 0x0000000718000000|100%| O|  |TAMS 0x0000000718000000| PB 0x0000000717e00000| Untracked 
| 155|0x0000000718000000, 0x0000000718200000, 0x0000000718200000|100%| O|  |TAMS 0x0000000718200000| PB 0x0000000718000000| Untracked 
| 156|0x0000000718200000, 0x0000000718400000, 0x0000000718400000|100%| O|  |TAMS 0x0000000718400000| PB 0x0000000718200000| Untracked 
| 157|0x0000000718400000, 0x0000000718600000, 0x0000000718600000|100%| O|  |TAMS 0x0000000718600000| PB 0x0000000718400000| Untracked 
| 158|0x0000000718600000, 0x0000000718800000, 0x0000000718800000|100%| O|  |TAMS 0x0000000718800000| PB 0x0000000718600000| Untracked 
| 159|0x0000000718800000, 0x0000000718a00000, 0x0000000718a00000|100%| O|  |TAMS 0x0000000718a00000| PB 0x0000000718800000| Untracked 
| 160|0x0000000718a00000, 0x0000000718a00000, 0x0000000718c00000|  0%| F|  |TAMS 0x0000000718a00000| PB 0x0000000718a00000| Untracked 
| 161|0x0000000718c00000, 0x0000000718c00000, 0x0000000718e00000|  0%| F|  |TAMS 0x0000000718c00000| PB 0x0000000718c00000| Untracked 
| 162|0x0000000718e00000, 0x0000000718e00000, 0x0000000719000000|  0%| F|  |TAMS 0x0000000718e00000| PB 0x0000000718e00000| Untracked 
| 163|0x0000000719000000, 0x0000000719200000, 0x0000000719200000|100%| O|  |TAMS 0x0000000719200000| PB 0x0000000719000000| Untracked 
| 164|0x0000000719200000, 0x0000000719400000, 0x0000000719400000|100%| O|  |TAMS 0x0000000719400000| PB 0x0000000719200000| Untracked 
| 165|0x0000000719400000, 0x0000000719600000, 0x0000000719600000|100%| O|  |TAMS 0x0000000719600000| PB 0x0000000719400000| Untracked 
| 166|0x0000000719600000, 0x0000000719800000, 0x0000000719800000|100%| O|  |TAMS 0x0000000719800000| PB 0x0000000719600000| Untracked 
| 167|0x0000000719800000, 0x0000000719a00000, 0x0000000719a00000|100%| O|  |TAMS 0x0000000719a00000| PB 0x0000000719800000| Untracked 
| 168|0x0000000719a00000, 0x0000000719c00000, 0x0000000719c00000|100%| O|  |TAMS 0x0000000719c00000| PB 0x0000000719a00000| Untracked 
| 169|0x0000000719c00000, 0x0000000719e00000, 0x0000000719e00000|100%| O|  |TAMS 0x0000000719e00000| PB 0x0000000719c00000| Untracked 
| 170|0x0000000719e00000, 0x000000071a000000, 0x000000071a000000|100%| O|  |TAMS 0x000000071a000000| PB 0x0000000719e00000| Untracked 
| 171|0x000000071a000000, 0x000000071a200000, 0x000000071a200000|100%| O|  |TAMS 0x000000071a200000| PB 0x000000071a000000| Untracked 
| 172|0x000000071a200000, 0x000000071a400000, 0x000000071a400000|100%| O|  |TAMS 0x000000071a400000| PB 0x000000071a200000| Untracked 
| 173|0x000000071a400000, 0x000000071a400000, 0x000000071a600000|  0%| F|  |TAMS 0x000000071a400000| PB 0x000000071a400000| Untracked 
| 174|0x000000071a600000, 0x000000071a600000, 0x000000071a800000|  0%| F|  |TAMS 0x000000071a600000| PB 0x000000071a600000| Untracked 
| 175|0x000000071a800000, 0x000000071aa00000, 0x000000071aa00000|100%| O|  |TAMS 0x000000071aa00000| PB 0x000000071a800000| Untracked 
| 176|0x000000071aa00000, 0x000000071ac00000, 0x000000071ac00000|100%| O|  |TAMS 0x000000071ac00000| PB 0x000000071aa00000| Untracked 
| 177|0x000000071ac00000, 0x000000071ae00000, 0x000000071ae00000|100%| O|  |TAMS 0x000000071ae00000| PB 0x000000071ac00000| Untracked 
| 178|0x000000071ae00000, 0x000000071b000000, 0x000000071b000000|100%| O|  |TAMS 0x000000071b000000| PB 0x000000071ae00000| Untracked 
| 179|0x000000071b000000, 0x000000071b200000, 0x000000071b200000|100%| O|  |TAMS 0x000000071b200000| PB 0x000000071b000000| Untracked 
| 180|0x000000071b200000, 0x000000071b400000, 0x000000071b400000|100%| O|  |TAMS 0x000000071b400000| PB 0x000000071b200000| Untracked 
| 181|0x000000071b400000, 0x000000071b600000, 0x000000071b600000|100%| O|  |TAMS 0x000000071b600000| PB 0x000000071b400000| Untracked 
| 182|0x000000071b600000, 0x000000071b800000, 0x000000071b800000|100%| O|  |TAMS 0x000000071b800000| PB 0x000000071b600000| Untracked 
| 183|0x000000071b800000, 0x000000071ba00000, 0x000000071ba00000|100%| O|  |TAMS 0x000000071ba00000| PB 0x000000071b800000| Untracked 
| 184|0x000000071ba00000, 0x000000071bc00000, 0x000000071bc00000|100%| O|  |TAMS 0x000000071bc00000| PB 0x000000071ba00000| Untracked 
| 185|0x000000071bc00000, 0x000000071be00000, 0x000000071be00000|100%| O|  |TAMS 0x000000071be00000| PB 0x000000071bc00000| Untracked 
| 186|0x000000071be00000, 0x000000071c000000, 0x000000071c000000|100%| O|  |TAMS 0x000000071c000000| PB 0x000000071be00000| Untracked 
| 187|0x000000071c000000, 0x000000071c200000, 0x000000071c200000|100%| O|  |TAMS 0x000000071c200000| PB 0x000000071c000000| Untracked 
| 188|0x000000071c200000, 0x000000071c400000, 0x000000071c400000|100%| O|  |TAMS 0x000000071c400000| PB 0x000000071c200000| Untracked 
| 189|0x000000071c400000, 0x000000071c600000, 0x000000071c600000|100%| O|  |TAMS 0x000000071c600000| PB 0x000000071c400000| Untracked 
| 190|0x000000071c600000, 0x000000071c800000, 0x000000071c800000|100%| O|  |TAMS 0x000000071c800000| PB 0x000000071c600000| Untracked 
| 191|0x000000071c800000, 0x000000071ca00000, 0x000000071ca00000|100%| O|  |TAMS 0x000000071ca00000| PB 0x000000071c800000| Untracked 
| 192|0x000000071ca00000, 0x000000071cc00000, 0x000000071cc00000|100%| O|  |TAMS 0x000000071cc00000| PB 0x000000071ca00000| Untracked 
| 193|0x000000071cc00000, 0x000000071cc00000, 0x000000071ce00000|  0%| F|  |TAMS 0x000000071cc00000| PB 0x000000071cc00000| Untracked 
| 194|0x000000071ce00000, 0x000000071ce00000, 0x000000071d000000|  0%| F|  |TAMS 0x000000071ce00000| PB 0x000000071ce00000| Untracked 
| 195|0x000000071d000000, 0x000000071d000000, 0x000000071d200000|  0%| F|  |TAMS 0x000000071d000000| PB 0x000000071d000000| Untracked 
| 196|0x000000071d200000, 0x000000071d200000, 0x000000071d400000|  0%| F|  |TAMS 0x000000071d200000| PB 0x000000071d200000| Untracked 
| 197|0x000000071d400000, 0x000000071d400000, 0x000000071d600000|  0%| F|  |TAMS 0x000000071d400000| PB 0x000000071d400000| Untracked 
| 198|0x000000071d600000, 0x000000071d600000, 0x000000071d800000|  0%| F|  |TAMS 0x000000071d600000| PB 0x000000071d600000| Untracked 
| 199|0x000000071d800000, 0x000000071d800000, 0x000000071da00000|  0%| F|  |TAMS 0x000000071d800000| PB 0x000000071d800000| Untracked 
| 200|0x000000071da00000, 0x000000071da00000, 0x000000071dc00000|  0%| F|  |TAMS 0x000000071da00000| PB 0x000000071da00000| Untracked 
| 201|0x000000071dc00000, 0x000000071dc00000, 0x000000071de00000|  0%| F|  |TAMS 0x000000071dc00000| PB 0x000000071dc00000| Untracked 
| 202|0x000000071de00000, 0x000000071de00000, 0x000000071e000000|  0%| F|  |TAMS 0x000000071de00000| PB 0x000000071de00000| Untracked 
| 203|0x000000071e000000, 0x000000071e000000, 0x000000071e200000|  0%| F|  |TAMS 0x000000071e000000| PB 0x000000071e000000| Untracked 
| 204|0x000000071e200000, 0x000000071e200000, 0x000000071e400000|  0%| F|  |TAMS 0x000000071e200000| PB 0x000000071e200000| Untracked 
| 205|0x000000071e400000, 0x000000071e400000, 0x000000071e600000|  0%| F|  |TAMS 0x000000071e400000| PB 0x000000071e400000| Untracked 
| 206|0x000000071e600000, 0x000000071e600000, 0x000000071e800000|  0%| F|  |TAMS 0x000000071e600000| PB 0x000000071e600000| Untracked 
| 207|0x000000071e800000, 0x000000071e800000, 0x000000071ea00000|  0%| F|  |TAMS 0x000000071e800000| PB 0x000000071e800000| Untracked 
| 208|0x000000071ea00000, 0x000000071ea00000, 0x000000071ec00000|  0%| F|  |TAMS 0x000000071ea00000| PB 0x000000071ea00000| Untracked 
| 209|0x000000071ec00000, 0x000000071ec00000, 0x000000071ee00000|  0%| F|  |TAMS 0x000000071ec00000| PB 0x000000071ec00000| Untracked 
| 210|0x000000071ee00000, 0x000000071ee00000, 0x000000071f000000|  0%| F|  |TAMS 0x000000071ee00000| PB 0x000000071ee00000| Untracked 
| 211|0x000000071f000000, 0x000000071f000000, 0x000000071f200000|  0%| F|  |TAMS 0x000000071f000000| PB 0x000000071f000000| Untracked 
| 212|0x000000071f200000, 0x000000071f200000, 0x000000071f400000|  0%| F|  |TAMS 0x000000071f200000| PB 0x000000071f200000| Untracked 
| 213|0x000000071f400000, 0x000000071f400000, 0x000000071f600000|  0%| F|  |TAMS 0x000000071f400000| PB 0x000000071f400000| Untracked 
| 214|0x000000071f600000, 0x000000071f600000, 0x000000071f800000|  0%| F|  |TAMS 0x000000071f600000| PB 0x000000071f600000| Untracked 
| 215|0x000000071f800000, 0x000000071f800000, 0x000000071fa00000|  0%| F|  |TAMS 0x000000071f800000| PB 0x000000071f800000| Untracked 
| 216|0x000000071fa00000, 0x000000071fa00000, 0x000000071fc00000|  0%| F|  |TAMS 0x000000071fa00000| PB 0x000000071fa00000| Untracked 
| 217|0x000000071fc00000, 0x000000071fc00000, 0x000000071fe00000|  0%| F|  |TAMS 0x000000071fc00000| PB 0x000000071fc00000| Untracked 
| 218|0x000000071fe00000, 0x000000071fe00000, 0x0000000720000000|  0%| F|  |TAMS 0x000000071fe00000| PB 0x000000071fe00000| Untracked 
| 219|0x0000000720000000, 0x0000000720000000, 0x0000000720200000|  0%| F|  |TAMS 0x0000000720000000| PB 0x0000000720000000| Untracked 
| 220|0x0000000720200000, 0x0000000720200000, 0x0000000720400000|  0%| F|  |TAMS 0x0000000720200000| PB 0x0000000720200000| Untracked 
| 221|0x0000000720400000, 0x0000000720400000, 0x0000000720600000|  0%| F|  |TAMS 0x0000000720400000| PB 0x0000000720400000| Untracked 
| 222|0x0000000720600000, 0x0000000720600000, 0x0000000720800000|  0%| F|  |TAMS 0x0000000720600000| PB 0x0000000720600000| Untracked 
| 223|0x0000000720800000, 0x0000000720800000, 0x0000000720a00000|  0%| F|  |TAMS 0x0000000720800000| PB 0x0000000720800000| Untracked 
| 224|0x0000000720a00000, 0x0000000720a00000, 0x0000000720c00000|  0%| F|  |TAMS 0x0000000720a00000| PB 0x0000000720a00000| Untracked 
| 225|0x0000000720c00000, 0x0000000720c00000, 0x0000000720e00000|  0%| F|  |TAMS 0x0000000720c00000| PB 0x0000000720c00000| Untracked 
| 226|0x0000000720e00000, 0x0000000720e00000, 0x0000000721000000|  0%| F|  |TAMS 0x0000000720e00000| PB 0x0000000720e00000| Untracked 
| 227|0x0000000721000000, 0x0000000721000000, 0x0000000721200000|  0%| F|  |TAMS 0x0000000721000000| PB 0x0000000721000000| Untracked 
| 228|0x0000000721200000, 0x0000000721200000, 0x0000000721400000|  0%| F|  |TAMS 0x0000000721200000| PB 0x0000000721200000| Untracked 
| 229|0x0000000721400000, 0x0000000721400000, 0x0000000721600000|  0%| F|  |TAMS 0x0000000721400000| PB 0x0000000721400000| Untracked 
| 230|0x0000000721600000, 0x0000000721600000, 0x0000000721800000|  0%| F|  |TAMS 0x0000000721600000| PB 0x0000000721600000| Untracked 
| 231|0x0000000721800000, 0x0000000721800000, 0x0000000721a00000|  0%| F|  |TAMS 0x0000000721800000| PB 0x0000000721800000| Untracked 
| 232|0x0000000721a00000, 0x0000000721a00000, 0x0000000721c00000|  0%| F|  |TAMS 0x0000000721a00000| PB 0x0000000721a00000| Untracked 
| 233|0x0000000721c00000, 0x0000000721c00000, 0x0000000721e00000|  0%| F|  |TAMS 0x0000000721c00000| PB 0x0000000721c00000| Untracked 
| 234|0x0000000721e00000, 0x0000000721e00000, 0x0000000722000000|  0%| F|  |TAMS 0x0000000721e00000| PB 0x0000000721e00000| Untracked 
| 235|0x0000000722000000, 0x0000000722000000, 0x0000000722200000|  0%| F|  |TAMS 0x0000000722000000| PB 0x0000000722000000| Untracked 
| 236|0x0000000722200000, 0x0000000722200000, 0x0000000722400000|  0%| F|  |TAMS 0x0000000722200000| PB 0x0000000722200000| Untracked 
| 237|0x0000000722400000, 0x0000000722400000, 0x0000000722600000|  0%| F|  |TAMS 0x0000000722400000| PB 0x0000000722400000| Untracked 
| 238|0x0000000722600000, 0x0000000722600000, 0x0000000722800000|  0%| F|  |TAMS 0x0000000722600000| PB 0x0000000722600000| Untracked 
| 239|0x0000000722800000, 0x0000000722800000, 0x0000000722a00000|  0%| F|  |TAMS 0x0000000722800000| PB 0x0000000722800000| Untracked 
| 240|0x0000000722a00000, 0x0000000722a00000, 0x0000000722c00000|  0%| F|  |TAMS 0x0000000722a00000| PB 0x0000000722a00000| Untracked 
| 241|0x0000000722c00000, 0x0000000722c00000, 0x0000000722e00000|  0%| F|  |TAMS 0x0000000722c00000| PB 0x0000000722c00000| Untracked 
| 242|0x0000000722e00000, 0x0000000722e00000, 0x0000000723000000|  0%| F|  |TAMS 0x0000000722e00000| PB 0x0000000722e00000| Untracked 
| 243|0x0000000723000000, 0x0000000723000000, 0x0000000723200000|  0%| F|  |TAMS 0x0000000723000000| PB 0x0000000723000000| Untracked 
| 244|0x0000000723200000, 0x0000000723200000, 0x0000000723400000|  0%| F|  |TAMS 0x0000000723200000| PB 0x0000000723200000| Untracked 
| 245|0x0000000723400000, 0x0000000723400000, 0x0000000723600000|  0%| F|  |TAMS 0x0000000723400000| PB 0x0000000723400000| Untracked 
| 246|0x0000000723600000, 0x0000000723600000, 0x0000000723800000|  0%| F|  |TAMS 0x0000000723600000| PB 0x0000000723600000| Untracked 
| 247|0x0000000723800000, 0x0000000723800000, 0x0000000723a00000|  0%| F|  |TAMS 0x0000000723800000| PB 0x0000000723800000| Untracked 
| 248|0x0000000723a00000, 0x0000000723a00000, 0x0000000723c00000|  0%| F|  |TAMS 0x0000000723a00000| PB 0x0000000723a00000| Untracked 
| 249|0x0000000723c00000, 0x0000000723c00000, 0x0000000723e00000|  0%| F|  |TAMS 0x0000000723c00000| PB 0x0000000723c00000| Untracked 
| 250|0x0000000723e00000, 0x0000000723e00000, 0x0000000724000000|  0%| F|  |TAMS 0x0000000723e00000| PB 0x0000000723e00000| Untracked 
| 251|0x0000000724000000, 0x0000000724000000, 0x0000000724200000|  0%| F|  |TAMS 0x0000000724000000| PB 0x0000000724000000| Untracked 
| 252|0x0000000724200000, 0x0000000724200000, 0x0000000724400000|  0%| F|  |TAMS 0x0000000724200000| PB 0x0000000724200000| Untracked 
| 253|0x0000000724400000, 0x0000000724400000, 0x0000000724600000|  0%| F|  |TAMS 0x0000000724400000| PB 0x0000000724400000| Untracked 
| 254|0x0000000724600000, 0x0000000724600000, 0x0000000724800000|  0%| F|  |TAMS 0x0000000724600000| PB 0x0000000724600000| Untracked 
| 255|0x0000000724800000, 0x0000000724800000, 0x0000000724a00000|  0%| F|  |TAMS 0x0000000724800000| PB 0x0000000724800000| Untracked 
| 256|0x0000000724a00000, 0x0000000724a00000, 0x0000000724c00000|  0%| F|  |TAMS 0x0000000724a00000| PB 0x0000000724a00000| Untracked 
| 257|0x0000000724c00000, 0x0000000724c00000, 0x0000000724e00000|  0%| F|  |TAMS 0x0000000724c00000| PB 0x0000000724c00000| Untracked 
| 258|0x0000000724e00000, 0x0000000724e00000, 0x0000000725000000|  0%| F|  |TAMS 0x0000000724e00000| PB 0x0000000724e00000| Untracked 
| 259|0x0000000725000000, 0x0000000725000000, 0x0000000725200000|  0%| F|  |TAMS 0x0000000725000000| PB 0x0000000725000000| Untracked 
| 260|0x0000000725200000, 0x0000000725200000, 0x0000000725400000|  0%| F|  |TAMS 0x0000000725200000| PB 0x0000000725200000| Untracked 
| 261|0x0000000725400000, 0x0000000725400000, 0x0000000725600000|  0%| F|  |TAMS 0x0000000725400000| PB 0x0000000725400000| Untracked 
| 262|0x0000000725600000, 0x0000000725600000, 0x0000000725800000|  0%| F|  |TAMS 0x0000000725600000| PB 0x0000000725600000| Untracked 
| 263|0x0000000725800000, 0x0000000725800000, 0x0000000725a00000|  0%| F|  |TAMS 0x0000000725800000| PB 0x0000000725800000| Untracked 
| 264|0x0000000725a00000, 0x0000000725a00000, 0x0000000725c00000|  0%| F|  |TAMS 0x0000000725a00000| PB 0x0000000725a00000| Untracked 
| 265|0x0000000725c00000, 0x0000000725c00000, 0x0000000725e00000|  0%| F|  |TAMS 0x0000000725c00000| PB 0x0000000725c00000| Untracked 
| 266|0x0000000725e00000, 0x0000000725e00000, 0x0000000726000000|  0%| F|  |TAMS 0x0000000725e00000| PB 0x0000000725e00000| Untracked 
| 267|0x0000000726000000, 0x0000000726000000, 0x0000000726200000|  0%| F|  |TAMS 0x0000000726000000| PB 0x0000000726000000| Untracked 
| 268|0x0000000726200000, 0x0000000726200000, 0x0000000726400000|  0%| F|  |TAMS 0x0000000726200000| PB 0x0000000726200000| Untracked 
| 269|0x0000000726400000, 0x0000000726400000, 0x0000000726600000|  0%| F|  |TAMS 0x0000000726400000| PB 0x0000000726400000| Untracked 
| 270|0x0000000726600000, 0x0000000726600000, 0x0000000726800000|  0%| F|  |TAMS 0x0000000726600000| PB 0x0000000726600000| Untracked 
| 271|0x0000000726800000, 0x0000000726800000, 0x0000000726a00000|  0%| F|  |TAMS 0x0000000726800000| PB 0x0000000726800000| Untracked 
| 272|0x0000000726a00000, 0x0000000726a00000, 0x0000000726c00000|  0%| F|  |TAMS 0x0000000726a00000| PB 0x0000000726a00000| Untracked 
| 273|0x0000000726c00000, 0x0000000726c00000, 0x0000000726e00000|  0%| F|  |TAMS 0x0000000726c00000| PB 0x0000000726c00000| Untracked 
| 274|0x0000000726e00000, 0x0000000726e00000, 0x0000000727000000|  0%| F|  |TAMS 0x0000000726e00000| PB 0x0000000726e00000| Untracked 
| 275|0x0000000727000000, 0x0000000727000000, 0x0000000727200000|  0%| F|  |TAMS 0x0000000727000000| PB 0x0000000727000000| Untracked 
| 276|0x0000000727200000, 0x0000000727200000, 0x0000000727400000|  0%| F|  |TAMS 0x0000000727200000| PB 0x0000000727200000| Untracked 
| 277|0x0000000727400000, 0x0000000727400000, 0x0000000727600000|  0%| F|  |TAMS 0x0000000727400000| PB 0x0000000727400000| Untracked 
| 278|0x0000000727600000, 0x0000000727600000, 0x0000000727800000|  0%| F|  |TAMS 0x0000000727600000| PB 0x0000000727600000| Untracked 
| 279|0x0000000727800000, 0x0000000727800000, 0x0000000727a00000|  0%| F|  |TAMS 0x0000000727800000| PB 0x0000000727800000| Untracked 
| 280|0x0000000727a00000, 0x0000000727a00000, 0x0000000727c00000|  0%| F|  |TAMS 0x0000000727a00000| PB 0x0000000727a00000| Untracked 
| 281|0x0000000727c00000, 0x0000000727c00000, 0x0000000727e00000|  0%| F|  |TAMS 0x0000000727c00000| PB 0x0000000727c00000| Untracked 
| 282|0x0000000727e00000, 0x0000000727e00000, 0x0000000728000000|  0%| F|  |TAMS 0x0000000727e00000| PB 0x0000000727e00000| Untracked 
| 283|0x0000000728000000, 0x0000000728000000, 0x0000000728200000|  0%| F|  |TAMS 0x0000000728000000| PB 0x0000000728000000| Untracked 
| 284|0x0000000728200000, 0x0000000728200000, 0x0000000728400000|  0%| F|  |TAMS 0x0000000728200000| PB 0x0000000728200000| Untracked 
| 285|0x0000000728400000, 0x0000000728400000, 0x0000000728600000|  0%| F|  |TAMS 0x0000000728400000| PB 0x0000000728400000| Untracked 
| 286|0x0000000728600000, 0x0000000728600000, 0x0000000728800000|  0%| F|  |TAMS 0x0000000728600000| PB 0x0000000728600000| Untracked 
| 287|0x0000000728800000, 0x0000000728800000, 0x0000000728a00000|  0%| F|  |TAMS 0x0000000728800000| PB 0x0000000728800000| Untracked 
| 288|0x0000000728a00000, 0x0000000728a00000, 0x0000000728c00000|  0%| F|  |TAMS 0x0000000728a00000| PB 0x0000000728a00000| Untracked 
| 289|0x0000000728c00000, 0x0000000728c00000, 0x0000000728e00000|  0%| F|  |TAMS 0x0000000728c00000| PB 0x0000000728c00000| Untracked 
| 290|0x0000000728e00000, 0x0000000728e00000, 0x0000000729000000|  0%| F|  |TAMS 0x0000000728e00000| PB 0x0000000728e00000| Untracked 
| 291|0x0000000729000000, 0x0000000729000000, 0x0000000729200000|  0%| F|  |TAMS 0x0000000729000000| PB 0x0000000729000000| Untracked 
| 292|0x0000000729200000, 0x0000000729200000, 0x0000000729400000|  0%| F|  |TAMS 0x0000000729200000| PB 0x0000000729200000| Untracked 
| 293|0x0000000729400000, 0x0000000729400000, 0x0000000729600000|  0%| F|  |TAMS 0x0000000729400000| PB 0x0000000729400000| Untracked 
| 294|0x0000000729600000, 0x0000000729600000, 0x0000000729800000|  0%| F|  |TAMS 0x0000000729600000| PB 0x0000000729600000| Untracked 
| 295|0x0000000729800000, 0x0000000729800000, 0x0000000729a00000|  0%| F|  |TAMS 0x0000000729800000| PB 0x0000000729800000| Untracked 
| 296|0x0000000729a00000, 0x0000000729a00000, 0x0000000729c00000|  0%| F|  |TAMS 0x0000000729a00000| PB 0x0000000729a00000| Untracked 
| 297|0x0000000729c00000, 0x0000000729c00000, 0x0000000729e00000|  0%| F|  |TAMS 0x0000000729c00000| PB 0x0000000729c00000| Untracked 
| 298|0x0000000729e00000, 0x0000000729e00000, 0x000000072a000000|  0%| F|  |TAMS 0x0000000729e00000| PB 0x0000000729e00000| Untracked 
| 299|0x000000072a000000, 0x000000072a000000, 0x000000072a200000|  0%| F|  |TAMS 0x000000072a000000| PB 0x000000072a000000| Untracked 
| 300|0x000000072a200000, 0x000000072a200000, 0x000000072a400000|  0%| F|  |TAMS 0x000000072a200000| PB 0x000000072a200000| Untracked 
| 301|0x000000072a400000, 0x000000072a400000, 0x000000072a600000|  0%| F|  |TAMS 0x000000072a400000| PB 0x000000072a400000| Untracked 
| 302|0x000000072a600000, 0x000000072a600000, 0x000000072a800000|  0%| F|  |TAMS 0x000000072a600000| PB 0x000000072a600000| Untracked 
| 303|0x000000072a800000, 0x000000072a800000, 0x000000072aa00000|  0%| F|  |TAMS 0x000000072a800000| PB 0x000000072a800000| Untracked 
| 304|0x000000072aa00000, 0x000000072aa00000, 0x000000072ac00000|  0%| F|  |TAMS 0x000000072aa00000| PB 0x000000072aa00000| Untracked 
| 305|0x000000072ac00000, 0x000000072ac00000, 0x000000072ae00000|  0%| F|  |TAMS 0x000000072ac00000| PB 0x000000072ac00000| Untracked 
| 306|0x000000072ae00000, 0x000000072ae00000, 0x000000072b000000|  0%| F|  |TAMS 0x000000072ae00000| PB 0x000000072ae00000| Untracked 
| 307|0x000000072b000000, 0x000000072b000000, 0x000000072b200000|  0%| F|  |TAMS 0x000000072b000000| PB 0x000000072b000000| Untracked 
| 308|0x000000072b200000, 0x000000072b200000, 0x000000072b400000|  0%| F|  |TAMS 0x000000072b200000| PB 0x000000072b200000| Untracked 
| 309|0x000000072b400000, 0x000000072b400000, 0x000000072b600000|  0%| F|  |TAMS 0x000000072b400000| PB 0x000000072b400000| Untracked 
| 310|0x000000072b600000, 0x000000072b600000, 0x000000072b800000|  0%| F|  |TAMS 0x000000072b600000| PB 0x000000072b600000| Untracked 
| 311|0x000000072b800000, 0x000000072b800000, 0x000000072ba00000|  0%| F|  |TAMS 0x000000072b800000| PB 0x000000072b800000| Untracked 
| 312|0x000000072ba00000, 0x000000072ba00000, 0x000000072bc00000|  0%| F|  |TAMS 0x000000072ba00000| PB 0x000000072ba00000| Untracked 
| 313|0x000000072bc00000, 0x000000072bc00000, 0x000000072be00000|  0%| F|  |TAMS 0x000000072bc00000| PB 0x000000072bc00000| Untracked 
| 314|0x000000072be00000, 0x000000072be00000, 0x000000072c000000|  0%| F|  |TAMS 0x000000072be00000| PB 0x000000072be00000| Untracked 
| 315|0x000000072c000000, 0x000000072c000000, 0x000000072c200000|  0%| F|  |TAMS 0x000000072c000000| PB 0x000000072c000000| Untracked 
| 316|0x000000072c200000, 0x000000072c200000, 0x000000072c400000|  0%| F|  |TAMS 0x000000072c200000| PB 0x000000072c200000| Untracked 
| 317|0x000000072c400000, 0x000000072c400000, 0x000000072c600000|  0%| F|  |TAMS 0x000000072c400000| PB 0x000000072c400000| Untracked 
| 318|0x000000072c600000, 0x000000072c600000, 0x000000072c800000|  0%| F|  |TAMS 0x000000072c600000| PB 0x000000072c600000| Untracked 
| 319|0x000000072c800000, 0x000000072c800000, 0x000000072ca00000|  0%| F|  |TAMS 0x000000072c800000| PB 0x000000072c800000| Untracked 
| 320|0x000000072ca00000, 0x000000072ca00000, 0x000000072cc00000|  0%| F|  |TAMS 0x000000072ca00000| PB 0x000000072ca00000| Untracked 
| 321|0x000000072cc00000, 0x000000072cc00000, 0x000000072ce00000|  0%| F|  |TAMS 0x000000072cc00000| PB 0x000000072cc00000| Untracked 
| 322|0x000000072ce00000, 0x000000072ce00000, 0x000000072d000000|  0%| F|  |TAMS 0x000000072ce00000| PB 0x000000072ce00000| Untracked 
| 323|0x000000072d000000, 0x000000072d000000, 0x000000072d200000|  0%| F|  |TAMS 0x000000072d000000| PB 0x000000072d000000| Untracked 
| 324|0x000000072d200000, 0x000000072d200000, 0x000000072d400000|  0%| F|  |TAMS 0x000000072d200000| PB 0x000000072d200000| Untracked 
| 325|0x000000072d400000, 0x000000072d400000, 0x000000072d600000|  0%| F|  |TAMS 0x000000072d400000| PB 0x000000072d400000| Untracked 
| 326|0x000000072d600000, 0x000000072d600000, 0x000000072d800000|  0%| F|  |TAMS 0x000000072d600000| PB 0x000000072d600000| Untracked 
| 327|0x000000072d800000, 0x000000072d800000, 0x000000072da00000|  0%| F|  |TAMS 0x000000072d800000| PB 0x000000072d800000| Untracked 
| 328|0x000000072da00000, 0x000000072da00000, 0x000000072dc00000|  0%| F|  |TAMS 0x000000072da00000| PB 0x000000072da00000| Untracked 
| 329|0x000000072dc00000, 0x000000072dc00000, 0x000000072de00000|  0%| F|  |TAMS 0x000000072dc00000| PB 0x000000072dc00000| Untracked 
| 330|0x000000072de00000, 0x000000072de00000, 0x000000072e000000|  0%| F|  |TAMS 0x000000072de00000| PB 0x000000072de00000| Untracked 
| 331|0x000000072e000000, 0x000000072e000000, 0x000000072e200000|  0%| F|  |TAMS 0x000000072e000000| PB 0x000000072e000000| Untracked 
| 332|0x000000072e200000, 0x000000072e200000, 0x000000072e400000|  0%| F|  |TAMS 0x000000072e200000| PB 0x000000072e200000| Untracked 
| 333|0x000000072e400000, 0x000000072e400000, 0x000000072e600000|  0%| F|  |TAMS 0x000000072e400000| PB 0x000000072e400000| Untracked 
| 334|0x000000072e600000, 0x000000072e600000, 0x000000072e800000|  0%| F|  |TAMS 0x000000072e600000| PB 0x000000072e600000| Untracked 
| 335|0x000000072e800000, 0x000000072e800000, 0x000000072ea00000|  0%| F|  |TAMS 0x000000072e800000| PB 0x000000072e800000| Untracked 
| 336|0x000000072ea00000, 0x000000072ea00000, 0x000000072ec00000|  0%| F|  |TAMS 0x000000072ea00000| PB 0x000000072ea00000| Untracked 
| 337|0x000000072ec00000, 0x000000072ec00000, 0x000000072ee00000|  0%| F|  |TAMS 0x000000072ec00000| PB 0x000000072ec00000| Untracked 
| 338|0x000000072ee00000, 0x000000072ee00000, 0x000000072f000000|  0%| F|  |TAMS 0x000000072ee00000| PB 0x000000072ee00000| Untracked 
| 339|0x000000072f000000, 0x000000072f000000, 0x000000072f200000|  0%| F|  |TAMS 0x000000072f000000| PB 0x000000072f000000| Untracked 
| 340|0x000000072f200000, 0x000000072f200000, 0x000000072f400000|  0%| F|  |TAMS 0x000000072f200000| PB 0x000000072f200000| Untracked 
| 341|0x000000072f400000, 0x000000072f400000, 0x000000072f600000|  0%| F|  |TAMS 0x000000072f400000| PB 0x000000072f400000| Untracked 
| 342|0x000000072f600000, 0x000000072f600000, 0x000000072f800000|  0%| F|  |TAMS 0x000000072f600000| PB 0x000000072f600000| Untracked 
| 343|0x000000072f800000, 0x000000072f800000, 0x000000072fa00000|  0%| F|  |TAMS 0x000000072f800000| PB 0x000000072f800000| Untracked 
| 344|0x000000072fa00000, 0x000000072fa00000, 0x000000072fc00000|  0%| F|  |TAMS 0x000000072fa00000| PB 0x000000072fa00000| Untracked 
| 345|0x000000072fc00000, 0x000000072fc00000, 0x000000072fe00000|  0%| F|  |TAMS 0x000000072fc00000| PB 0x000000072fc00000| Untracked 
| 346|0x000000072fe00000, 0x000000072fe00000, 0x0000000730000000|  0%| F|  |TAMS 0x000000072fe00000| PB 0x000000072fe00000| Untracked 
| 347|0x0000000730000000, 0x0000000730000000, 0x0000000730200000|  0%| F|  |TAMS 0x0000000730000000| PB 0x0000000730000000| Untracked 
| 348|0x0000000730200000, 0x0000000730400000, 0x0000000730400000|100%|HS|  |TAMS 0x0000000730400000| PB 0x0000000730200000| Complete 
| 349|0x0000000730400000, 0x0000000730600000, 0x0000000730600000|100%|HC|  |TAMS 0x0000000730600000| PB 0x0000000730400000| Complete 
| 350|0x0000000730600000, 0x0000000730800000, 0x0000000730800000|100%|HC|  |TAMS 0x0000000730800000| PB 0x0000000730600000| Complete 
| 351|0x0000000730800000, 0x0000000730800000, 0x0000000730a00000|  0%| F|  |TAMS 0x0000000730800000| PB 0x0000000730800000| Untracked 
| 352|0x0000000730a00000, 0x0000000730a00000, 0x0000000730c00000|  0%| F|  |TAMS 0x0000000730a00000| PB 0x0000000730a00000| Untracked 
| 353|0x0000000730c00000, 0x0000000730c00000, 0x0000000730e00000|  0%| F|  |TAMS 0x0000000730c00000| PB 0x0000000730c00000| Untracked 
| 354|0x0000000730e00000, 0x0000000730e00000, 0x0000000731000000|  0%| F|  |TAMS 0x0000000730e00000| PB 0x0000000730e00000| Untracked 
| 355|0x0000000731000000, 0x0000000731000000, 0x0000000731200000|  0%| F|  |TAMS 0x0000000731000000| PB 0x0000000731000000| Untracked 
| 356|0x0000000731200000, 0x0000000731200000, 0x0000000731400000|  0%| F|  |TAMS 0x0000000731200000| PB 0x0000000731200000| Untracked 
| 357|0x0000000731400000, 0x0000000731400000, 0x0000000731600000|  0%| F|  |TAMS 0x0000000731400000| PB 0x0000000731400000| Untracked 
| 358|0x0000000731600000, 0x0000000731600000, 0x0000000731800000|  0%| F|  |TAMS 0x0000000731600000| PB 0x0000000731600000| Untracked 
| 359|0x0000000731800000, 0x0000000731800000, 0x0000000731a00000|  0%| F|  |TAMS 0x0000000731800000| PB 0x0000000731800000| Untracked 
| 360|0x0000000731a00000, 0x0000000731a00000, 0x0000000731c00000|  0%| F|  |TAMS 0x0000000731a00000| PB 0x0000000731a00000| Untracked 
| 361|0x0000000731c00000, 0x0000000731c00000, 0x0000000731e00000|  0%| F|  |TAMS 0x0000000731c00000| PB 0x0000000731c00000| Untracked 
| 362|0x0000000731e00000, 0x0000000731e00000, 0x0000000732000000|  0%| F|  |TAMS 0x0000000731e00000| PB 0x0000000731e00000| Untracked 
| 363|0x0000000732000000, 0x0000000732000000, 0x0000000732200000|  0%| F|  |TAMS 0x0000000732000000| PB 0x0000000732000000| Untracked 
| 364|0x0000000732200000, 0x0000000732200000, 0x0000000732400000|  0%| F|  |TAMS 0x0000000732200000| PB 0x0000000732200000| Untracked 
| 365|0x0000000732400000, 0x0000000732400000, 0x0000000732600000|  0%| F|  |TAMS 0x0000000732400000| PB 0x0000000732400000| Untracked 
| 366|0x0000000732600000, 0x0000000732600000, 0x0000000732800000|  0%| F|  |TAMS 0x0000000732600000| PB 0x0000000732600000| Untracked 
| 367|0x0000000732800000, 0x0000000732800000, 0x0000000732a00000|  0%| F|  |TAMS 0x0000000732800000| PB 0x0000000732800000| Untracked 
| 368|0x0000000732a00000, 0x0000000732a00000, 0x0000000732c00000|  0%| F|  |TAMS 0x0000000732a00000| PB 0x0000000732a00000| Untracked 
| 369|0x0000000732c00000, 0x0000000732c00000, 0x0000000732e00000|  0%| F|  |TAMS 0x0000000732c00000| PB 0x0000000732c00000| Untracked 
| 370|0x0000000732e00000, 0x0000000732e00000, 0x0000000733000000|  0%| F|  |TAMS 0x0000000732e00000| PB 0x0000000732e00000| Untracked 
| 371|0x0000000733000000, 0x0000000733000000, 0x0000000733200000|  0%| F|  |TAMS 0x0000000733000000| PB 0x0000000733000000| Untracked 
| 372|0x0000000733200000, 0x0000000733200000, 0x0000000733400000|  0%| F|  |TAMS 0x0000000733200000| PB 0x0000000733200000| Untracked 
| 373|0x0000000733400000, 0x0000000733400000, 0x0000000733600000|  0%| F|  |TAMS 0x0000000733400000| PB 0x0000000733400000| Untracked 
| 374|0x0000000733600000, 0x0000000733600000, 0x0000000733800000|  0%| F|  |TAMS 0x0000000733600000| PB 0x0000000733600000| Untracked 
| 375|0x0000000733800000, 0x0000000733800000, 0x0000000733a00000|  0%| F|  |TAMS 0x0000000733800000| PB 0x0000000733800000| Untracked 
| 376|0x0000000733a00000, 0x0000000733a00000, 0x0000000733c00000|  0%| F|  |TAMS 0x0000000733a00000| PB 0x0000000733a00000| Untracked 
| 377|0x0000000733c00000, 0x0000000733c00000, 0x0000000733e00000|  0%| F|  |TAMS 0x0000000733c00000| PB 0x0000000733c00000| Untracked 
| 378|0x0000000733e00000, 0x0000000733e00000, 0x0000000734000000|  0%| F|  |TAMS 0x0000000733e00000| PB 0x0000000733e00000| Untracked 
| 379|0x0000000734000000, 0x0000000734000000, 0x0000000734200000|  0%| F|  |TAMS 0x0000000734000000| PB 0x0000000734000000| Untracked 
| 380|0x0000000734200000, 0x0000000734200000, 0x0000000734400000|  0%| F|  |TAMS 0x0000000734200000| PB 0x0000000734200000| Untracked 
| 381|0x0000000734400000, 0x0000000734400000, 0x0000000734600000|  0%| F|  |TAMS 0x0000000734400000| PB 0x0000000734400000| Untracked 
| 382|0x0000000734600000, 0x0000000734600000, 0x0000000734800000|  0%| F|  |TAMS 0x0000000734600000| PB 0x0000000734600000| Untracked 
| 383|0x0000000734800000, 0x0000000734800000, 0x0000000734a00000|  0%| F|  |TAMS 0x0000000734800000| PB 0x0000000734800000| Untracked 
| 384|0x0000000734a00000, 0x0000000734a00000, 0x0000000734c00000|  0%| F|  |TAMS 0x0000000734a00000| PB 0x0000000734a00000| Untracked 
| 385|0x0000000734c00000, 0x0000000734c00000, 0x0000000734e00000|  0%| F|  |TAMS 0x0000000734c00000| PB 0x0000000734c00000| Untracked 
| 386|0x0000000734e00000, 0x0000000734e00000, 0x0000000735000000|  0%| F|  |TAMS 0x0000000734e00000| PB 0x0000000734e00000| Untracked 
| 387|0x0000000735000000, 0x0000000735000000, 0x0000000735200000|  0%| F|  |TAMS 0x0000000735000000| PB 0x0000000735000000| Untracked 
| 388|0x0000000735200000, 0x0000000735200000, 0x0000000735400000|  0%| F|  |TAMS 0x0000000735200000| PB 0x0000000735200000| Untracked 
| 389|0x0000000735400000, 0x0000000735400000, 0x0000000735600000|  0%| F|  |TAMS 0x0000000735400000| PB 0x0000000735400000| Untracked 
| 390|0x0000000735600000, 0x0000000735600000, 0x0000000735800000|  0%| F|  |TAMS 0x0000000735600000| PB 0x0000000735600000| Untracked 
| 391|0x0000000735800000, 0x0000000735800000, 0x0000000735a00000|  0%| F|  |TAMS 0x0000000735800000| PB 0x0000000735800000| Untracked 
| 392|0x0000000735a00000, 0x0000000735a00000, 0x0000000735c00000|  0%| F|  |TAMS 0x0000000735a00000| PB 0x0000000735a00000| Untracked 
| 393|0x0000000735c00000, 0x0000000735c00000, 0x0000000735e00000|  0%| F|  |TAMS 0x0000000735c00000| PB 0x0000000735c00000| Untracked 
| 394|0x0000000735e00000, 0x0000000735e00000, 0x0000000736000000|  0%| F|  |TAMS 0x0000000735e00000| PB 0x0000000735e00000| Untracked 
| 395|0x0000000736000000, 0x0000000736000000, 0x0000000736200000|  0%| F|  |TAMS 0x0000000736000000| PB 0x0000000736000000| Untracked 
| 396|0x0000000736200000, 0x0000000736200000, 0x0000000736400000|  0%| F|  |TAMS 0x0000000736200000| PB 0x0000000736200000| Untracked 
| 397|0x0000000736400000, 0x0000000736400000, 0x0000000736600000|  0%| F|  |TAMS 0x0000000736400000| PB 0x0000000736400000| Untracked 
| 398|0x0000000736600000, 0x0000000736600000, 0x0000000736800000|  0%| F|  |TAMS 0x0000000736600000| PB 0x0000000736600000| Untracked 
| 399|0x0000000736800000, 0x0000000736800000, 0x0000000736a00000|  0%| F|  |TAMS 0x0000000736800000| PB 0x0000000736800000| Untracked 
| 400|0x0000000736a00000, 0x0000000736a00000, 0x0000000736c00000|  0%| F|  |TAMS 0x0000000736a00000| PB 0x0000000736a00000| Untracked 
| 401|0x0000000736c00000, 0x0000000736c00000, 0x0000000736e00000|  0%| F|  |TAMS 0x0000000736c00000| PB 0x0000000736c00000| Untracked 
| 402|0x0000000736e00000, 0x0000000736e00000, 0x0000000737000000|  0%| F|  |TAMS 0x0000000736e00000| PB 0x0000000736e00000| Untracked 
| 403|0x0000000737000000, 0x0000000737000000, 0x0000000737200000|  0%| F|  |TAMS 0x0000000737000000| PB 0x0000000737000000| Untracked 
| 404|0x0000000737200000, 0x0000000737200000, 0x0000000737400000|  0%| F|  |TAMS 0x0000000737200000| PB 0x0000000737200000| Untracked 
| 405|0x0000000737400000, 0x0000000737400000, 0x0000000737600000|  0%| F|  |TAMS 0x0000000737400000| PB 0x0000000737400000| Untracked 
| 406|0x0000000737600000, 0x0000000737600000, 0x0000000737800000|  0%| F|  |TAMS 0x0000000737600000| PB 0x0000000737600000| Untracked 
| 407|0x0000000737800000, 0x0000000737800000, 0x0000000737a00000|  0%| F|  |TAMS 0x0000000737800000| PB 0x0000000737800000| Untracked 
| 408|0x0000000737a00000, 0x0000000737a00000, 0x0000000737c00000|  0%| F|  |TAMS 0x0000000737a00000| PB 0x0000000737a00000| Untracked 
| 409|0x0000000737c00000, 0x0000000737c00000, 0x0000000737e00000|  0%| F|  |TAMS 0x0000000737c00000| PB 0x0000000737c00000| Untracked 
| 410|0x0000000737e00000, 0x0000000737e00000, 0x0000000738000000|  0%| F|  |TAMS 0x0000000737e00000| PB 0x0000000737e00000| Untracked 
| 411|0x0000000738000000, 0x0000000738000000, 0x0000000738200000|  0%| F|  |TAMS 0x0000000738000000| PB 0x0000000738000000| Untracked 
| 412|0x0000000738200000, 0x0000000738200000, 0x0000000738400000|  0%| F|  |TAMS 0x0000000738200000| PB 0x0000000738200000| Untracked 
| 413|0x0000000738400000, 0x0000000738400000, 0x0000000738600000|  0%| F|  |TAMS 0x0000000738400000| PB 0x0000000738400000| Untracked 
| 414|0x0000000738600000, 0x0000000738600000, 0x0000000738800000|  0%| F|  |TAMS 0x0000000738600000| PB 0x0000000738600000| Untracked 
| 415|0x0000000738800000, 0x0000000738800000, 0x0000000738a00000|  0%| F|  |TAMS 0x0000000738800000| PB 0x0000000738800000| Untracked 
| 416|0x0000000738a00000, 0x0000000738a00000, 0x0000000738c00000|  0%| F|  |TAMS 0x0000000738a00000| PB 0x0000000738a00000| Untracked 
| 417|0x0000000738c00000, 0x0000000738c00000, 0x0000000738e00000|  0%| F|  |TAMS 0x0000000738c00000| PB 0x0000000738c00000| Untracked 
| 418|0x0000000738e00000, 0x0000000738e00000, 0x0000000739000000|  0%| F|  |TAMS 0x0000000738e00000| PB 0x0000000738e00000| Untracked 
| 419|0x0000000739000000, 0x0000000739000000, 0x0000000739200000|  0%| F|  |TAMS 0x0000000739000000| PB 0x0000000739000000| Untracked 
| 420|0x0000000739200000, 0x0000000739200000, 0x0000000739400000|  0%| F|  |TAMS 0x0000000739200000| PB 0x0000000739200000| Untracked 
| 421|0x0000000739400000, 0x0000000739400000, 0x0000000739600000|  0%| F|  |TAMS 0x0000000739400000| PB 0x0000000739400000| Untracked 
| 422|0x0000000739600000, 0x0000000739600000, 0x0000000739800000|  0%| F|  |TAMS 0x0000000739600000| PB 0x0000000739600000| Untracked 
| 423|0x0000000739800000, 0x0000000739800000, 0x0000000739a00000|  0%| F|  |TAMS 0x0000000739800000| PB 0x0000000739800000| Untracked 
| 424|0x0000000739a00000, 0x0000000739a00000, 0x0000000739c00000|  0%| F|  |TAMS 0x0000000739a00000| PB 0x0000000739a00000| Untracked 
| 425|0x0000000739c00000, 0x0000000739c00000, 0x0000000739e00000|  0%| F|  |TAMS 0x0000000739c00000| PB 0x0000000739c00000| Untracked 
| 426|0x0000000739e00000, 0x0000000739e00000, 0x000000073a000000|  0%| F|  |TAMS 0x0000000739e00000| PB 0x0000000739e00000| Untracked 
| 427|0x000000073a000000, 0x000000073a000000, 0x000000073a200000|  0%| F|  |TAMS 0x000000073a000000| PB 0x000000073a000000| Untracked 
| 428|0x000000073a200000, 0x000000073a200000, 0x000000073a400000|  0%| F|  |TAMS 0x000000073a200000| PB 0x000000073a200000| Untracked 
| 429|0x000000073a400000, 0x000000073a400000, 0x000000073a600000|  0%| F|  |TAMS 0x000000073a400000| PB 0x000000073a400000| Untracked 
| 430|0x000000073a600000, 0x000000073a600000, 0x000000073a800000|  0%| F|  |TAMS 0x000000073a600000| PB 0x000000073a600000| Untracked 
| 431|0x000000073a800000, 0x000000073a800000, 0x000000073aa00000|  0%| F|  |TAMS 0x000000073a800000| PB 0x000000073a800000| Untracked 
| 432|0x000000073aa00000, 0x000000073aa00000, 0x000000073ac00000|  0%| F|  |TAMS 0x000000073aa00000| PB 0x000000073aa00000| Untracked 
| 433|0x000000073ac00000, 0x000000073ac00000, 0x000000073ae00000|  0%| F|  |TAMS 0x000000073ac00000| PB 0x000000073ac00000| Untracked 
| 434|0x000000073ae00000, 0x000000073ae00000, 0x000000073b000000|  0%| F|  |TAMS 0x000000073ae00000| PB 0x000000073ae00000| Untracked 
| 435|0x000000073b000000, 0x000000073b000000, 0x000000073b200000|  0%| F|  |TAMS 0x000000073b000000| PB 0x000000073b000000| Untracked 
| 436|0x000000073b200000, 0x000000073b200000, 0x000000073b400000|  0%| F|  |TAMS 0x000000073b200000| PB 0x000000073b200000| Untracked 
| 437|0x000000073b400000, 0x000000073b400000, 0x000000073b600000|  0%| F|  |TAMS 0x000000073b400000| PB 0x000000073b400000| Untracked 
| 438|0x000000073b600000, 0x000000073b600000, 0x000000073b800000|  0%| F|  |TAMS 0x000000073b600000| PB 0x000000073b600000| Untracked 
| 439|0x000000073b800000, 0x000000073b800000, 0x000000073ba00000|  0%| F|  |TAMS 0x000000073b800000| PB 0x000000073b800000| Untracked 
| 440|0x000000073ba00000, 0x000000073ba00000, 0x000000073bc00000|  0%| F|  |TAMS 0x000000073ba00000| PB 0x000000073ba00000| Untracked 
| 441|0x000000073bc00000, 0x000000073bc00000, 0x000000073be00000|  0%| F|  |TAMS 0x000000073bc00000| PB 0x000000073bc00000| Untracked 
| 442|0x000000073be00000, 0x000000073be00000, 0x000000073c000000|  0%| F|  |TAMS 0x000000073be00000| PB 0x000000073be00000| Untracked 
| 443|0x000000073c000000, 0x000000073c000000, 0x000000073c200000|  0%| F|  |TAMS 0x000000073c000000| PB 0x000000073c000000| Untracked 
| 444|0x000000073c200000, 0x000000073c200000, 0x000000073c400000|  0%| F|  |TAMS 0x000000073c200000| PB 0x000000073c200000| Untracked 
| 445|0x000000073c400000, 0x000000073c400000, 0x000000073c600000|  0%| F|  |TAMS 0x000000073c400000| PB 0x000000073c400000| Untracked 
| 446|0x000000073c600000, 0x000000073c600000, 0x000000073c800000|  0%| F|  |TAMS 0x000000073c600000| PB 0x000000073c600000| Untracked 
| 447|0x000000073c800000, 0x000000073c800000, 0x000000073ca00000|  0%| F|  |TAMS 0x000000073c800000| PB 0x000000073c800000| Untracked 
| 448|0x000000073ca00000, 0x000000073ca00000, 0x000000073cc00000|  0%| F|  |TAMS 0x000000073ca00000| PB 0x000000073ca00000| Untracked 
| 449|0x000000073cc00000, 0x000000073cc00000, 0x000000073ce00000|  0%| F|  |TAMS 0x000000073cc00000| PB 0x000000073cc00000| Untracked 
| 450|0x000000073ce00000, 0x000000073ce00000, 0x000000073d000000|  0%| F|  |TAMS 0x000000073ce00000| PB 0x000000073ce00000| Untracked 
| 451|0x000000073d000000, 0x000000073d000000, 0x000000073d200000|  0%| F|  |TAMS 0x000000073d000000| PB 0x000000073d000000| Untracked 
| 452|0x000000073d200000, 0x000000073d200000, 0x000000073d400000|  0%| F|  |TAMS 0x000000073d200000| PB 0x000000073d200000| Untracked 
| 453|0x000000073d400000, 0x000000073d400000, 0x000000073d600000|  0%| F|  |TAMS 0x000000073d400000| PB 0x000000073d400000| Untracked 
| 454|0x000000073d600000, 0x000000073d600000, 0x000000073d800000|  0%| F|  |TAMS 0x000000073d600000| PB 0x000000073d600000| Untracked 
| 455|0x000000073d800000, 0x000000073d800000, 0x000000073da00000|  0%| F|  |TAMS 0x000000073d800000| PB 0x000000073d800000| Untracked 
| 456|0x000000073da00000, 0x000000073da00000, 0x000000073dc00000|  0%| F|  |TAMS 0x000000073da00000| PB 0x000000073da00000| Untracked 
| 457|0x000000073dc00000, 0x000000073dc00000, 0x000000073de00000|  0%| F|  |TAMS 0x000000073dc00000| PB 0x000000073dc00000| Untracked 
| 458|0x000000073de00000, 0x000000073de00000, 0x000000073e000000|  0%| F|  |TAMS 0x000000073de00000| PB 0x000000073de00000| Untracked 
| 459|0x000000073e000000, 0x000000073e000000, 0x000000073e200000|  0%| F|  |TAMS 0x000000073e000000| PB 0x000000073e000000| Untracked 
| 460|0x000000073e200000, 0x000000073e200000, 0x000000073e400000|  0%| F|  |TAMS 0x000000073e200000| PB 0x000000073e200000| Untracked 
| 461|0x000000073e400000, 0x000000073e400000, 0x000000073e600000|  0%| F|  |TAMS 0x000000073e400000| PB 0x000000073e400000| Untracked 
| 462|0x000000073e600000, 0x000000073e600000, 0x000000073e800000|  0%| F|  |TAMS 0x000000073e600000| PB 0x000000073e600000| Untracked 
| 463|0x000000073e800000, 0x000000073e800000, 0x000000073ea00000|  0%| F|  |TAMS 0x000000073e800000| PB 0x000000073e800000| Untracked 
| 464|0x000000073ea00000, 0x000000073ea00000, 0x000000073ec00000|  0%| F|  |TAMS 0x000000073ea00000| PB 0x000000073ea00000| Untracked 
| 465|0x000000073ec00000, 0x000000073ec00000, 0x000000073ee00000|  0%| F|  |TAMS 0x000000073ec00000| PB 0x000000073ec00000| Untracked 
| 466|0x000000073ee00000, 0x000000073ee00000, 0x000000073f000000|  0%| F|  |TAMS 0x000000073ee00000| PB 0x000000073ee00000| Untracked 
| 467|0x000000073f000000, 0x000000073f000000, 0x000000073f200000|  0%| F|  |TAMS 0x000000073f000000| PB 0x000000073f000000| Untracked 
| 468|0x000000073f200000, 0x000000073f200000, 0x000000073f400000|  0%| F|  |TAMS 0x000000073f200000| PB 0x000000073f200000| Untracked 
| 469|0x000000073f400000, 0x000000073f400000, 0x000000073f600000|  0%| F|  |TAMS 0x000000073f400000| PB 0x000000073f400000| Untracked 
| 470|0x000000073f600000, 0x000000073f600000, 0x000000073f800000|  0%| F|  |TAMS 0x000000073f600000| PB 0x000000073f600000| Untracked 
| 471|0x000000073f800000, 0x000000073f800000, 0x000000073fa00000|  0%| F|  |TAMS 0x000000073f800000| PB 0x000000073f800000| Untracked 
| 472|0x000000073fa00000, 0x000000073fa00000, 0x000000073fc00000|  0%| F|  |TAMS 0x000000073fa00000| PB 0x000000073fa00000| Untracked 
| 473|0x000000073fc00000, 0x000000073fc00000, 0x000000073fe00000|  0%| F|  |TAMS 0x000000073fc00000| PB 0x000000073fc00000| Untracked 
| 474|0x000000073fe00000, 0x000000073fe00000, 0x0000000740000000|  0%| F|  |TAMS 0x000000073fe00000| PB 0x000000073fe00000| Untracked 
| 475|0x0000000740000000, 0x0000000740000000, 0x0000000740200000|  0%| F|  |TAMS 0x0000000740000000| PB 0x0000000740000000| Untracked 
| 476|0x0000000740200000, 0x0000000740200000, 0x0000000740400000|  0%| F|  |TAMS 0x0000000740200000| PB 0x0000000740200000| Untracked 
| 477|0x0000000740400000, 0x0000000740400000, 0x0000000740600000|  0%| F|  |TAMS 0x0000000740400000| PB 0x0000000740400000| Untracked 
| 478|0x0000000740600000, 0x0000000740600000, 0x0000000740800000|  0%| F|  |TAMS 0x0000000740600000| PB 0x0000000740600000| Untracked 
| 479|0x0000000740800000, 0x0000000740800000, 0x0000000740a00000|  0%| F|  |TAMS 0x0000000740800000| PB 0x0000000740800000| Untracked 
| 480|0x0000000740a00000, 0x0000000740a00000, 0x0000000740c00000|  0%| F|  |TAMS 0x0000000740a00000| PB 0x0000000740a00000| Untracked 
| 481|0x0000000740c00000, 0x0000000740c00000, 0x0000000740e00000|  0%| F|  |TAMS 0x0000000740c00000| PB 0x0000000740c00000| Untracked 
| 482|0x0000000740e00000, 0x0000000740e00000, 0x0000000741000000|  0%| F|  |TAMS 0x0000000740e00000| PB 0x0000000740e00000| Untracked 
| 483|0x0000000741000000, 0x0000000741000000, 0x0000000741200000|  0%| F|  |TAMS 0x0000000741000000| PB 0x0000000741000000| Untracked 
| 484|0x0000000741200000, 0x0000000741200000, 0x0000000741400000|  0%| F|  |TAMS 0x0000000741200000| PB 0x0000000741200000| Untracked 
| 485|0x0000000741400000, 0x0000000741400000, 0x0000000741600000|  0%| F|  |TAMS 0x0000000741400000| PB 0x0000000741400000| Untracked 
| 486|0x0000000741600000, 0x0000000741600000, 0x0000000741800000|  0%| F|  |TAMS 0x0000000741600000| PB 0x0000000741600000| Untracked 
| 487|0x0000000741800000, 0x0000000741800000, 0x0000000741a00000|  0%| F|  |TAMS 0x0000000741800000| PB 0x0000000741800000| Untracked 
| 488|0x0000000741a00000, 0x0000000741a00000, 0x0000000741c00000|  0%| F|  |TAMS 0x0000000741a00000| PB 0x0000000741a00000| Untracked 
| 489|0x0000000741c00000, 0x0000000741c00000, 0x0000000741e00000|  0%| F|  |TAMS 0x0000000741c00000| PB 0x0000000741c00000| Untracked 
| 490|0x0000000741e00000, 0x0000000741e00000, 0x0000000742000000|  0%| F|  |TAMS 0x0000000741e00000| PB 0x0000000741e00000| Untracked 
| 491|0x0000000742000000, 0x0000000742000000, 0x0000000742200000|  0%| F|  |TAMS 0x0000000742000000| PB 0x0000000742000000| Untracked 
| 492|0x0000000742200000, 0x0000000742200000, 0x0000000742400000|  0%| F|  |TAMS 0x0000000742200000| PB 0x0000000742200000| Untracked 
| 493|0x0000000742400000, 0x0000000742400000, 0x0000000742600000|  0%| F|  |TAMS 0x0000000742400000| PB 0x0000000742400000| Untracked 
| 494|0x0000000742600000, 0x0000000742600000, 0x0000000742800000|  0%| F|  |TAMS 0x0000000742600000| PB 0x0000000742600000| Untracked 
| 495|0x0000000742800000, 0x0000000742800000, 0x0000000742a00000|  0%| F|  |TAMS 0x0000000742800000| PB 0x0000000742800000| Untracked 
| 496|0x0000000742a00000, 0x0000000742a00000, 0x0000000742c00000|  0%| F|  |TAMS 0x0000000742a00000| PB 0x0000000742a00000| Untracked 
| 497|0x0000000742c00000, 0x0000000742c00000, 0x0000000742e00000|  0%| F|  |TAMS 0x0000000742c00000| PB 0x0000000742c00000| Untracked 
| 498|0x0000000742e00000, 0x0000000742e00000, 0x0000000743000000|  0%| F|  |TAMS 0x0000000742e00000| PB 0x0000000742e00000| Untracked 
| 499|0x0000000743000000, 0x0000000743000000, 0x0000000743200000|  0%| F|  |TAMS 0x0000000743000000| PB 0x0000000743000000| Untracked 
| 500|0x0000000743200000, 0x0000000743200000, 0x0000000743400000|  0%| F|  |TAMS 0x0000000743200000| PB 0x0000000743200000| Untracked 
| 501|0x0000000743400000, 0x0000000743400000, 0x0000000743600000|  0%| F|  |TAMS 0x0000000743400000| PB 0x0000000743400000| Untracked 
| 502|0x0000000743600000, 0x0000000743600000, 0x0000000743800000|  0%| F|  |TAMS 0x0000000743600000| PB 0x0000000743600000| Untracked 
| 503|0x0000000743800000, 0x0000000743800000, 0x0000000743a00000|  0%| F|  |TAMS 0x0000000743800000| PB 0x0000000743800000| Untracked 
| 504|0x0000000743a00000, 0x0000000743a00000, 0x0000000743c00000|  0%| F|  |TAMS 0x0000000743a00000| PB 0x0000000743a00000| Untracked 
| 505|0x0000000743c00000, 0x0000000743c00000, 0x0000000743e00000|  0%| F|  |TAMS 0x0000000743c00000| PB 0x0000000743c00000| Untracked 
| 506|0x0000000743e00000, 0x0000000743e00000, 0x0000000744000000|  0%| F|  |TAMS 0x0000000743e00000| PB 0x0000000743e00000| Untracked 
| 507|0x0000000744000000, 0x0000000744000000, 0x0000000744200000|  0%| F|  |TAMS 0x0000000744000000| PB 0x0000000744000000| Untracked 
| 508|0x0000000744200000, 0x0000000744200000, 0x0000000744400000|  0%| F|  |TAMS 0x0000000744200000| PB 0x0000000744200000| Untracked 
| 509|0x0000000744400000, 0x0000000744400000, 0x0000000744600000|  0%| F|  |TAMS 0x0000000744400000| PB 0x0000000744400000| Untracked 
| 510|0x0000000744600000, 0x0000000744600000, 0x0000000744800000|  0%| F|  |TAMS 0x0000000744600000| PB 0x0000000744600000| Untracked 
| 511|0x0000000744800000, 0x0000000744800000, 0x0000000744a00000|  0%| F|  |TAMS 0x0000000744800000| PB 0x0000000744800000| Untracked 
| 512|0x0000000744a00000, 0x0000000744a00000, 0x0000000744c00000|  0%| F|  |TAMS 0x0000000744a00000| PB 0x0000000744a00000| Untracked 
| 513|0x0000000744c00000, 0x0000000744c00000, 0x0000000744e00000|  0%| F|  |TAMS 0x0000000744c00000| PB 0x0000000744c00000| Untracked 
| 514|0x0000000744e00000, 0x0000000744e00000, 0x0000000745000000|  0%| F|  |TAMS 0x0000000744e00000| PB 0x0000000744e00000| Untracked 
| 515|0x0000000745000000, 0x0000000745000000, 0x0000000745200000|  0%| F|  |TAMS 0x0000000745000000| PB 0x0000000745000000| Untracked 
| 516|0x0000000745200000, 0x0000000745200000, 0x0000000745400000|  0%| F|  |TAMS 0x0000000745200000| PB 0x0000000745200000| Untracked 
| 517|0x0000000745400000, 0x0000000745400000, 0x0000000745600000|  0%| F|  |TAMS 0x0000000745400000| PB 0x0000000745400000| Untracked 
| 518|0x0000000745600000, 0x0000000745600000, 0x0000000745800000|  0%| F|  |TAMS 0x0000000745600000| PB 0x0000000745600000| Untracked 
| 519|0x0000000745800000, 0x0000000745800000, 0x0000000745a00000|  0%| F|  |TAMS 0x0000000745800000| PB 0x0000000745800000| Untracked 
| 520|0x0000000745a00000, 0x0000000745a00000, 0x0000000745c00000|  0%| F|  |TAMS 0x0000000745a00000| PB 0x0000000745a00000| Untracked 
| 521|0x0000000745c00000, 0x0000000745c00000, 0x0000000745e00000|  0%| F|  |TAMS 0x0000000745c00000| PB 0x0000000745c00000| Untracked 
| 522|0x0000000745e00000, 0x0000000745e00000, 0x0000000746000000|  0%| F|  |TAMS 0x0000000745e00000| PB 0x0000000745e00000| Untracked 
| 523|0x0000000746000000, 0x0000000746000000, 0x0000000746200000|  0%| F|  |TAMS 0x0000000746000000| PB 0x0000000746000000| Untracked 
| 524|0x0000000746200000, 0x0000000746200000, 0x0000000746400000|  0%| F|  |TAMS 0x0000000746200000| PB 0x0000000746200000| Untracked 
| 525|0x0000000746400000, 0x0000000746400000, 0x0000000746600000|  0%| F|  |TAMS 0x0000000746400000| PB 0x0000000746400000| Untracked 
| 526|0x0000000746600000, 0x0000000746600000, 0x0000000746800000|  0%| F|  |TAMS 0x0000000746600000| PB 0x0000000746600000| Untracked 
| 527|0x0000000746800000, 0x0000000746800000, 0x0000000746a00000|  0%| F|  |TAMS 0x0000000746800000| PB 0x0000000746800000| Untracked 
| 528|0x0000000746a00000, 0x0000000746a00000, 0x0000000746c00000|  0%| F|  |TAMS 0x0000000746a00000| PB 0x0000000746a00000| Untracked 
| 529|0x0000000746c00000, 0x0000000746c00000, 0x0000000746e00000|  0%| F|  |TAMS 0x0000000746c00000| PB 0x0000000746c00000| Untracked 
| 530|0x0000000746e00000, 0x0000000746e00000, 0x0000000747000000|  0%| F|  |TAMS 0x0000000746e00000| PB 0x0000000746e00000| Untracked 
| 531|0x0000000747000000, 0x0000000747000000, 0x0000000747200000|  0%| F|  |TAMS 0x0000000747000000| PB 0x0000000747000000| Untracked 
| 532|0x0000000747200000, 0x0000000747200000, 0x0000000747400000|  0%| F|  |TAMS 0x0000000747200000| PB 0x0000000747200000| Untracked 
| 533|0x0000000747400000, 0x0000000747400000, 0x0000000747600000|  0%| F|  |TAMS 0x0000000747400000| PB 0x0000000747400000| Untracked 
| 534|0x0000000747600000, 0x0000000747600000, 0x0000000747800000|  0%| F|  |TAMS 0x0000000747600000| PB 0x0000000747600000| Untracked 
| 535|0x0000000747800000, 0x0000000747800000, 0x0000000747a00000|  0%| F|  |TAMS 0x0000000747800000| PB 0x0000000747800000| Untracked 
| 536|0x0000000747a00000, 0x0000000747a00000, 0x0000000747c00000|  0%| F|  |TAMS 0x0000000747a00000| PB 0x0000000747a00000| Untracked 
| 537|0x0000000747c00000, 0x0000000747c00000, 0x0000000747e00000|  0%| F|  |TAMS 0x0000000747c00000| PB 0x0000000747c00000| Untracked 
| 538|0x0000000747e00000, 0x0000000747e00000, 0x0000000748000000|  0%| F|  |TAMS 0x0000000747e00000| PB 0x0000000747e00000| Untracked 
| 539|0x0000000748000000, 0x0000000748000000, 0x0000000748200000|  0%| F|  |TAMS 0x0000000748000000| PB 0x0000000748000000| Untracked 
| 540|0x0000000748200000, 0x0000000748200000, 0x0000000748400000|  0%| F|  |TAMS 0x0000000748200000| PB 0x0000000748200000| Untracked 
| 541|0x0000000748400000, 0x0000000748400000, 0x0000000748600000|  0%| F|  |TAMS 0x0000000748400000| PB 0x0000000748400000| Untracked 
| 542|0x0000000748600000, 0x0000000748600000, 0x0000000748800000|  0%| F|  |TAMS 0x0000000748600000| PB 0x0000000748600000| Untracked 
| 543|0x0000000748800000, 0x0000000748800000, 0x0000000748a00000|  0%| F|  |TAMS 0x0000000748800000| PB 0x0000000748800000| Untracked 
| 544|0x0000000748a00000, 0x0000000748a00000, 0x0000000748c00000|  0%| F|  |TAMS 0x0000000748a00000| PB 0x0000000748a00000| Untracked 
| 545|0x0000000748c00000, 0x0000000748c00000, 0x0000000748e00000|  0%| F|  |TAMS 0x0000000748c00000| PB 0x0000000748c00000| Untracked 
| 546|0x0000000748e00000, 0x0000000748e00000, 0x0000000749000000|  0%| F|  |TAMS 0x0000000748e00000| PB 0x0000000748e00000| Untracked 
| 547|0x0000000749000000, 0x0000000749000000, 0x0000000749200000|  0%| F|  |TAMS 0x0000000749000000| PB 0x0000000749000000| Untracked 
| 548|0x0000000749200000, 0x0000000749200000, 0x0000000749400000|  0%| F|  |TAMS 0x0000000749200000| PB 0x0000000749200000| Untracked 
| 549|0x0000000749400000, 0x0000000749400000, 0x0000000749600000|  0%| F|  |TAMS 0x0000000749400000| PB 0x0000000749400000| Untracked 
| 550|0x0000000749600000, 0x0000000749600000, 0x0000000749800000|  0%| F|  |TAMS 0x0000000749600000| PB 0x0000000749600000| Untracked 
| 551|0x0000000749800000, 0x0000000749800000, 0x0000000749a00000|  0%| F|  |TAMS 0x0000000749800000| PB 0x0000000749800000| Untracked 
| 552|0x0000000749a00000, 0x0000000749a00000, 0x0000000749c00000|  0%| F|  |TAMS 0x0000000749a00000| PB 0x0000000749a00000| Untracked 
| 553|0x0000000749c00000, 0x0000000749c00000, 0x0000000749e00000|  0%| F|  |TAMS 0x0000000749c00000| PB 0x0000000749c00000| Untracked 
| 554|0x0000000749e00000, 0x0000000749e00000, 0x000000074a000000|  0%| F|  |TAMS 0x0000000749e00000| PB 0x0000000749e00000| Untracked 
| 555|0x000000074a000000, 0x000000074a000000, 0x000000074a200000|  0%| F|  |TAMS 0x000000074a000000| PB 0x000000074a000000| Untracked 
| 556|0x000000074a200000, 0x000000074a200000, 0x000000074a400000|  0%| F|  |TAMS 0x000000074a200000| PB 0x000000074a200000| Untracked 
| 557|0x000000074a400000, 0x000000074a400000, 0x000000074a600000|  0%| F|  |TAMS 0x000000074a400000| PB 0x000000074a400000| Untracked 
| 558|0x000000074a600000, 0x000000074a600000, 0x000000074a800000|  0%| F|  |TAMS 0x000000074a600000| PB 0x000000074a600000| Untracked 
| 559|0x000000074a800000, 0x000000074a800000, 0x000000074aa00000|  0%| F|  |TAMS 0x000000074a800000| PB 0x000000074a800000| Untracked 
| 560|0x000000074aa00000, 0x000000074aa00000, 0x000000074ac00000|  0%| F|  |TAMS 0x000000074aa00000| PB 0x000000074aa00000| Untracked 
| 561|0x000000074ac00000, 0x000000074ac00000, 0x000000074ae00000|  0%| F|  |TAMS 0x000000074ac00000| PB 0x000000074ac00000| Untracked 
| 562|0x000000074ae00000, 0x000000074ae00000, 0x000000074b000000|  0%| F|  |TAMS 0x000000074ae00000| PB 0x000000074ae00000| Untracked 
| 563|0x000000074b000000, 0x000000074b000000, 0x000000074b200000|  0%| F|  |TAMS 0x000000074b000000| PB 0x000000074b000000| Untracked 
| 564|0x000000074b200000, 0x000000074b200000, 0x000000074b400000|  0%| F|  |TAMS 0x000000074b200000| PB 0x000000074b200000| Untracked 
| 565|0x000000074b400000, 0x000000074b400000, 0x000000074b600000|  0%| F|  |TAMS 0x000000074b400000| PB 0x000000074b400000| Untracked 
| 566|0x000000074b600000, 0x000000074b600000, 0x000000074b800000|  0%| F|  |TAMS 0x000000074b600000| PB 0x000000074b600000| Untracked 
| 567|0x000000074b800000, 0x000000074b800000, 0x000000074ba00000|  0%| F|  |TAMS 0x000000074b800000| PB 0x000000074b800000| Untracked 
| 568|0x000000074ba00000, 0x000000074ba00000, 0x000000074bc00000|  0%| F|  |TAMS 0x000000074ba00000| PB 0x000000074ba00000| Untracked 
| 569|0x000000074bc00000, 0x000000074bc00000, 0x000000074be00000|  0%| F|  |TAMS 0x000000074bc00000| PB 0x000000074bc00000| Untracked 
| 570|0x000000074be00000, 0x000000074be00000, 0x000000074c000000|  0%| F|  |TAMS 0x000000074be00000| PB 0x000000074be00000| Untracked 
| 571|0x000000074c000000, 0x000000074c000000, 0x000000074c200000|  0%| F|  |TAMS 0x000000074c000000| PB 0x000000074c000000| Untracked 
| 572|0x000000074c200000, 0x000000074c200000, 0x000000074c400000|  0%| F|  |TAMS 0x000000074c200000| PB 0x000000074c200000| Untracked 
| 573|0x000000074c400000, 0x000000074c400000, 0x000000074c600000|  0%| F|  |TAMS 0x000000074c400000| PB 0x000000074c400000| Untracked 
| 574|0x000000074c600000, 0x000000074c600000, 0x000000074c800000|  0%| F|  |TAMS 0x000000074c600000| PB 0x000000074c600000| Untracked 
| 575|0x000000074c800000, 0x000000074c800000, 0x000000074ca00000|  0%| F|  |TAMS 0x000000074c800000| PB 0x000000074c800000| Untracked 
| 576|0x000000074ca00000, 0x000000074ca00000, 0x000000074cc00000|  0%| F|  |TAMS 0x000000074ca00000| PB 0x000000074ca00000| Untracked 
| 577|0x000000074cc00000, 0x000000074cc00000, 0x000000074ce00000|  0%| F|  |TAMS 0x000000074cc00000| PB 0x000000074cc00000| Untracked 
| 578|0x000000074ce00000, 0x000000074ce00000, 0x000000074d000000|  0%| F|  |TAMS 0x000000074ce00000| PB 0x000000074ce00000| Untracked 
| 579|0x000000074d000000, 0x000000074d000000, 0x000000074d200000|  0%| F|  |TAMS 0x000000074d000000| PB 0x000000074d000000| Untracked 
| 580|0x000000074d200000, 0x000000074d200000, 0x000000074d400000|  0%| F|  |TAMS 0x000000074d200000| PB 0x000000074d200000| Untracked 
| 581|0x000000074d400000, 0x000000074d400000, 0x000000074d600000|  0%| F|  |TAMS 0x000000074d400000| PB 0x000000074d400000| Untracked 
| 582|0x000000074d600000, 0x000000074d600000, 0x000000074d800000|  0%| F|  |TAMS 0x000000074d600000| PB 0x000000074d600000| Untracked 
| 583|0x000000074d800000, 0x000000074d800000, 0x000000074da00000|  0%| F|  |TAMS 0x000000074d800000| PB 0x000000074d800000| Untracked 
| 584|0x000000074da00000, 0x000000074da00000, 0x000000074dc00000|  0%| F|  |TAMS 0x000000074da00000| PB 0x000000074da00000| Untracked 
| 585|0x000000074dc00000, 0x000000074dc00000, 0x000000074de00000|  0%| F|  |TAMS 0x000000074dc00000| PB 0x000000074dc00000| Untracked 
| 586|0x000000074de00000, 0x000000074de00000, 0x000000074e000000|  0%| F|  |TAMS 0x000000074de00000| PB 0x000000074de00000| Untracked 
| 587|0x000000074e000000, 0x000000074e000000, 0x000000074e200000|  0%| F|  |TAMS 0x000000074e000000| PB 0x000000074e000000| Untracked 
| 588|0x000000074e200000, 0x000000074e200000, 0x000000074e400000|  0%| F|  |TAMS 0x000000074e200000| PB 0x000000074e200000| Untracked 
| 589|0x000000074e400000, 0x000000074e400000, 0x000000074e600000|  0%| F|  |TAMS 0x000000074e400000| PB 0x000000074e400000| Untracked 
| 590|0x000000074e600000, 0x000000074e600000, 0x000000074e800000|  0%| F|  |TAMS 0x000000074e600000| PB 0x000000074e600000| Untracked 
| 591|0x000000074e800000, 0x000000074e800000, 0x000000074ea00000|  0%| F|  |TAMS 0x000000074e800000| PB 0x000000074e800000| Untracked 
| 592|0x000000074ea00000, 0x000000074ea00000, 0x000000074ec00000|  0%| F|  |TAMS 0x000000074ea00000| PB 0x000000074ea00000| Untracked 
| 593|0x000000074ec00000, 0x000000074ec00000, 0x000000074ee00000|  0%| F|  |TAMS 0x000000074ec00000| PB 0x000000074ec00000| Untracked 
| 594|0x000000074ee00000, 0x000000074ee00000, 0x000000074f000000|  0%| F|  |TAMS 0x000000074ee00000| PB 0x000000074ee00000| Untracked 
| 595|0x000000074f000000, 0x000000074f000000, 0x000000074f200000|  0%| F|  |TAMS 0x000000074f000000| PB 0x000000074f000000| Untracked 
| 596|0x000000074f200000, 0x000000074f200000, 0x000000074f400000|  0%| F|  |TAMS 0x000000074f200000| PB 0x000000074f200000| Untracked 
| 597|0x000000074f400000, 0x000000074f400000, 0x000000074f600000|  0%| F|  |TAMS 0x000000074f400000| PB 0x000000074f400000| Untracked 
| 598|0x000000074f600000, 0x000000074f600000, 0x000000074f800000|  0%| F|  |TAMS 0x000000074f600000| PB 0x000000074f600000| Untracked 
| 599|0x000000074f800000, 0x000000074f800000, 0x000000074fa00000|  0%| F|  |TAMS 0x000000074f800000| PB 0x000000074f800000| Untracked 
| 600|0x000000074fa00000, 0x000000074fa00000, 0x000000074fc00000|  0%| F|  |TAMS 0x000000074fa00000| PB 0x000000074fa00000| Untracked 
| 601|0x000000074fc00000, 0x000000074fc00000, 0x000000074fe00000|  0%| F|  |TAMS 0x000000074fc00000| PB 0x000000074fc00000| Untracked 
| 602|0x000000074fe00000, 0x000000074fe00000, 0x0000000750000000|  0%| F|  |TAMS 0x000000074fe00000| PB 0x000000074fe00000| Untracked 
| 603|0x0000000750000000, 0x0000000750000000, 0x0000000750200000|  0%| F|  |TAMS 0x0000000750000000| PB 0x0000000750000000| Untracked 
| 604|0x0000000750200000, 0x0000000750200000, 0x0000000750400000|  0%| F|  |TAMS 0x0000000750200000| PB 0x0000000750200000| Untracked 
| 605|0x0000000750400000, 0x0000000750400000, 0x0000000750600000|  0%| F|  |TAMS 0x0000000750400000| PB 0x0000000750400000| Untracked 
| 606|0x0000000750600000, 0x0000000750600000, 0x0000000750800000|  0%| F|  |TAMS 0x0000000750600000| PB 0x0000000750600000| Untracked 
| 607|0x0000000750800000, 0x0000000750800000, 0x0000000750a00000|  0%| F|  |TAMS 0x0000000750800000| PB 0x0000000750800000| Untracked 
| 608|0x0000000750a00000, 0x0000000750a00000, 0x0000000750c00000|  0%| F|  |TAMS 0x0000000750a00000| PB 0x0000000750a00000| Untracked 
| 609|0x0000000750c00000, 0x0000000750c00000, 0x0000000750e00000|  0%| F|  |TAMS 0x0000000750c00000| PB 0x0000000750c00000| Untracked 
| 610|0x0000000750e00000, 0x0000000750e00000, 0x0000000751000000|  0%| F|  |TAMS 0x0000000750e00000| PB 0x0000000750e00000| Untracked 
| 611|0x0000000751000000, 0x0000000751000000, 0x0000000751200000|  0%| F|  |TAMS 0x0000000751000000| PB 0x0000000751000000| Untracked 
| 612|0x0000000751200000, 0x0000000751200000, 0x0000000751400000|  0%| F|  |TAMS 0x0000000751200000| PB 0x0000000751200000| Untracked 
| 613|0x0000000751400000, 0x0000000751400000, 0x0000000751600000|  0%| F|  |TAMS 0x0000000751400000| PB 0x0000000751400000| Untracked 
| 614|0x0000000751600000, 0x0000000751600000, 0x0000000751800000|  0%| F|  |TAMS 0x0000000751600000| PB 0x0000000751600000| Untracked 
| 615|0x0000000751800000, 0x0000000751800000, 0x0000000751a00000|  0%| F|  |TAMS 0x0000000751800000| PB 0x0000000751800000| Untracked 
| 616|0x0000000751a00000, 0x0000000751a00000, 0x0000000751c00000|  0%| F|  |TAMS 0x0000000751a00000| PB 0x0000000751a00000| Untracked 
| 617|0x0000000751c00000, 0x0000000751c00000, 0x0000000751e00000|  0%| F|  |TAMS 0x0000000751c00000| PB 0x0000000751c00000| Untracked 
| 618|0x0000000751e00000, 0x0000000751e00000, 0x0000000752000000|  0%| F|  |TAMS 0x0000000751e00000| PB 0x0000000751e00000| Untracked 
| 619|0x0000000752000000, 0x0000000752000000, 0x0000000752200000|  0%| F|  |TAMS 0x0000000752000000| PB 0x0000000752000000| Untracked 
| 620|0x0000000752200000, 0x0000000752200000, 0x0000000752400000|  0%| F|  |TAMS 0x0000000752200000| PB 0x0000000752200000| Untracked 
| 621|0x0000000752400000, 0x0000000752400000, 0x0000000752600000|  0%| F|  |TAMS 0x0000000752400000| PB 0x0000000752400000| Untracked 
| 622|0x0000000752600000, 0x0000000752600000, 0x0000000752800000|  0%| F|  |TAMS 0x0000000752600000| PB 0x0000000752600000| Untracked 
| 623|0x0000000752800000, 0x0000000752800000, 0x0000000752a00000|  0%| F|  |TAMS 0x0000000752800000| PB 0x0000000752800000| Untracked 
| 624|0x0000000752a00000, 0x0000000752a00000, 0x0000000752c00000|  0%| F|  |TAMS 0x0000000752a00000| PB 0x0000000752a00000| Untracked 
| 625|0x0000000752c00000, 0x0000000752c00000, 0x0000000752e00000|  0%| F|  |TAMS 0x0000000752c00000| PB 0x0000000752c00000| Untracked 
| 626|0x0000000752e00000, 0x0000000752e00000, 0x0000000753000000|  0%| F|  |TAMS 0x0000000752e00000| PB 0x0000000752e00000| Untracked 
| 627|0x0000000753000000, 0x0000000753000000, 0x0000000753200000|  0%| F|  |TAMS 0x0000000753000000| PB 0x0000000753000000| Untracked 
| 628|0x0000000753200000, 0x0000000753200000, 0x0000000753400000|  0%| F|  |TAMS 0x0000000753200000| PB 0x0000000753200000| Untracked 
| 629|0x0000000753400000, 0x0000000753400000, 0x0000000753600000|  0%| F|  |TAMS 0x0000000753400000| PB 0x0000000753400000| Untracked 
| 630|0x0000000753600000, 0x0000000753600000, 0x0000000753800000|  0%| F|  |TAMS 0x0000000753600000| PB 0x0000000753600000| Untracked 
| 631|0x0000000753800000, 0x0000000753800000, 0x0000000753a00000|  0%| F|  |TAMS 0x0000000753800000| PB 0x0000000753800000| Untracked 
| 632|0x0000000753a00000, 0x0000000753a00000, 0x0000000753c00000|  0%| F|  |TAMS 0x0000000753a00000| PB 0x0000000753a00000| Untracked 
| 633|0x0000000753c00000, 0x0000000753c00000, 0x0000000753e00000|  0%| F|  |TAMS 0x0000000753c00000| PB 0x0000000753c00000| Untracked 
| 634|0x0000000753e00000, 0x0000000753e00000, 0x0000000754000000|  0%| F|  |TAMS 0x0000000753e00000| PB 0x0000000753e00000| Untracked 
| 635|0x0000000754000000, 0x0000000754000000, 0x0000000754200000|  0%| F|  |TAMS 0x0000000754000000| PB 0x0000000754000000| Untracked 
| 636|0x0000000754200000, 0x0000000754200000, 0x0000000754400000|  0%| F|  |TAMS 0x0000000754200000| PB 0x0000000754200000| Untracked 
| 637|0x0000000754400000, 0x0000000754400000, 0x0000000754600000|  0%| F|  |TAMS 0x0000000754400000| PB 0x0000000754400000| Untracked 
| 638|0x0000000754600000, 0x0000000754600000, 0x0000000754800000|  0%| F|  |TAMS 0x0000000754600000| PB 0x0000000754600000| Untracked 
| 639|0x0000000754800000, 0x0000000754800000, 0x0000000754a00000|  0%| F|  |TAMS 0x0000000754800000| PB 0x0000000754800000| Untracked 
| 640|0x0000000754a00000, 0x0000000754a00000, 0x0000000754c00000|  0%| F|  |TAMS 0x0000000754a00000| PB 0x0000000754a00000| Untracked 
| 641|0x0000000754c00000, 0x0000000754c00000, 0x0000000754e00000|  0%| F|  |TAMS 0x0000000754c00000| PB 0x0000000754c00000| Untracked 
| 642|0x0000000754e00000, 0x0000000754e00000, 0x0000000755000000|  0%| F|  |TAMS 0x0000000754e00000| PB 0x0000000754e00000| Untracked 
| 643|0x0000000755000000, 0x0000000755000000, 0x0000000755200000|  0%| F|  |TAMS 0x0000000755000000| PB 0x0000000755000000| Untracked 
| 644|0x0000000755200000, 0x0000000755200000, 0x0000000755400000|  0%| F|  |TAMS 0x0000000755200000| PB 0x0000000755200000| Untracked 
| 645|0x0000000755400000, 0x0000000755400000, 0x0000000755600000|  0%| F|  |TAMS 0x0000000755400000| PB 0x0000000755400000| Untracked 
| 646|0x0000000755600000, 0x0000000755600000, 0x0000000755800000|  0%| F|  |TAMS 0x0000000755600000| PB 0x0000000755600000| Untracked 
| 647|0x0000000755800000, 0x0000000755800000, 0x0000000755a00000|  0%| F|  |TAMS 0x0000000755800000| PB 0x0000000755800000| Untracked 
| 648|0x0000000755a00000, 0x0000000755a00000, 0x0000000755c00000|  0%| F|  |TAMS 0x0000000755a00000| PB 0x0000000755a00000| Untracked 
| 649|0x0000000755c00000, 0x0000000755c00000, 0x0000000755e00000|  0%| F|  |TAMS 0x0000000755c00000| PB 0x0000000755c00000| Untracked 
| 650|0x0000000755e00000, 0x0000000755e00000, 0x0000000756000000|  0%| F|  |TAMS 0x0000000755e00000| PB 0x0000000755e00000| Untracked 
| 651|0x0000000756000000, 0x0000000756000000, 0x0000000756200000|  0%| F|  |TAMS 0x0000000756000000| PB 0x0000000756000000| Untracked 
| 652|0x0000000756200000, 0x0000000756200000, 0x0000000756400000|  0%| F|  |TAMS 0x0000000756200000| PB 0x0000000756200000| Untracked 
| 653|0x0000000756400000, 0x0000000756400000, 0x0000000756600000|  0%| F|  |TAMS 0x0000000756400000| PB 0x0000000756400000| Untracked 
| 654|0x0000000756600000, 0x0000000756600000, 0x0000000756800000|  0%| F|  |TAMS 0x0000000756600000| PB 0x0000000756600000| Untracked 
| 655|0x0000000756800000, 0x0000000756800000, 0x0000000756a00000|  0%| F|  |TAMS 0x0000000756800000| PB 0x0000000756800000| Untracked 
| 656|0x0000000756a00000, 0x0000000756a00000, 0x0000000756c00000|  0%| F|  |TAMS 0x0000000756a00000| PB 0x0000000756a00000| Untracked 
| 657|0x0000000756c00000, 0x0000000756c00000, 0x0000000756e00000|  0%| F|  |TAMS 0x0000000756c00000| PB 0x0000000756c00000| Untracked 
| 658|0x0000000756e00000, 0x0000000756e00000, 0x0000000757000000|  0%| F|  |TAMS 0x0000000756e00000| PB 0x0000000756e00000| Untracked 
| 659|0x0000000757000000, 0x0000000757000000, 0x0000000757200000|  0%| F|  |TAMS 0x0000000757000000| PB 0x0000000757000000| Untracked 
| 660|0x0000000757200000, 0x0000000757200000, 0x0000000757400000|  0%| F|  |TAMS 0x0000000757200000| PB 0x0000000757200000| Untracked 
| 661|0x0000000757400000, 0x0000000757400000, 0x0000000757600000|  0%| F|  |TAMS 0x0000000757400000| PB 0x0000000757400000| Untracked 
| 662|0x0000000757600000, 0x0000000757600000, 0x0000000757800000|  0%| F|  |TAMS 0x0000000757600000| PB 0x0000000757600000| Untracked 
| 663|0x0000000757800000, 0x0000000757800000, 0x0000000757a00000|  0%| F|  |TAMS 0x0000000757800000| PB 0x0000000757800000| Untracked 
| 664|0x0000000757a00000, 0x0000000757a00000, 0x0000000757c00000|  0%| F|  |TAMS 0x0000000757a00000| PB 0x0000000757a00000| Untracked 
| 665|0x0000000757c00000, 0x0000000757c00000, 0x0000000757e00000|  0%| F|  |TAMS 0x0000000757c00000| PB 0x0000000757c00000| Untracked 
| 666|0x0000000757e00000, 0x0000000757e00000, 0x0000000758000000|  0%| F|  |TAMS 0x0000000757e00000| PB 0x0000000757e00000| Untracked 
| 667|0x0000000758000000, 0x0000000758000000, 0x0000000758200000|  0%| F|  |TAMS 0x0000000758000000| PB 0x0000000758000000| Untracked 
| 668|0x0000000758200000, 0x0000000758200000, 0x0000000758400000|  0%| F|  |TAMS 0x0000000758200000| PB 0x0000000758200000| Untracked 
| 669|0x0000000758400000, 0x0000000758400000, 0x0000000758600000|  0%| F|  |TAMS 0x0000000758400000| PB 0x0000000758400000| Untracked 
| 670|0x0000000758600000, 0x0000000758600000, 0x0000000758800000|  0%| F|  |TAMS 0x0000000758600000| PB 0x0000000758600000| Untracked 
| 671|0x0000000758800000, 0x0000000758800000, 0x0000000758a00000|  0%| F|  |TAMS 0x0000000758800000| PB 0x0000000758800000| Untracked 
| 672|0x0000000758a00000, 0x0000000758a00000, 0x0000000758c00000|  0%| F|  |TAMS 0x0000000758a00000| PB 0x0000000758a00000| Untracked 
| 673|0x0000000758c00000, 0x0000000758c00000, 0x0000000758e00000|  0%| F|  |TAMS 0x0000000758c00000| PB 0x0000000758c00000| Untracked 
| 674|0x0000000758e00000, 0x0000000758e00000, 0x0000000759000000|  0%| F|  |TAMS 0x0000000758e00000| PB 0x0000000758e00000| Untracked 
| 675|0x0000000759000000, 0x0000000759000000, 0x0000000759200000|  0%| F|  |TAMS 0x0000000759000000| PB 0x0000000759000000| Untracked 
| 676|0x0000000759200000, 0x0000000759200000, 0x0000000759400000|  0%| F|  |TAMS 0x0000000759200000| PB 0x0000000759200000| Untracked 
| 677|0x0000000759400000, 0x0000000759400000, 0x0000000759600000|  0%| F|  |TAMS 0x0000000759400000| PB 0x0000000759400000| Untracked 
| 678|0x0000000759600000, 0x0000000759600000, 0x0000000759800000|  0%| F|  |TAMS 0x0000000759600000| PB 0x0000000759600000| Untracked 
| 679|0x0000000759800000, 0x0000000759800000, 0x0000000759a00000|  0%| F|  |TAMS 0x0000000759800000| PB 0x0000000759800000| Untracked 
| 680|0x0000000759a00000, 0x0000000759a00000, 0x0000000759c00000|  0%| F|  |TAMS 0x0000000759a00000| PB 0x0000000759a00000| Untracked 
| 681|0x0000000759c00000, 0x0000000759c00000, 0x0000000759e00000|  0%| F|  |TAMS 0x0000000759c00000| PB 0x0000000759c00000| Untracked 
| 682|0x0000000759e00000, 0x0000000759e00000, 0x000000075a000000|  0%| F|  |TAMS 0x0000000759e00000| PB 0x0000000759e00000| Untracked 
| 683|0x000000075a000000, 0x000000075a000000, 0x000000075a200000|  0%| F|  |TAMS 0x000000075a000000| PB 0x000000075a000000| Untracked 
| 684|0x000000075a200000, 0x000000075a200000, 0x000000075a400000|  0%| F|  |TAMS 0x000000075a200000| PB 0x000000075a200000| Untracked 
| 685|0x000000075a400000, 0x000000075a400000, 0x000000075a600000|  0%| F|  |TAMS 0x000000075a400000| PB 0x000000075a400000| Untracked 
| 686|0x000000075a600000, 0x000000075a600000, 0x000000075a800000|  0%| F|  |TAMS 0x000000075a600000| PB 0x000000075a600000| Untracked 
| 687|0x000000075a800000, 0x000000075a800000, 0x000000075aa00000|  0%| F|  |TAMS 0x000000075a800000| PB 0x000000075a800000| Untracked 
| 688|0x000000075aa00000, 0x000000075aa00000, 0x000000075ac00000|  0%| F|  |TAMS 0x000000075aa00000| PB 0x000000075aa00000| Untracked 
| 689|0x000000075ac00000, 0x000000075ac00000, 0x000000075ae00000|  0%| F|  |TAMS 0x000000075ac00000| PB 0x000000075ac00000| Untracked 
| 690|0x000000075ae00000, 0x000000075ae00000, 0x000000075b000000|  0%| F|  |TAMS 0x000000075ae00000| PB 0x000000075ae00000| Untracked 
| 691|0x000000075b000000, 0x000000075b000000, 0x000000075b200000|  0%| F|  |TAMS 0x000000075b000000| PB 0x000000075b000000| Untracked 
| 692|0x000000075b200000, 0x000000075b200000, 0x000000075b400000|  0%| F|  |TAMS 0x000000075b200000| PB 0x000000075b200000| Untracked 
| 693|0x000000075b400000, 0x000000075b400000, 0x000000075b600000|  0%| F|  |TAMS 0x000000075b400000| PB 0x000000075b400000| Untracked 
| 694|0x000000075b600000, 0x000000075b600000, 0x000000075b800000|  0%| F|  |TAMS 0x000000075b600000| PB 0x000000075b600000| Untracked 
| 695|0x000000075b800000, 0x000000075b800000, 0x000000075ba00000|  0%| F|  |TAMS 0x000000075b800000| PB 0x000000075b800000| Untracked 
| 696|0x000000075ba00000, 0x000000075ba00000, 0x000000075bc00000|  0%| F|  |TAMS 0x000000075ba00000| PB 0x000000075ba00000| Untracked 
| 697|0x000000075bc00000, 0x000000075bc00000, 0x000000075be00000|  0%| F|  |TAMS 0x000000075bc00000| PB 0x000000075bc00000| Untracked 
| 698|0x000000075be00000, 0x000000075be00000, 0x000000075c000000|  0%| F|  |TAMS 0x000000075be00000| PB 0x000000075be00000| Untracked 
| 699|0x000000075c000000, 0x000000075c000000, 0x000000075c200000|  0%| F|  |TAMS 0x000000075c000000| PB 0x000000075c000000| Untracked 
| 700|0x000000075c200000, 0x000000075c200000, 0x000000075c400000|  0%| F|  |TAMS 0x000000075c200000| PB 0x000000075c200000| Untracked 
| 701|0x000000075c400000, 0x000000075c400000, 0x000000075c600000|  0%| F|  |TAMS 0x000000075c400000| PB 0x000000075c400000| Untracked 
| 702|0x000000075c600000, 0x000000075c600000, 0x000000075c800000|  0%| F|  |TAMS 0x000000075c600000| PB 0x000000075c600000| Untracked 
| 703|0x000000075c800000, 0x000000075c800000, 0x000000075ca00000|  0%| F|  |TAMS 0x000000075c800000| PB 0x000000075c800000| Untracked 
| 704|0x000000075ca00000, 0x000000075ca00000, 0x000000075cc00000|  0%| F|  |TAMS 0x000000075ca00000| PB 0x000000075ca00000| Untracked 
| 705|0x000000075cc00000, 0x000000075cc00000, 0x000000075ce00000|  0%| F|  |TAMS 0x000000075cc00000| PB 0x000000075cc00000| Untracked 
| 706|0x000000075ce00000, 0x000000075ce00000, 0x000000075d000000|  0%| F|  |TAMS 0x000000075ce00000| PB 0x000000075ce00000| Untracked 
| 707|0x000000075d000000, 0x000000075d000000, 0x000000075d200000|  0%| F|  |TAMS 0x000000075d000000| PB 0x000000075d000000| Untracked 
| 708|0x000000075d200000, 0x000000075d200000, 0x000000075d400000|  0%| F|  |TAMS 0x000000075d200000| PB 0x000000075d200000| Untracked 
| 709|0x000000075d400000, 0x000000075d400000, 0x000000075d600000|  0%| F|  |TAMS 0x000000075d400000| PB 0x000000075d400000| Untracked 
| 710|0x000000075d600000, 0x000000075d600000, 0x000000075d800000|  0%| F|  |TAMS 0x000000075d600000| PB 0x000000075d600000| Untracked 
| 711|0x000000075d800000, 0x000000075d800000, 0x000000075da00000|  0%| F|  |TAMS 0x000000075d800000| PB 0x000000075d800000| Untracked 
| 712|0x000000075da00000, 0x000000075da00000, 0x000000075dc00000|  0%| F|  |TAMS 0x000000075da00000| PB 0x000000075da00000| Untracked 
| 713|0x000000075dc00000, 0x000000075dc00000, 0x000000075de00000|  0%| F|  |TAMS 0x000000075dc00000| PB 0x000000075dc00000| Untracked 
| 714|0x000000075de00000, 0x000000075de00000, 0x000000075e000000|  0%| F|  |TAMS 0x000000075de00000| PB 0x000000075de00000| Untracked 
| 715|0x000000075e000000, 0x000000075e000000, 0x000000075e200000|  0%| F|  |TAMS 0x000000075e000000| PB 0x000000075e000000| Untracked 
| 716|0x000000075e200000, 0x000000075e200000, 0x000000075e400000|  0%| F|  |TAMS 0x000000075e200000| PB 0x000000075e200000| Untracked 
| 717|0x000000075e400000, 0x000000075e400000, 0x000000075e600000|  0%| F|  |TAMS 0x000000075e400000| PB 0x000000075e400000| Untracked 
| 718|0x000000075e600000, 0x000000075e600000, 0x000000075e800000|  0%| F|  |TAMS 0x000000075e600000| PB 0x000000075e600000| Untracked 
| 719|0x000000075e800000, 0x000000075e800000, 0x000000075ea00000|  0%| F|  |TAMS 0x000000075e800000| PB 0x000000075e800000| Untracked 
| 720|0x000000075ea00000, 0x000000075ea00000, 0x000000075ec00000|  0%| F|  |TAMS 0x000000075ea00000| PB 0x000000075ea00000| Untracked 
| 721|0x000000075ec00000, 0x000000075ec00000, 0x000000075ee00000|  0%| F|  |TAMS 0x000000075ec00000| PB 0x000000075ec00000| Untracked 
| 722|0x000000075ee00000, 0x000000075ee00000, 0x000000075f000000|  0%| F|  |TAMS 0x000000075ee00000| PB 0x000000075ee00000| Untracked 
| 723|0x000000075f000000, 0x000000075f000000, 0x000000075f200000|  0%| F|  |TAMS 0x000000075f000000| PB 0x000000075f000000| Untracked 
| 724|0x000000075f200000, 0x000000075f200000, 0x000000075f400000|  0%| F|  |TAMS 0x000000075f200000| PB 0x000000075f200000| Untracked 
| 725|0x000000075f400000, 0x000000075f400000, 0x000000075f600000|  0%| F|  |TAMS 0x000000075f400000| PB 0x000000075f400000| Untracked 
| 726|0x000000075f600000, 0x000000075f600000, 0x000000075f800000|  0%| F|  |TAMS 0x000000075f600000| PB 0x000000075f600000| Untracked 
| 727|0x000000075f800000, 0x000000075f800000, 0x000000075fa00000|  0%| F|  |TAMS 0x000000075f800000| PB 0x000000075f800000| Untracked 
| 728|0x000000075fa00000, 0x000000075fa00000, 0x000000075fc00000|  0%| F|  |TAMS 0x000000075fa00000| PB 0x000000075fa00000| Untracked 
| 729|0x000000075fc00000, 0x000000075fc00000, 0x000000075fe00000|  0%| F|  |TAMS 0x000000075fc00000| PB 0x000000075fc00000| Untracked 
| 730|0x000000075fe00000, 0x000000075fe00000, 0x0000000760000000|  0%| F|  |TAMS 0x000000075fe00000| PB 0x000000075fe00000| Untracked 
| 731|0x0000000760000000, 0x0000000760000000, 0x0000000760200000|  0%| F|  |TAMS 0x0000000760000000| PB 0x0000000760000000| Untracked 
| 732|0x0000000760200000, 0x0000000760200000, 0x0000000760400000|  0%| F|  |TAMS 0x0000000760200000| PB 0x0000000760200000| Untracked 
| 733|0x0000000760400000, 0x0000000760400000, 0x0000000760600000|  0%| F|  |TAMS 0x0000000760400000| PB 0x0000000760400000| Untracked 
| 734|0x0000000760600000, 0x0000000760600000, 0x0000000760800000|  0%| F|  |TAMS 0x0000000760600000| PB 0x0000000760600000| Untracked 
| 735|0x0000000760800000, 0x0000000760800000, 0x0000000760a00000|  0%| F|  |TAMS 0x0000000760800000| PB 0x0000000760800000| Untracked 
| 736|0x0000000760a00000, 0x0000000760a00000, 0x0000000760c00000|  0%| F|  |TAMS 0x0000000760a00000| PB 0x0000000760a00000| Untracked 
| 737|0x0000000760c00000, 0x0000000760c00000, 0x0000000760e00000|  0%| F|  |TAMS 0x0000000760c00000| PB 0x0000000760c00000| Untracked 
| 738|0x0000000760e00000, 0x0000000761000000, 0x0000000761000000|100%| S|CS|TAMS 0x0000000760e00000| PB 0x0000000760e00000| Complete 
| 739|0x0000000761000000, 0x0000000761200000, 0x0000000761200000|100%| S|CS|TAMS 0x0000000761000000| PB 0x0000000761000000| Complete 
| 740|0x0000000761200000, 0x0000000761400000, 0x0000000761400000|100%| S|CS|TAMS 0x0000000761200000| PB 0x0000000761200000| Complete 
| 741|0x0000000761400000, 0x0000000761600000, 0x0000000761600000|100%| S|CS|TAMS 0x0000000761400000| PB 0x0000000761400000| Complete 
| 742|0x0000000761600000, 0x0000000761800000, 0x0000000761800000|100%| S|CS|TAMS 0x0000000761600000| PB 0x0000000761600000| Complete 
| 743|0x0000000761800000, 0x0000000761a00000, 0x0000000761a00000|100%| S|CS|TAMS 0x0000000761800000| PB 0x0000000761800000| Complete 
| 744|0x0000000761a00000, 0x0000000761c00000, 0x0000000761c00000|100%| S|CS|TAMS 0x0000000761a00000| PB 0x0000000761a00000| Complete 
| 745|0x0000000761c00000, 0x0000000761e00000, 0x0000000761e00000|100%| S|CS|TAMS 0x0000000761c00000| PB 0x0000000761c00000| Complete 
| 746|0x0000000761e00000, 0x0000000762000000, 0x0000000762000000|100%| S|CS|TAMS 0x0000000761e00000| PB 0x0000000761e00000| Complete 
| 747|0x0000000762000000, 0x0000000762200000, 0x0000000762200000|100%| S|CS|TAMS 0x0000000762000000| PB 0x0000000762000000| Complete 
| 748|0x0000000762200000, 0x0000000762400000, 0x0000000762400000|100%| S|CS|TAMS 0x0000000762200000| PB 0x0000000762200000| Complete 
| 749|0x0000000762400000, 0x0000000762600000, 0x0000000762600000|100%| S|CS|TAMS 0x0000000762400000| PB 0x0000000762400000| Complete 
| 750|0x0000000762600000, 0x0000000762800000, 0x0000000762800000|100%| S|CS|TAMS 0x0000000762600000| PB 0x0000000762600000| Complete 
| 751|0x0000000762800000, 0x0000000762a00000, 0x0000000762a00000|100%| S|CS|TAMS 0x0000000762800000| PB 0x0000000762800000| Complete 
| 752|0x0000000762a00000, 0x0000000762a00000, 0x0000000762c00000|  0%| F|  |TAMS 0x0000000762a00000| PB 0x0000000762a00000| Untracked 
| 753|0x0000000762c00000, 0x0000000762c00000, 0x0000000762e00000|  0%| F|  |TAMS 0x0000000762c00000| PB 0x0000000762c00000| Untracked 
| 754|0x0000000762e00000, 0x0000000762e00000, 0x0000000763000000|  0%| F|  |TAMS 0x0000000762e00000| PB 0x0000000762e00000| Untracked 
| 755|0x0000000763000000, 0x0000000763000000, 0x0000000763200000|  0%| F|  |TAMS 0x0000000763000000| PB 0x0000000763000000| Untracked 
| 756|0x0000000763200000, 0x0000000763200000, 0x0000000763400000|  0%| F|  |TAMS 0x0000000763200000| PB 0x0000000763200000| Untracked 
| 757|0x0000000763400000, 0x0000000763400000, 0x0000000763600000|  0%| F|  |TAMS 0x0000000763400000| PB 0x0000000763400000| Untracked 
| 758|0x0000000763600000, 0x0000000763600000, 0x0000000763800000|  0%| F|  |TAMS 0x0000000763600000| PB 0x0000000763600000| Untracked 
| 759|0x0000000763800000, 0x0000000763800000, 0x0000000763a00000|  0%| F|  |TAMS 0x0000000763800000| PB 0x0000000763800000| Untracked 
| 760|0x0000000763a00000, 0x0000000763a00000, 0x0000000763c00000|  0%| F|  |TAMS 0x0000000763a00000| PB 0x0000000763a00000| Untracked 
| 761|0x0000000763c00000, 0x0000000763c00000, 0x0000000763e00000|  0%| F|  |TAMS 0x0000000763c00000| PB 0x0000000763c00000| Untracked 
| 762|0x0000000763e00000, 0x0000000763e00000, 0x0000000764000000|  0%| F|  |TAMS 0x0000000763e00000| PB 0x0000000763e00000| Untracked 
| 763|0x0000000764000000, 0x0000000764000000, 0x0000000764200000|  0%| F|  |TAMS 0x0000000764000000| PB 0x0000000764000000| Untracked 
| 764|0x0000000764200000, 0x0000000764200000, 0x0000000764400000|  0%| F|  |TAMS 0x0000000764200000| PB 0x0000000764200000| Untracked 
| 765|0x0000000764400000, 0x0000000764400000, 0x0000000764600000|  0%| F|  |TAMS 0x0000000764400000| PB 0x0000000764400000| Untracked 
| 766|0x0000000764600000, 0x0000000764600000, 0x0000000764800000|  0%| F|  |TAMS 0x0000000764600000| PB 0x0000000764600000| Untracked 

Card table byte_map: [0x00000167ba750000,0x00000167baf30000] _byte_map_base: 0x00000167b6f2b000

Marking Bits: (CMBitMap*) 0x00000167a730f550
 Bits: [0x00000167baf30000, 0x00000167bee08000)

Polling page: 0x00000167a5010000

Metaspace:

Usage:
  Non-class:     33.49 MB used.
      Class:      4.63 MB used.
       Both:     38.12 MB used.

Virtual space:
  Non-class space:       64.00 MB reserved,      33.75 MB ( 53%) committed,  1 nodes.
      Class space:        1.00 GB reserved,       4.88 MB ( <1%) committed,  1 nodes.
             Both:        1.06 GB reserved,      38.62 MB (  4%) committed. 

Chunk freelists:
   Non-Class:  13.65 MB
       Class:  11.09 MB
        Both:  24.75 MB

MaxMetaspaceSize: unlimited
CompressedClassSpaceSize: 1.00 GB
Initial GC threshold: 21.00 MB
Current GC threshold: 64.06 MB
CDS: on
 - commit_granule_bytes: 65536.
 - commit_granule_words: 8192.
 - virtual_space_node_default_size: 8388608.
 - enlarge_chunks_in_place: 1.
 - use_allocation_guard: 0.


Internal statistics:

num_allocs_failed_limit: 6.
num_arena_births: 546.
num_arena_deaths: 0.
num_vsnodes_births: 2.
num_vsnodes_deaths: 0.
num_space_committed: 618.
num_space_uncommitted: 0.
num_chunks_returned_to_freelist: 6.
num_chunks_taken_from_freelist: 1707.
num_chunk_merges: 0.
num_chunk_splits: 1185.
num_chunks_enlarged: 877.
num_inconsistent_stats: 0.

CodeHeap 'non-profiled nmethods': size=120000Kb used=3965Kb max_used=3965Kb free=116034Kb
 bounds [0x00000167b2710000, 0x00000167b2af0000, 0x00000167b9c40000]
CodeHeap 'profiled nmethods': size=120000Kb used=9671Kb max_used=9671Kb free=110328Kb
 bounds [0x00000167aac40000, 0x00000167ab5c0000, 0x00000167b2170000]
CodeHeap 'non-nmethods': size=5760Kb used=1777Kb max_used=1927Kb free=3982Kb
 bounds [0x00000167b2170000, 0x00000167b23e0000, 0x00000167b2710000]
CodeCache: size=245760Kb, used=15413Kb, max_used=15563Kb, free=230344Kb
 total_blobs=5709, nmethods=5064, adapters=548, full_count=0
Compilation: enabled, stopped_count=0, restarted_count=0

Compilation events (20 events):
Event: 52.589 Thread 0x00000167c18d6ff0 5637       3       org.apache.jena.atlas.lib.Bytes::setInt (7 bytes)
Event: 52.589 Thread 0x00000167c18d6ff0 nmethod 5637 0x00000167ab5aef90 code [0x00000167ab5af140, 0x00000167ab5af260]
Event: 52.589 Thread 0x00000167c18d6ff0 5638       3       org.apache.jena.tdb.transaction.BlockMgrJournal::writeJournalEntry (28 bytes)
Event: 52.589 Thread 0x00000167c18d6ff0 nmethod 5638 0x00000167ab5af310 code [0x00000167ab5af4e0, 0x00000167ab5af780]
Event: 52.600 Thread 0x00000167c18d6ff0 5639       1       com.sun.management.GarbageCollectionNotificationInfo::getGcName (5 bytes)
Event: 52.600 Thread 0x00000167c18d6ff0 nmethod 5639 0x00000167b2aee490 code [0x00000167b2aee620, 0x00000167b2aee6f0]
Event: 52.600 Thread 0x00000167c18d6560 5640       4       java.util.Collections$UnmodifiableCollection::iterator (9 bytes)
Event: 52.605 Thread 0x00000167c18d6560 nmethod 5640 0x00000167b2aee790 code [0x00000167b2aee960, 0x00000167b2aeeed0]
Event: 52.605 Thread 0x00000167c18d6560 5641       4       java.util.TreeMap::successor (66 bytes)
Event: 52.607 Thread 0x00000167c18d6560 nmethod 5641 0x00000167b2aef110 code [0x00000167b2aef2a0, 0x00000167b2aef3b0]
Event: 52.616 Thread 0x00000167c18d6ff0 5642       3       java.util.LinkedHashMap::<init> (17 bytes)
Event: 52.616 Thread 0x00000167c18d6ff0 nmethod 5642 0x00000167ab5af910 code [0x00000167ab5afac0, 0x00000167ab5afc18]
Event: 52.638 Thread 0x00000167c18d6ff0 5643       3       java.nio.HeapByteBuffer::put (17 bytes)
Event: 52.639 Thread 0x00000167c18d6ff0 nmethod 5643 0x00000167ab5afd10 code [0x00000167ab5afec0, 0x00000167ab5b0190]
Event: 52.779 Thread 0x00000167c18d6ff0 5644       3       java.lang.reflect.Field::get (39 bytes)
Event: 52.780 Thread 0x00000167c18d6ff0 nmethod 5644 0x00000167ab5b0310 code [0x00000167ab5b0540, 0x00000167ab5b0a98]
Event: 52.780 Thread 0x00000167c18d6ff0 5645       3       java.util.stream.MatchOps::makeRef (29 bytes)
Event: 52.780 Thread 0x00000167c18d6ff0 nmethod 5645 0x00000167ab5b0c90 code [0x00000167ab5b0f00, 0x00000167ab5b1a70]
Event: 52.858 Thread 0x00000167c18d6ff0 5646       3       io.micrometer.core.instrument.Meter$Id::<init> (38 bytes)
Event: 52.859 Thread 0x00000167c18d6ff0 nmethod 5646 0x00000167ab5b1e10 code [0x00000167ab5b1fc0, 0x00000167ab5b2388]

GC Heap History (20 events):
Event: 51.725 GC heap after
{Heap after GC invocations=47 (full 0):
 garbage-first heap   total 837632K, used 278352K [0x0000000704a00000, 0x0000000800000000)
  region size 2048K, 21 young (43008K), 21 survivors (43008K)
 Metaspace       used 39026K, committed 39552K, reserved 1114112K
  class space    used 4741K, committed 4992K, reserved 1048576K
}
Event: 52.173 GC heap before
{Heap before GC invocations=47 (full 0):
 garbage-first heap   total 837632K, used 585552K [0x0000000704a00000, 0x0000000800000000)
  region size 2048K, 103 young (210944K), 21 survivors (43008K)
 Metaspace       used 39026K, committed 39552K, reserved 1114112K
  class space    used 4741K, committed 4992K, reserved 1048576K
}
Event: 52.184 GC heap after
{Heap after GC invocations=48 (full 0):
 garbage-first heap   total 837632K, used 293754K [0x0000000704a00000, 0x0000000800000000)
  region size 2048K, 22 young (45056K), 22 survivors (45056K)
 Metaspace       used 39026K, committed 39552K, reserved 1114112K
  class space    used 4741K, committed 4992K, reserved 1048576K
}
Event: 52.505 GC heap before
{Heap before GC invocations=48 (full 0):
 garbage-first heap   total 837632K, used 535418K [0x0000000704a00000, 0x0000000800000000)
  region size 2048K, 81 young (165888K), 22 survivors (45056K)
 Metaspace       used 39026K, committed 39552K, reserved 1114112K
  class space    used 4741K, committed 4992K, reserved 1048576K
}
Event: 52.515 GC heap after
{Heap after GC invocations=49 (full 0):
 garbage-first heap   total 837632K, used 305711K [0x0000000704a00000, 0x0000000800000000)
  region size 2048K, 20 young (40960K), 20 survivors (40960K)
 Metaspace       used 39026K, committed 39552K, reserved 1114112K
  class space    used 4741K, committed 4992K, reserved 1048576K
}
Event: 52.551 GC heap before
{Heap before GC invocations=49 (full 0):
 garbage-first heap   total 837632K, used 494127K [0x0000000704a00000, 0x0000000800000000)
  region size 2048K, 60 young (122880K), 20 survivors (40960K)
 Metaspace       used 39026K, committed 39552K, reserved 1114112K
  class space    used 4741K, committed 4992K, reserved 1048576K
}
Event: 52.557 GC heap after
{Heap after GC invocations=50 (full 0):
 garbage-first heap   total 837632K, used 308999K [0x0000000704a00000, 0x0000000800000000)
  region size 2048K, 14 young (28672K), 14 survivors (28672K)
 Metaspace       used 39026K, committed 39552K, reserved 1114112K
  class space    used 4741K, committed 4992K, reserved 1048576K
}
Event: 52.570 GC heap before
{Heap before GC invocations=50 (full 0):
 garbage-first heap   total 837632K, used 405255K [0x0000000704a00000, 0x0000000800000000)
  region size 2048K, 15 young (30720K), 14 survivors (28672K)
 Metaspace       used 39026K, committed 39552K, reserved 1114112K
  class space    used 4741K, committed 4992K, reserved 1048576K
}
Event: 52.574 GC heap after
{Heap after GC invocations=51 (full 0):
 garbage-first heap   total 837632K, used 307838K [0x0000000704a00000, 0x0000000800000000)
  region size 2048K, 14 young (28672K), 14 survivors (28672K)
 Metaspace       used 39026K, committed 39552K, reserved 1114112K
  class space    used 4741K, committed 4992K, reserved 1048576K
}
Event: 52.593 GC heap before
{Heap before GC invocations=51 (full 0):
 garbage-first heap   total 837632K, used 404094K [0x0000000704a00000, 0x0000000800000000)
  region size 2048K, 15 young (30720K), 14 survivors (28672K)
 Metaspace       used 39033K, committed 39552K, reserved 1114112K
  class space    used 4741K, committed 4992K, reserved 1048576K
}
Event: 52.599 GC heap after
{Heap after GC invocations=52 (full 0):
 garbage-first heap   total 837632K, used 310851K [0x0000000704a00000, 0x0000000800000000)
  region size 2048K, 14 young (28672K), 14 survivors (28672K)
 Metaspace       used 39033K, committed 39552K, reserved 1114112K
  class space    used 4741K, committed 4992K, reserved 1048576K
}
Event: 52.609 GC heap before
{Heap before GC invocations=52 (full 0):
 garbage-first heap   total 837632K, used 405059K [0x0000000704a00000, 0x0000000800000000)
  region size 2048K, 15 young (30720K), 14 survivors (28672K)
 Metaspace       used 39033K, committed 39552K, reserved 1114112K
  class space    used 4741K, committed 4992K, reserved 1048576K
}
Event: 52.615 GC heap after
{Heap after GC invocations=53 (full 0):
 garbage-first heap   total 1570816K, used 310836K [0x0000000704a00000, 0x0000000800000000)
  region size 2048K, 14 young (28672K), 14 survivors (28672K)
 Metaspace       used 39033K, committed 39552K, reserved 1114112K
  class space    used 4741K, committed 4992K, reserved 1048576K
}
Event: 52.676 GC heap before
{Heap before GC invocations=53 (full 0):
 garbage-first heap   total 1570816K, used 732724K [0x0000000704a00000, 0x0000000800000000)
  region size 2048K, 15 young (30720K), 14 survivors (28672K)
 Metaspace       used 39034K, committed 39552K, reserved 1114112K
  class space    used 4741K, committed 4992K, reserved 1048576K
}
Event: 52.683 GC heap after
{Heap after GC invocations=54 (full 0):
 garbage-first heap   total 1570816K, used 310424K [0x0000000704a00000, 0x0000000800000000)
  region size 2048K, 14 young (28672K), 14 survivors (28672K)
 Metaspace       used 39034K, committed 39552K, reserved 1114112K
  class space    used 4741K, committed 4992K, reserved 1048576K
}
Event: 52.770 GC heap before
{Heap before GC invocations=54 (full 0):
 garbage-first heap   total 1570816K, used 732312K [0x0000000704a00000, 0x0000000800000000)
  region size 2048K, 15 young (30720K), 14 survivors (28672K)
 Metaspace       used 39034K, committed 39552K, reserved 1114112K
  class space    used 4741K, committed 4992K, reserved 1048576K
}
Event: 52.778 GC heap after
{Heap after GC invocations=55 (full 0):
 garbage-first heap   total 1570816K, used 309808K [0x0000000704a00000, 0x0000000800000000)
  region size 2048K, 14 young (28672K), 14 survivors (28672K)
 Metaspace       used 39034K, committed 39552K, reserved 1114112K
  class space    used 4741K, committed 4992K, reserved 1048576K
}
Event: 52.850 GC heap before
{Heap before GC invocations=55 (full 0):
 garbage-first heap   total 1570816K, used 729648K [0x0000000704a00000, 0x0000000800000000)
  region size 2048K, 15 young (30720K), 14 survivors (28672K)
 Metaspace       used 39037K, committed 39552K, reserved 1114112K
  class space    used 4741K, committed 4992K, reserved 1048576K
}
Event: 52.856 GC heap after
{Heap after GC invocations=56 (full 0):
 garbage-first heap   total 1570816K, used 311856K [0x0000000704a00000, 0x0000000800000000)
  region size 2048K, 14 young (28672K), 14 survivors (28672K)
 Metaspace       used 39037K, committed 39552K, reserved 1114112K
  class space    used 4741K, committed 4992K, reserved 1048576K
}
Event: 52.943 GC heap before
{Heap before GC invocations=56 (full 0):
 garbage-first heap   total 1570816K, used 729648K [0x0000000704a00000, 0x0000000800000000)
  region size 2048K, 15 young (30720K), 14 survivors (28672K)
 Metaspace       used 39037K, committed 39552K, reserved 1114112K
  class space    used 4741K, committed 4992K, reserved 1048576K
}

Dll operation events (11 events):
Event: 0.005 Loaded shared library C:\Users\UsuarioPc\Documents\rosetta-2.13.1-win32.win32.x86_64\Rosetta\plugins\org.eclipse.justj.openjdk.hotspot.jre.full.win32.x86_64_21.0.8.v20250724-1412\jre\bin\java.dll
Event: 0.069 Loaded shared library C:\Users\UsuarioPc\Documents\rosetta-2.13.1-win32.win32.x86_64\Rosetta\plugins\org.eclipse.justj.openjdk.hotspot.jre.full.win32.x86_64_21.0.8.v20250724-1412\jre\bin\net.dll
Event: 0.070 Loaded shared library C:\Users\UsuarioPc\Documents\rosetta-2.13.1-win32.win32.x86_64\Rosetta\plugins\org.eclipse.justj.openjdk.hotspot.jre.full.win32.x86_64_21.0.8.v20250724-1412\jre\bin\nio.dll
Event: 0.084 Loaded shared library C:\Users\UsuarioPc\Documents\rosetta-2.13.1-win32.win32.x86_64\Rosetta\plugins\org.eclipse.justj.openjdk.hotspot.jre.full.win32.x86_64_21.0.8.v20250724-1412\jre\bin\zip.dll
Event: 0.089 Loaded shared library C:\Users\UsuarioPc\Documents\rosetta-2.13.1-win32.win32.x86_64\Rosetta\plugins\org.eclipse.justj.openjdk.hotspot.jre.full.win32.x86_64_21.0.8.v20250724-1412\jre\bin\zip.dll
Event: 0.102 Loaded shared library C:\Users\UsuarioPc\Documents\rosetta-2.13.1-win32.win32.x86_64\Rosetta\plugins\org.eclipse.justj.openjdk.hotspot.jre.full.win32.x86_64_21.0.8.v20250724-1412\jre\bin\jimage.dll
Event: 0.324 Loaded shared library C:\Users\UsuarioPc\Documents\rosetta-2.13.1-win32.win32.x86_64\Rosetta\plugins\org.eclipse.justj.openjdk.hotspot.jre.full.win32.x86_64_21.0.8.v20250724-1412\jre\bin\management.dll
Event: 0.328 Loaded shared library C:\Users\UsuarioPc\Documents\rosetta-2.13.1-win32.win32.x86_64\Rosetta\plugins\org.eclipse.justj.openjdk.hotspot.jre.full.win32.x86_64_21.0.8.v20250724-1412\jre\bin\management_ext.dll
Event: 0.698 Loaded shared library C:\Users\UsuarioPc\Documents\rosetta-2.13.1-win32.win32.x86_64\Rosetta\plugins\org.eclipse.justj.openjdk.hotspot.jre.full.win32.x86_64_21.0.8.v20250724-1412\jre\bin\verify.dll
Event: 1.223 Loaded shared library C:\Users\UsuarioPc\Documents\rosetta-2.13.1-win32.win32.x86_64\Rosetta\plugins\org.eclipse.justj.openjdk.hotspot.jre.full.win32.x86_64_21.0.8.v20250724-1412\jre\bin\extnet.dll
Event: 6.333 Loaded shared library C:\Users\UsuarioPc\Documents\rosetta-2.13.1-win32.win32.x86_64\Rosetta\plugins\org.eclipse.justj.openjdk.hotspot.jre.full.win32.x86_64_21.0.8.v20250724-1412\jre\bin\sunmscapi.dll

Deoptimization events (20 events):
Event: 51.634 Thread 0x00000168080672f0 Uncommon trap: trap_request=0xffffffde fr.pc=0x00000167b2abb504 relative=0x0000000000002be4
Event: 51.634 Thread 0x00000168080672f0 Uncommon trap: reason=class_check action=maybe_recompile pc=0x00000167b2abb504 method=org.apache.jena.tdb.index.bplustree.BPTreeNode.internalSearch(Lorg/apache/jena/tdb/base/record/Record;)Lorg/apache/jena/tdb/base/record/Record; @ 18 c2
Event: 51.635 Thread 0x00000168080672f0 DEOPT PACKING pc=0x00000167b2abb504 sp=0x000000253bcfc770
Event: 51.635 Thread 0x00000168080672f0 DEOPT UNPACKING pc=0x00000167b21c7da2 sp=0x000000253bcfc4a0 mode 2
Event: 52.500 Thread 0x00000168080672f0 Uncommon trap: trap_request=0xffffff45 fr.pc=0x00000167b2aec4dc relative=0x000000000000103c
Event: 52.500 Thread 0x00000168080672f0 Uncommon trap: reason=unstable_if action=reinterpret pc=0x00000167b2aec4dc method=org.eclipse.jetty.http.HttpParser.parseContent(Ljava/nio/ByteBuffer;)Z @ 71 c2
Event: 52.500 Thread 0x00000168080672f0 DEOPT PACKING pc=0x00000167b2aec4dc sp=0x000000253bcfc170
Event: 52.500 Thread 0x00000168080672f0 DEOPT UNPACKING pc=0x00000167b21c7da2 sp=0x000000253bcfc188 mode 2
Event: 52.500 Thread 0x00000168080672f0 Uncommon trap: trap_request=0xffffff45 fr.pc=0x00000167b2adb7dc relative=0x000000000000023c
Event: 52.500 Thread 0x00000168080672f0 Uncommon trap: reason=unstable_if action=reinterpret pc=0x00000167b2adb7dc method=org.eclipse.jetty.http.HttpParser.parseNext(Ljava/nio/ByteBuffer;)Z @ 257 c2
Event: 52.500 Thread 0x00000168080672f0 DEOPT PACKING pc=0x00000167b2adb7dc sp=0x000000253bcfc240
Event: 52.500 Thread 0x00000168080672f0 DEOPT UNPACKING pc=0x00000167b21c7da2 sp=0x000000253bcfc1c8 mode 2
Event: 52.500 Thread 0x00000168080672f0 Uncommon trap: trap_request=0xffffff45 fr.pc=0x00000167b2ad6b68 relative=0x0000000000001c88
Event: 52.500 Thread 0x00000168080672f0 Uncommon trap: reason=unstable_if action=reinterpret pc=0x00000167b2ad6b68 method=org.eclipse.jetty.http.HttpParser.inContentState()Z @ 29 c2
Event: 52.500 Thread 0x00000168080672f0 DEOPT PACKING pc=0x00000167b2ad6b68 sp=0x000000253bcfc2f0
Event: 52.500 Thread 0x00000168080672f0 DEOPT UNPACKING pc=0x00000167b21c7da2 sp=0x000000253bcfc118 mode 2
Event: 52.500 Thread 0x00000168080672f0 Uncommon trap: trap_request=0xffffff45 fr.pc=0x00000167b2aa6bb0 relative=0x0000000000000090
Event: 52.500 Thread 0x00000168080672f0 Uncommon trap: reason=unstable_if action=reinterpret pc=0x00000167b2aa6bb0 method=org.eclipse.jetty.http.HttpParser.inContentState()Z @ 29 c2
Event: 52.500 Thread 0x00000168080672f0 DEOPT PACKING pc=0x00000167b2aa6bb0 sp=0x000000253bcfc190
Event: 52.500 Thread 0x00000168080672f0 DEOPT UNPACKING pc=0x00000167b21c7da2 sp=0x000000253bcfc118 mode 2

Classes loaded (20 events):
Event: 44.156 Loading class jdk/internal/icu/util/CodePointTrie$Type
Event: 44.156 Loading class jdk/internal/icu/util/CodePointTrie$Type done
Event: 44.156 Loading class jdk/internal/icu/util/CodePointTrie$ValueWidth
Event: 44.156 Loading class jdk/internal/icu/util/CodePointTrie$ValueWidth done
Event: 44.156 Loading class java/nio/ByteBufferAsCharBufferL
Event: 44.156 Loading class java/nio/ByteBufferAsCharBufferL done
Event: 44.156 Loading class jdk/internal/icu/util/CodePointTrie$Data16
Event: 44.157 Loading class jdk/internal/icu/util/CodePointTrie$Data
Event: 44.157 Loading class jdk/internal/icu/util/CodePointTrie$Data done
Event: 44.157 Loading class jdk/internal/icu/util/CodePointTrie$Data16 done
Event: 44.157 Loading class jdk/internal/icu/impl/Norm2AllModes$ComposeNormalizer2
Event: 44.157 Loading class jdk/internal/icu/impl/Norm2AllModes$Normalizer2WithImpl
Event: 44.157 Loading class jdk/internal/icu/impl/Norm2AllModes$Normalizer2WithImpl done
Event: 44.157 Loading class jdk/internal/icu/impl/Norm2AllModes$ComposeNormalizer2 done
Event: 44.157 Loading class jdk/internal/icu/impl/Norm2AllModes$DecomposeNormalizer2
Event: 44.157 Loading class jdk/internal/icu/impl/Norm2AllModes$DecomposeNormalizer2 done
Event: 44.157 Loading class jdk/internal/icu/impl/NormalizerImpl$ReorderingBuffer
Event: 44.157 Loading class jdk/internal/icu/impl/NormalizerImpl$ReorderingBuffer done
Event: 44.202 Loading class java/lang/foreign/MemorySegment
Event: 44.203 Loading class java/lang/foreign/MemorySegment done

Classes unloaded (0 events):
No events

Classes redefined (0 events):
No events

Internal exceptions (20 events):
Event: 6.453 Thread 0x00000167a72a51a0 Exception <a 'java/lang/NoSuchMethodError'{0x00000007131b9478}: 'int java.lang.invoke.DirectMethodHandle$Holder.invokeStaticInit(java.lang.Object, double, double)'> (0x00000007131b9478) 
thrown [s\src\hotspot\share\interpreter\linkResolver.cpp, line 773]
Event: 6.454 Thread 0x00000167a72a51a0 Exception <a 'java/lang/NoSuchMethodError'{0x00000007131bda40}: 'int java.lang.invoke.DirectMethodHandle$Holder.invokeStatic(java.lang.Object, long)'> (0x00000007131bda40) 
thrown [s\src\hotspot\share\interpreter\linkResolver.cpp, line 773]
Event: 6.455 Thread 0x00000167a72a51a0 Exception <a 'java/lang/NoSuchMethodError'{0x00000007131d15c0}: 'int java.lang.invoke.DirectMethodHandle$Holder.invokeSpecial(java.lang.Object, java.lang.Object, java.lang.Object, java.lang.Object)'> (0x00000007131d15c0) 
thrown [s\src\hotspot\share\interpreter\linkResolver.cpp, line 773]
Event: 6.456 Thread 0x00000167a72a51a0 Exception <a 'java/lang/NoSuchMethodError'{0x00000007131df1f8}: 'java.lang.Object java.lang.invoke.DirectMethodHandle$Holder.invokeSpecial(java.lang.Object, java.lang.Object, int, java.lang.Object, java.lang.Object)'> (0x00000007131df1f8) 
thrown [s\src\hotspot\share\interpreter\linkResolver.cpp, line 773]
Event: 6.456 Thread 0x00000167a72a51a0 Exception <a 'java/lang/NoSuchMethodError'{0x00000007131e2968}: 'java.lang.Object java.lang.invoke.DelegatingMethodHandle$Holder.delegate(java.lang.Object, int, java.lang.Object, java.lang.Object)'> (0x00000007131e2968) 
thrown [s\src\hotspot\share\interpreter\linkResolver.cpp, line 773]
Event: 6.460 Thread 0x00000167a72a51a0 Exception <a 'java/lang/NoSuchMethodError'{0x00000007131f1f00}: 'int java.lang.invoke.Invokers$Holder.linkToTargetMethod(java.lang.Object, java.lang.Object, java.lang.Object)'> (0x00000007131f1f00) 
thrown [s\src\hotspot\share\interpreter\linkResolver.cpp, line 773]
Event: 6.620 Thread 0x00000168081148e0 Implicit null exception at 0x00000167b27fcb87 to 0x00000167b27fcc68
Event: 6.668 Thread 0x00000167a72a51a0 Exception <a 'java/lang/NoSuchMethodError'{0x000000071443e1a0}: 'int java.lang.invoke.DirectMethodHandle$Holder.invokeSpecialIFC(java.lang.Object, java.lang.Object, java.lang.Object, java.lang.Object)'> (0x000000071443e1a0) 
thrown [s\src\hotspot\share\interpreter\linkResolver.cpp, line 773]
Event: 7.033 Thread 0x00000167a72a51a0 Exception <a 'java/io/FileNotFoundException'{0x0000000714523c50}> (0x0000000714523c50) 
thrown [s\src\hotspot\share\prims\jni.cpp, line 520]
Event: 7.076 Thread 0x00000167a72a51a0 Exception <a 'java/lang/NoSuchMethodError'{0x0000000714233098}: 'void java.lang.invoke.DirectMethodHandle$Holder.invokeStatic(java.lang.Object, long)'> (0x0000000714233098) 
thrown [s\src\hotspot\share\interpreter\linkResolver.cpp, line 773]
Event: 7.076 Thread 0x00000167a72a51a0 Exception <a 'java/lang/NoSuchMethodError'{0x0000000714237e60}: 'java.lang.Object java.lang.invoke.DirectMethodHandle$Holder.newInvokeSpecial(java.lang.Object, long)'> (0x0000000714237e60) 
thrown [s\src\hotspot\share\interpreter\linkResolver.cpp, line 773]
Event: 7.077 Thread 0x00000167a72a51a0 Exception <a 'java/lang/NoSuchMethodError'{0x000000071423e300}: 'java.lang.Object java.lang.invoke.DirectMethodHandle$Holder.invokeStatic(java.lang.Object, long, java.lang.Object)'> (0x000000071423e300) 
thrown [s\src\hotspot\share\interpreter\linkResolver.cpp, line 773]
Event: 7.077 Thread 0x00000167a72a51a0 Exception <a 'java/lang/NoSuchMethodError'{0x0000000714241968}: 'java.lang.Object java.lang.invoke.DirectMethodHandle$Holder.invokeStaticInit(java.lang.Object, long, java.lang.Object)'> (0x0000000714241968) 
thrown [s\src\hotspot\share\interpreter\linkResolver.cpp, line 773]
Event: 7.385 Thread 0x00000167a72a51a0 Exception <a 'java/lang/NoSuchMethodError'{0x0000000714372dc8}: 'java.lang.Object java.lang.invoke.DirectMethodHandle$Holder.invokeSpecial(java.lang.Object, java.lang.Object, java.lang.Object, java.lang.Object, java.lang.Object, int, java.lang.Object)'> (0x0000000714372dc8) 
thrown [s\src\hotspot\share\interpreter\linkResolver.cpp, line 773]
Event: 7.453 Thread 0x00000167a72a51a0 Exception <a 'java/lang/NoSuchMethodError'{0x0000000713418df0}: 'java.lang.Object java.lang.invoke.DirectMethodHandle$Holder.newInvokeSpecial(java.lang.Object, java.lang.Object, int, java.lang.Object)'> (0x0000000713418df0) 
thrown [s\src\hotspot\share\interpreter\linkResolver.cpp, line 773]
Event: 7.453 Thread 0x00000167a72a51a0 Exception <a 'java/lang/NoSuchMethodError'{0x000000071341cbc0}: 'java.lang.Object java.lang.invoke.DirectMethodHandle$Holder.invokeSpecial(java.lang.Object, java.lang.Object, java.lang.Object, int, java.lang.Object)'> (0x000000071341cbc0) 
thrown [s\src\hotspot\share\interpreter\linkResolver.cpp, line 773]
Event: 7.453 Thread 0x00000167a72a51a0 Exception <a 'java/lang/NoSuchMethodError'{0x0000000713420328}: 'java.lang.Object java.lang.invoke.Invokers$Holder.linkToTargetMethod(java.lang.Object, int, java.lang.Object, java.lang.Object)'> (0x0000000713420328) 
thrown [s\src\hotspot\share\interpreter\linkResolver.cpp, line 773]
Event: 7.480 Thread 0x00000167a72a51a0 Exception <a 'java/lang/NoSuchMethodError'{0x000000071354d510}: 'void java.lang.invoke.DirectMethodHandle$Holder.invokeInterface(java.lang.Object, java.lang.Object)'> (0x000000071354d510) 
thrown [s\src\hotspot\share\interpreter\linkResolver.cpp, line 773]
Event: 7.491 Thread 0x00000167a72a51a0 Exception <a 'java/lang/NoSuchMethodError'{0x0000000714436870}: 'long java.lang.invoke.DelegatingMethodHandle$Holder.reinvoke_L(java.lang.Object, java.lang.Object)'> (0x0000000714436870) 
thrown [s\src\hotspot\share\interpreter\linkResolver.cpp, line 773]
Event: 44.022 Thread 0x0000016808067950 Exception <a 'java/lang/NoSuchMethodError'{0x00000007135f0098}: 'void java.lang.invoke.DirectMethodHandle$Holder.invokeStatic(java.lang.Object, java.lang.Object, java.lang.Object, java.lang.Object, java.lang.Object, java.lang.Object)'> (0x00000007135f0098) 
thrown [s\src\hotspot\share\interpreter\linkResolver.cpp, line 773]

ZGC Phase Switch (0 events):
No events

VM Operations (20 events):
Event: 51.725 Executing VM operation: G1TryInitiateConcMark (G1 Humongous Allocation) done
Event: 52.173 Executing VM operation: G1TryInitiateConcMark (G1 Humongous Allocation)
Event: 52.184 Executing VM operation: G1TryInitiateConcMark (G1 Humongous Allocation) done
Event: 52.505 Executing VM operation: G1TryInitiateConcMark (G1 Humongous Allocation)
Event: 52.515 Executing VM operation: G1TryInitiateConcMark (G1 Humongous Allocation) done
Event: 52.551 Executing VM operation: G1TryInitiateConcMark (G1 Humongous Allocation)
Event: 52.557 Executing VM operation: G1TryInitiateConcMark (G1 Humongous Allocation) done
Event: 52.570 Executing VM operation: G1TryInitiateConcMark (G1 Humongous Allocation)
Event: 52.574 Executing VM operation: G1TryInitiateConcMark (G1 Humongous Allocation) done
Event: 52.593 Executing VM operation: G1TryInitiateConcMark (G1 Humongous Allocation)
Event: 52.599 Executing VM operation: G1TryInitiateConcMark (G1 Humongous Allocation) done
Event: 52.609 Executing VM operation: G1TryInitiateConcMark (G1 Humongous Allocation)
Event: 52.615 Executing VM operation: G1TryInitiateConcMark (G1 Humongous Allocation) done
Event: 52.676 Executing VM operation: G1TryInitiateConcMark (G1 Humongous Allocation)
Event: 52.683 Executing VM operation: G1TryInitiateConcMark (G1 Humongous Allocation) done
Event: 52.770 Executing VM operation: G1TryInitiateConcMark (G1 Humongous Allocation)
Event: 52.778 Executing VM operation: G1TryInitiateConcMark (G1 Humongous Allocation) done
Event: 52.850 Executing VM operation: G1TryInitiateConcMark (G1 Humongous Allocation)
Event: 52.856 Executing VM operation: G1TryInitiateConcMark (G1 Humongous Allocation) done
Event: 52.943 Executing VM operation: G1TryInitiateConcMark (G1 Humongous Allocation)

Memory protections (0 events):
No events

Nmethod flushes (20 events):
Event: 44.560 Thread 0x00000167c14287a0 flushing  nmethod 0x00000167aad3ba90
Event: 44.560 Thread 0x00000167c14287a0 flushing  nmethod 0x00000167aad75f10
Event: 44.560 Thread 0x00000167c14287a0 flushing  nmethod 0x00000167aad96b10
Event: 44.560 Thread 0x00000167c14287a0 flushing  nmethod 0x00000167aad97810
Event: 44.560 Thread 0x00000167c14287a0 flushing  nmethod 0x00000167aadd0e10
Event: 44.560 Thread 0x00000167c14287a0 flushing  nmethod 0x00000167aadd1c90
Event: 44.560 Thread 0x00000167c14287a0 flushing  nmethod 0x00000167aae6d910
Event: 44.560 Thread 0x00000167c14287a0 flushing  nmethod 0x00000167aaf98c90
Event: 44.560 Thread 0x00000167c14287a0 flushing  nmethod 0x00000167ab092c90
Event: 44.560 Thread 0x00000167c14287a0 flushing  nmethod 0x00000167ab0a8890
Event: 44.560 Thread 0x00000167c14287a0 flushing  nmethod 0x00000167ab0f3d90
Event: 44.560 Thread 0x00000167c14287a0 flushing  nmethod 0x00000167ab0f5690
Event: 44.560 Thread 0x00000167c14287a0 flushing  nmethod 0x00000167ab1a4d90
Event: 44.560 Thread 0x00000167c14287a0 flushing  nmethod 0x00000167ab1a5110
Event: 44.560 Thread 0x00000167c14287a0 flushing  nmethod 0x00000167ab1ac810
Event: 44.560 Thread 0x00000167c14287a0 flushing  nmethod 0x00000167ab1ad210
Event: 44.560 Thread 0x00000167c14287a0 flushing  nmethod 0x00000167ab1ad710
Event: 44.560 Thread 0x00000167c14287a0 flushing  nmethod 0x00000167ab268610
Event: 44.560 Thread 0x00000167c14287a0 flushing  nmethod 0x00000167ab297690
Event: 44.560 Thread 0x00000167c14287a0 flushing  nmethod 0x00000167ab297d10

Events (20 events):
Event: 1.782 Thread 0x00000168074ed9d0 Thread exited: 0x00000168074ed9d0
Event: 6.251 Thread 0x00000167a72a51a0 Thread added: 0x0000016808112180
Event: 6.307 Thread 0x00000167c18d6ff0 Thread added: 0x00000168085bb510
Event: 6.551 Thread 0x00000167c18d6ff0 Thread added: 0x0000016809b66450
Event: 6.620 Thread 0x00000167a72a51a0 Thread added: 0x00000168081148e0
Event: 7.373 Thread 0x0000016809b66450 Thread exited: 0x0000016809b66450
Event: 7.373 Thread 0x00000168085bb510 Thread exited: 0x00000168085bb510
Event: 7.500 Thread 0x00000168082c1a70 Thread added: 0x0000016808113bc0
Event: 44.017 Thread 0x0000016808067950 Thread added: 0x0000016808114f70
Event: 44.103 Thread 0x00000168082c20d0 Thread added: 0x0000016808115600
Event: 44.103 Thread 0x00000168082c1a70 Thread added: 0x0000016808112810
Event: 44.103 Thread 0x00000168082be750 Thread added: 0x0000016808112ea0
Event: 44.107 Thread 0x00000168082be750 Thread added: 0x0000016808113530
Event: 44.107 Thread 0x00000168082be750 Thread added: 0x000001680934ae10
Event: 44.175 Thread 0x00000167c18d6ff0 Thread added: 0x00000168072f2cb0
Event: 44.255 Thread 0x00000167c18d6ff0 Thread added: 0x0000016809b66400
Event: 46.785 Thread 0x0000016809b66400 Thread exited: 0x0000016809b66400
Event: 46.785 Thread 0x00000168072f2cb0 Thread exited: 0x00000168072f2cb0
Event: 46.986 Thread 0x00000167c18d6560 Thread added: 0x00000168072f2cb0
Event: 47.446 Thread 0x00000168072f2cb0 Thread exited: 0x00000168072f2cb0


Dynamic libraries:
0x00007ff691260000 - 0x00007ff69126e000 	C:\Users\UsuarioPc\Documents\rosetta-2.13.1-win32.win32.x86_64\Rosetta\plugins\org.eclipse.justj.openjdk.hotspot.jre.full.win32.x86_64_21.0.8.v20250724-1412\jre\bin\java.exe
0x00007ffbd8120000 - 0x00007ffbd8386000 	C:\WINDOWS\SYSTEM32\ntdll.dll
0x00007ffbd6b10000 - 0x00007ffbd6bd9000 	C:\WINDOWS\System32\KERNEL32.DLL
0x00007ffbd59e0000 - 0x00007ffbd5dda000 	C:\WINDOWS\System32\KERNELBASE.dll
0x00007ffbd57d0000 - 0x00007ffbd591c000 	C:\WINDOWS\System32\ucrtbase.dll
0x00007ffbb47b0000 - 0x00007ffbb47c8000 	C:\Users\UsuarioPc\Documents\rosetta-2.13.1-win32.win32.x86_64\Rosetta\plugins\org.eclipse.justj.openjdk.hotspot.jre.full.win32.x86_64_21.0.8.v20250724-1412\jre\bin\jli.dll
0x00007ffbb4790000 - 0x00007ffbb47ae000 	C:\Users\UsuarioPc\Documents\rosetta-2.13.1-win32.win32.x86_64\Rosetta\plugins\org.eclipse.justj.openjdk.hotspot.jre.full.win32.x86_64_21.0.8.v20250724-1412\jre\bin\VCRUNTIME140.dll
0x00007ffbd7bb0000 - 0x00007ffbd7d77000 	C:\WINDOWS\System32\USER32.dll
0x00007ffbbd970000 - 0x00007ffbbdc02000 	C:\WINDOWS\WinSxS\amd64_microsoft.windows.common-controls_6595b64144ccf1df_6.0.26100.8521_none_3e08b75ce33403b3\COMCTL32.dll
0x00007ffbd56f0000 - 0x00007ffbd5717000 	C:\WINDOWS\System32\win32u.dll
0x00007ffbd6a20000 - 0x00007ffbd6a4b000 	C:\WINDOWS\System32\GDI32.dll
0x00007ffbd6a50000 - 0x00007ffbd6af9000 	C:\WINDOWS\System32\msvcrt.dll
0x00007ffbd5440000 - 0x00007ffbd556b000 	C:\WINDOWS\System32\gdi32full.dll
0x00007ffbd5de0000 - 0x00007ffbd5e83000 	C:\WINDOWS\System32\msvcp_win.dll
0x00007ffbd6220000 - 0x00007ffbd6252000 	C:\WINDOWS\System32\IMM32.DLL
0x00007ffbbab40000 - 0x00007ffbbab4c000 	C:\Users\UsuarioPc\Documents\rosetta-2.13.1-win32.win32.x86_64\Rosetta\plugins\org.eclipse.justj.openjdk.hotspot.jre.full.win32.x86_64_21.0.8.v20250724-1412\jre\bin\vcruntime140_1.dll
0x00007ffb97d20000 - 0x00007ffb97dad000 	C:\Users\UsuarioPc\Documents\rosetta-2.13.1-win32.win32.x86_64\Rosetta\plugins\org.eclipse.justj.openjdk.hotspot.jre.full.win32.x86_64_21.0.8.v20250724-1412\jre\bin\msvcp140.dll
0x00007ffb60330000 - 0x00007ffb610c7000 	C:\Users\UsuarioPc\Documents\rosetta-2.13.1-win32.win32.x86_64\Rosetta\plugins\org.eclipse.justj.openjdk.hotspot.jre.full.win32.x86_64_21.0.8.v20250724-1412\jre\bin\server\jvm.dll
0x00007ffbd7d90000 - 0x00007ffbd7e46000 	C:\WINDOWS\System32\ADVAPI32.dll
0x00007ffbd7e70000 - 0x00007ffbd7f1a000 	C:\WINDOWS\System32\sechost.dll
0x00007ffbd78b0000 - 0x00007ffbd79c8000 	C:\WINDOWS\System32\RPCRT4.dll
0x00007ffbd77a0000 - 0x00007ffbd7820000 	C:\WINDOWS\System32\WS2_32.dll
0x00007ffbd5230000 - 0x00007ffbd528e000 	C:\WINDOWS\SYSTEM32\POWRPROF.dll
0x00007ffbc8a60000 - 0x00007ffbc8a96000 	C:\WINDOWS\SYSTEM32\WINMM.dll
0x00007ffbccae0000 - 0x00007ffbccaeb000 	C:\WINDOWS\SYSTEM32\VERSION.dll
0x00007ffbd5210000 - 0x00007ffbd5224000 	C:\WINDOWS\SYSTEM32\UMPDC.dll
0x00007ffbd4100000 - 0x00007ffbd411b000 	C:\WINDOWS\SYSTEM32\kernel.appcore.dll
0x00007ffbcf890000 - 0x00007ffbcf89a000 	C:\Users\UsuarioPc\Documents\rosetta-2.13.1-win32.win32.x86_64\Rosetta\plugins\org.eclipse.justj.openjdk.hotspot.jre.full.win32.x86_64_21.0.8.v20250724-1412\jre\bin\jimage.dll
0x00007ffbd2a70000 - 0x00007ffbd2cb2000 	C:\WINDOWS\SYSTEM32\DBGHELP.DLL
0x00007ffbd5e90000 - 0x00007ffbd6213000 	C:\WINDOWS\System32\combase.dll
0x00007ffbd6940000 - 0x00007ffbd6a19000 	C:\WINDOWS\System32\OLEAUT32.dll
0x00007ffbab1a0000 - 0x00007ffbab1db000 	C:\WINDOWS\SYSTEM32\dbgcore.DLL
0x00007ffbd5720000 - 0x00007ffbd57c8000 	C:\WINDOWS\System32\bcryptPrimitives.dll
0x00007ffbc1c40000 - 0x00007ffbc1c5f000 	C:\Users\UsuarioPc\Documents\rosetta-2.13.1-win32.win32.x86_64\Rosetta\plugins\org.eclipse.justj.openjdk.hotspot.jre.full.win32.x86_64_21.0.8.v20250724-1412\jre\bin\java.dll
0x00007ffbd6f80000 - 0x00007ffbd7704000 	C:\WINDOWS\System32\SHELL32.dll
0x00007ffbd2f50000 - 0x00007ffbd37d0000 	C:\WINDOWS\SYSTEM32\windows.storage.dll
0x00007ffbd6e80000 - 0x00007ffbd6f76000 	C:\WINDOWS\System32\SHCORE.dll
0x00007ffbd63f0000 - 0x00007ffbd6457000 	C:\WINDOWS\System32\shlwapi.dll
0x00007ffbd52d0000 - 0x00007ffbd52f9000 	C:\WINDOWS\SYSTEM32\profapi.dll
0x00007ffbcf4c0000 - 0x00007ffbcf4d0000 	C:\Users\UsuarioPc\Documents\rosetta-2.13.1-win32.win32.x86_64\Rosetta\plugins\org.eclipse.justj.openjdk.hotspot.jre.full.win32.x86_64_21.0.8.v20250724-1412\jre\bin\net.dll
0x00007ffbcbb60000 - 0x00007ffbcbc89000 	C:\WINDOWS\SYSTEM32\WINHTTP.dll
0x00007ffbd4650000 - 0x00007ffbd46bc000 	C:\WINDOWS\system32\mswsock.dll
0x00007ffbc19a0000 - 0x00007ffbc19b6000 	C:\Users\UsuarioPc\Documents\rosetta-2.13.1-win32.win32.x86_64\Rosetta\plugins\org.eclipse.justj.openjdk.hotspot.jre.full.win32.x86_64_21.0.8.v20250724-1412\jre\bin\nio.dll
0x00007ffbc1940000 - 0x00007ffbc1958000 	C:\Users\UsuarioPc\Documents\rosetta-2.13.1-win32.win32.x86_64\Rosetta\plugins\org.eclipse.justj.openjdk.hotspot.jre.full.win32.x86_64_21.0.8.v20250724-1412\jre\bin\zip.dll
0x00007ffbc0840000 - 0x00007ffbc084a000 	C:\Users\UsuarioPc\Documents\rosetta-2.13.1-win32.win32.x86_64\Rosetta\plugins\org.eclipse.justj.openjdk.hotspot.jre.full.win32.x86_64_21.0.8.v20250724-1412\jre\bin\management.dll
0x00007ffbbd960000 - 0x00007ffbbd96b000 	C:\Users\UsuarioPc\Documents\rosetta-2.13.1-win32.win32.x86_64\Rosetta\plugins\org.eclipse.justj.openjdk.hotspot.jre.full.win32.x86_64_21.0.8.v20250724-1412\jre\bin\management_ext.dll
0x00007ffbd7710000 - 0x00007ffbd7718000 	C:\WINDOWS\System32\PSAPI.DLL
0x00007ffbc0d60000 - 0x00007ffbc0d78000 	C:\WINDOWS\system32\napinsp.dll
0x00007ffbd3b70000 - 0x00007ffbd3cba000 	C:\WINDOWS\SYSTEM32\DNSAPI.dll
0x00007ffbd4470000 - 0x00007ffbd447d000 	C:\WINDOWS\SYSTEM32\DSPARSE.dll
0x00007ffbd3ae0000 - 0x00007ffbd3b13000 	C:\WINDOWS\SYSTEM32\IPHLPAPI.DLL
0x00007ffbd6b00000 - 0x00007ffbd6b0a000 	C:\WINDOWS\System32\NSI.dll
0x00007ffbbaab0000 - 0x00007ffbbaac3000 	C:\WINDOWS\System32\winrnr.dll
0x00007ffba2e00000 - 0x00007ffba2e22000 	C:\WINDOWS\system32\nlansp_c.dll
0x00007ffb9cc40000 - 0x00007ffb9cc56000 	C:\WINDOWS\system32\wshbth.dll
0x00007ffbbf370000 - 0x00007ffbbf37b000 	C:\Windows\System32\rasadhlp.dll
0x00007ffbc8910000 - 0x00007ffbc8996000 	C:\WINDOWS\System32\fwpuclnt.dll
0x00007ffbc1990000 - 0x00007ffbc19a0000 	C:\Users\UsuarioPc\Documents\rosetta-2.13.1-win32.win32.x86_64\Rosetta\plugins\org.eclipse.justj.openjdk.hotspot.jre.full.win32.x86_64_21.0.8.v20250724-1412\jre\bin\verify.dll
0x00007ffbc12a0000 - 0x00007ffbc12a9000 	C:\Users\UsuarioPc\Documents\rosetta-2.13.1-win32.win32.x86_64\Rosetta\plugins\org.eclipse.justj.openjdk.hotspot.jre.full.win32.x86_64_21.0.8.v20250724-1412\jre\bin\extnet.dll
0x00007ffbd4a50000 - 0x00007ffbd4a6b000 	C:\WINDOWS\SYSTEM32\CRYPTSP.dll
0x00007ffbd4060000 - 0x00007ffbd4099000 	C:\WINDOWS\system32\rsaenh.dll
0x00007ffbd4700000 - 0x00007ffbd4733000 	C:\WINDOWS\SYSTEM32\USERENV.dll
0x00007ffbd52a0000 - 0x00007ffbd52ca000 	C:\WINDOWS\SYSTEM32\bcrypt.dll
0x00007ffbd48b0000 - 0x00007ffbd48bc000 	C:\WINDOWS\SYSTEM32\CRYPTBASE.dll
0x00007ffbc1c80000 - 0x00007ffbc1c8e000 	C:\Users\UsuarioPc\Documents\rosetta-2.13.1-win32.win32.x86_64\Rosetta\plugins\org.eclipse.justj.openjdk.hotspot.jre.full.win32.x86_64_21.0.8.v20250724-1412\jre\bin\sunmscapi.dll
0x00007ffbd5570000 - 0x00007ffbd56e8000 	C:\WINDOWS\System32\CRYPT32.dll
0x00007ffbd4bb0000 - 0x00007ffbd4be0000 	C:\WINDOWS\SYSTEM32\ncrypt.dll
0x00007ffbd4b60000 - 0x00007ffbd4b9f000 	C:\WINDOWS\SYSTEM32\NTASN1.dll
0x00007ffbc1930000 - 0x00007ffbc1938000 	C:\WINDOWS\system32\wshunix.dll

JVMTI agents: none

dbghelp: loaded successfully - version: 4.0.5 - missing functions: none
symbol engine: initialized successfully - sym options: 0x614 - pdb path: .;C:\Users\UsuarioPc\Documents\rosetta-2.13.1-win32.win32.x86_64\Rosetta\plugins\org.eclipse.justj.openjdk.hotspot.jre.full.win32.x86_64_21.0.8.v20250724-1412\jre\bin;C:\WINDOWS\SYSTEM32;C:\WINDOWS\WinSxS\amd64_microsoft.windows.common-controls_6595b64144ccf1df_6.0.26100.8521_none_3e08b75ce33403b3;C:\Users\UsuarioPc\Documents\rosetta-2.13.1-win32.win32.x86_64\Rosetta\plugins\org.eclipse.justj.openjdk.hotspot.jre.full.win32.x86_64_21.0.8.v20250724-1412\jre\bin\server

VM Arguments:
java_command: org.apache.jena.fuseki.cmd.FusekiCmd --config=../.fuseki.ttl --port 3030 --localhost
java_class_path (initial): C:\Users\UsuarioPc\.m2\repository\org\apache\jena\jena-fuseki-server\4.6.1\jena-fuseki-server-4.6.1.jar;C:\Users\UsuarioPc\.m2\repository\org\apache\jena\jena-fuseki-webapp\4.6.1\jena-fuseki-webapp-4.6.1.jar;C:\Users\UsuarioPc\.m2\repository\org\apache\jena\jena-fuseki-core\4.6.1\jena-fuseki-core-4.6.1.jar;C:\Users\UsuarioPc\.m2\repository\org\apache\jena\jena-shacl\4.6.1\jena-shacl-4.6.1.jar;C:\Users\UsuarioPc\.m2\repository\org\apache\jena\jena-shex\4.6.1\jena-shex-4.6.1.jar;C:\Users\UsuarioPc\.m2\repository\org\apache\jena\jena-tdb\4.6.1\jena-tdb-4.6.1.jar;C:\Users\UsuarioPc\.m2\repository\org\apache\jena\jena-tdb2\4.6.1\jena-tdb2-4.6.1.jar;C:\Users\UsuarioPc\.m2\repository\org\apache\jena\jena-dboe-storage\4.6.1\jena-dboe-storage-4.6.1.jar;C:\Users\UsuarioPc\.m2\repository\org\apache\jena\jena-dboe-trans-data\4.6.1\jena-dboe-trans-data-4.6.1.jar;C:\Users\UsuarioPc\.m2\repository\org\apache\jena\jena-dboe-transaction\4.6.1\jena-dboe-transaction-4.6.1.jar;C:\Users\UsuarioPc\.m2\repository\org\apache\jena\jena-dboe-base\4.6.1\jena-dboe-base-4.6.1.jar;C:\Users\UsuarioPc\.m2\repository\org\apache\jena\jena-dboe-index\4.6.1\jena-dboe-index-4.6.1.jar;C:\Users\UsuarioPc\.m2\repository\org\apache\jena\jena-rdfconnection\4.6.1\jena-rdfconnection-4.6.1.jar;C:\Users\UsuarioPc\.m2\repository\commons-fileupload\commons-fileupload\1.4\commons-fileupload-1.4.jar;C:\Users\UsuarioPc\.m2\repository\commons-io\commons-io\2.11.0\commons-io-2.11.0.jar;C:\Users\UsuarioPc\.m2\repository\org\eclipse\jetty\jetty-servlet\10.0.11\jetty-servlet-10.0.11.jar;C:\Users\UsuarioPc\.m2\repository\org\eclipse\jetty\jetty-security\10.0.11\jetty-security-10.0.11.jar;C:\Users\UsuarioPc\.m2\repository\org\eclipse\jetty\jetty-server\10.0.11\jetty-server-10.0.11.jar;C:\Users\UsuarioPc\.m2\repository\org\eclipse\jetty\toolchain\jetty-servlet-api\4.0.6\jetty-servlet-api-4.0.6.jar;C:\Users\UsuarioPc\.m2\repository\org\eclipse\jetty\jetty-servlets\10.0.11\jetty-servlets-10.0.11.jar;C:\Users\UsuarioPc\.m2\repository\org\eclipse\jetty\jetty-http\10.0.11\jetty-http-10.0.11.jar;C:\Users\UsuarioPc\.m2\repository\org\eclipse\jetty\jetty-util\10.0.11\jetty-util-10.0.11.jar;C:\Users\UsuarioPc\.m2\repository\org\eclipse\jetty\jetty-io\10.0.11\jetty-io-10.0.11.jar;C:\Users\UsuarioPc\.m2\repository\org\slf4j\slf4j-api\1.7.36\slf4j-api-1.7.36.jar;C:\Users\UsuarioPc\.m2\repository\io\micrometer\micrometer-core\1.9.2\micrometer-core-1.9.2.jar;C:\Users\UsuarioPc\.m2\repository\org\hdrhistogram\HdrHistogram\2.1.12\HdrHistogram-2.1.12.jar;C:\Users\UsuarioPc\.m2\repository\org\latencyutils\LatencyUtils\2.0.3\LatencyUtils-2.0.3.jar;C:\Users\UsuarioPc\.m2\repository\io\micrometer\micrometer-registry-prometheus\1.9.2\micrometer-registry-prometheus-1.9.2.jar;C:\Users\UsuarioPc\.m2\repository\io\prometheus\simpleclient_common\0.15.0\simpleclient_common-0.15.0.jar;C:\Users\UsuarioPc\.m2\repository\io\prometheus\simpleclient\0.15.0\simpleclient-0.15.0.jar;C:\Users\UsuarioPc\.m2\repository\io\prometheus\simpleclient_tracer_otel\0.15.0\simpleclient_tracer_otel-0.15.0.jar;C:\Users\UsuarioPc\.m2\repository\io\prometheus\simpleclient_tracer_common\0.15.0\simpleclient_tracer_common-0.15.0.jar;C:\Users\UsuarioPc\.m2\repository\io\prometheus\simpleclient_tracer_otel_agent\0.15.0\simpleclient_tracer_otel_agent-0.15.0.jar;C:\Users\UsuarioPc\.m2\repository\org\apache\jena\jena-cmds\4.6.1\jena-cmds-4.6.1.jar;C:\Users\UsuarioPc\.m2\repository\org\apache\jena\jena-text\4.6.1\jena-text-4.6.1.jar;C:\Users\UsuarioPc\.m2\repository\org\apache\jena\jena-arq\4.6.1\jena-arq-4.6.1.jar;C:\Users\UsuarioPc\.m2\repository\org\apache\jena\jena-core\4.6.1\jena-core-4.6.1.jar;C:\Users\UsuarioPc\.m2\repository\org\apache\jena\jena-base\4.6.1\jena-base-4.6.1.jar;C:\Users\UsuarioPc\.m2\repository\org\apache\jena\jena-shaded-guava\4.6.1\jena-shaded-guava-4.6.1.jar;C:\Users\UsuarioPc\.m2\repository\org\apache\commons\commons-csv\1.9.0\commons-csv-1.9.0.jar;C:\Users\UsuarioPc\.m2\repository\commons-codec\commons-codec\1.15\commons-codec-1.15.jar;C:\Users\UsuarioPc\.m2\repository\org\apache\commons\commons-compress\1.21\commons-compress-1.21.jar;C:\Users\UsuarioPc\.m2\repository\com\github\andrewoma\dexx\collection\0.7\collection-0.7.jar;C:\Users\UsuarioPc\.m2\repository\org\apache\jena\jena-iri\4.6.1\jena-iri-4.6.1.jar;C:\Users\UsuarioPc\.m2\repository\commons-cli\commons-cli\1.5.0\commons-cli-1.5.0.jar;C:\Users\UsuarioPc\.m2\repository\com\github\jsonld-java\jsonld-java\0.13.4\jsonld-java-0.13.4.jar;C:\Users\UsuarioPc\.m2\repository\com\google\code\gson\gson\2.9.1\gson-2.9.1.jar;C:\Users\UsuarioPc\.m2\repository\org\apache\httpcomponents\httpclient-cache\4.5.13\httpclient-cache-4.5.13.jar;C:\Users\UsuarioPc\.m2\repository\org\apache\httpcomponents\httpclient\4.5.13\httpclient-4.5.13.jar;C:\Users\UsuarioPc\.m2\repository\org\apache\httpcomponents\httpcore\4.4.15\httpcore-4.4.15.jar;C:\Users\UsuarioPc\.m2\repository\org\slf4j\jcl-over-slf4j\1.7.36\jcl-over-slf4j-1.7.36.jar;C:\Users\UsuarioPc\.m2\repository\com\fasterxml\jackson\core\jackson-core\2.13.3\jackson-core-2.13.3.jar;C:\Users\UsuarioPc\.m2\repository\com\fasterxml\jackson\core\jackson-databind\2.13.3\jackson-databind-2.13.3.jar;C:\Users\UsuarioPc\.m2\repository\com\fasterxml\jackson\core\jackson-annotations\2.13.3\jackson-annotations-2.13.3.jar;C:\Users\UsuarioPc\.m2\repository\com\apicatalog\titanium-json-ld\1.3.1\titanium-json-ld-1.3.1.jar;C:\Users\UsuarioPc\.m2\repository\org\glassfish\jakarta.json\2.0.1\jakarta.json-2.0.1.jar;C:\Users\UsuarioPc\.m2\repository\com\google\protobuf\protobuf-java\3.21.4\protobuf-java-3.21.4.jar;C:\Users\UsuarioPc\.m2\repository\org\apache\thrift\libthrift\0.16.0\libthrift-0.16.0.jar;C:\Users\UsuarioPc\.m2\repository\javax\annotation\javax.annotation-api\1.3.2\javax.annotation-api-1.3.2.jar;C:\Users\UsuarioPc\.m2\repository\org\apache\commons\commons-lang3\3.12.0\commons-lang3-3.12.0.jar;C:\Users\UsuarioPc\.m2\repository\org\apache\lucene\lucene-core\8.11.1\lucene-core-8.11.1.jar;C:\Users\UsuarioPc\.m2\repository\org\apache\lucene\lucene-analyzers-common\8.11.1\lucene-analyzers-common-8.11.1.jar;C:\Users\UsuarioPc\.m2\repository\org\apache\lucene\lucene-queryparser\8.11.1\lucene-queryparser-8.11.1.jar;C:\Users\UsuarioPc\.m2\repository\org\apache\lucene\lucene-queries\8.11.1\lucene-queries-8.11.1.jar;C:\Users\UsuarioPc\.m2\repository\org\apache\lucene\lucene-sandbox\8.11.1\lucene-sandbox-8.11.1.jar;C:\Users\UsuarioPc\.m2\repository\org\apache\lucene\lucene-highlighter\8.11.1\lucene-highlighter-8.11.1.jar;C:\Users\UsuarioPc\.m2\repository\org\apache\lucene\lucene-memory\8.11.1\lucene-memory-8.11.1.jar;C:\Users\UsuarioPc\.m2\repository\org\apache\lucene\lucene-backward-codecs\8.11.1\lucene-backward-codecs-8.11.1.jar;C:\Users\UsuarioPc\.m2\repository\org\eclipse\jetty\jetty-webapp\10.0.11\jetty-webapp-10.0.11.jar;C:\Users\UsuarioPc\.m2\repository\org\eclipse\jetty\jetty-xml\10.0.11\jetty-xml-10.0.11.jar;C:\Users\UsuarioPc\.m2\repository\org\apache\shiro\shiro-core\1.9.1\shiro-core-1.9.1.jar;C:\Users\UsuarioPc\.m2\repository\org\apache\shiro\shiro-lang\1.9.1\shiro-lang-1.9.1.jar;C:\Users\UsuarioPc\.m2\repository\org\apache\shiro\shiro-cache\1.9.1\shiro-cache-1.9.1.jar;C:\Users\UsuarioPc\.m2\repository\org\apache\shiro\shiro-crypto-hash\1.9.1\shiro-crypto-hash-1.9.1.jar;C:\Users\UsuarioPc\.m2\repository\org\apache\shiro\shiro-crypto-core\1.9.1\shiro-crypto-core-1.9.1.jar;C:\Users\UsuarioPc\.m2\repository\org\apache\shiro\shiro-crypto-cipher\1.9.1\shiro-crypto-cipher-1.9.1.jar;C:\Users\UsuarioPc\.m2\repository\org\apache\shiro\shiro-config-core\1.9.1\shiro-config-core-1.9.1.jar;C:\Users\UsuarioPc\.m2\repository\org\apache\shiro\shiro-config-ogdl\1.9.1\shiro-config-ogdl-1.9.1.jar;C:\Users\UsuarioPc\.m2\repository\commons-beanutils\commons-beanutils\1.9.4\commons-beanutils-1.9.4.jar;C:\Users\UsuarioPc\.m2\repository\commons-collections\commons-collections\3.2.2\commons-collections-3.2.2.jar;C:\Users\UsuarioPc\.m2\repository\org\apache\shiro\shiro-event\1.9.1\shiro-event-1.9.1.jar;C:\Users\UsuarioPc\.m2\repository\org\apache\shiro\shiro-web\1.9.1\shiro-web-1.9.1.jar;C:\Users\UsuarioPc\.m2\repository\org\owasp\encoder\encoder\1.2.2\encoder-1.2.2.jar;C:\Users\UsuarioPc\.m2\repository\org\apache\logging\log4j\log4j-slf4j-impl\2.18.0\log4j-slf4j-impl-2.18.0.jar;C:\Users\UsuarioPc\.m2\repository\org\apache\logging\log4j\log4j-api\2.18.0\log4j-api-2.18.0.jar;C:\Users\UsuarioPc\.m2\repository\org\apache\logging\log4j\log4j-core\2.18.0\log4j-core-2.18.0.jar;C:\Users\UsuarioPc\.m2\repository\org\apache\logging\log4j\log4j-web\2.18.0\log4j-web-2.18.0.jar
Launcher Type: SUN_STANDARD

[Global flags]
     intx CICompilerCount                          = 4                                         {product} {ergonomic}
     uint ConcGCThreads                            = 2                                         {product} {ergonomic}
     uint G1ConcRefinementThreads                  = 8                                         {product} {ergonomic}
   size_t G1HeapRegionSize                         = 2097152                                   {product} {ergonomic}
    uintx GCDrainStackTargetSize                   = 64                                        {product} {ergonomic}
   size_t InitialHeapSize                          = 264241152                                 {product} {ergonomic}
   size_t MarkStackSize                            = 4194304                                   {product} {ergonomic}
   size_t MaxHeapSize                              = 4217372672                                {product} {ergonomic}
   size_t MaxNewSize                               = 2529165312                                {product} {ergonomic}
   size_t MinHeapDeltaBytes                        = 2097152                                   {product} {ergonomic}
   size_t MinHeapSize                              = 8388608                                   {product} {ergonomic}
    uintx NonNMethodCodeHeapSize                   = 5839372                                {pd product} {ergonomic}
    uintx NonProfiledCodeHeapSize                  = 122909434                              {pd product} {ergonomic}
    uintx ProfiledCodeHeapSize                     = 122909434                              {pd product} {ergonomic}
    uintx ReservedCodeCacheSize                    = 251658240                              {pd product} {ergonomic}
     bool SegmentedCodeCache                       = true                                      {product} {ergonomic}
   size_t SoftMaxHeapSize                          = 4217372672                             {manageable} {ergonomic}
     bool UseCompressedOops                        = true                           {product lp64_product} {ergonomic}
     bool UseG1GC                                  = true                                      {product} {ergonomic}
     bool UseLargePagesIndividualAllocation        = false                                  {pd product} {ergonomic}

Logging:
Log output configuration:
 #0: stdout all=warning uptime,level,tags foldmultilines=false
 #1: stderr all=off uptime,level,tags foldmultilines=false

Environment Variables:
PATH=C:/Users/UsuarioPc/Documents/rosetta-2.13.1-win32.win32.x86_64/Rosetta//plugins/org.eclipse.justj.openjdk.hotspot.jre.full.win32.x86_64_21.0.8.v20250724-1412/jre/bin/server;C:/Users/UsuarioPc/Documents/rosetta-2.13.1-win32.win32.x86_64/Rosetta//plugins/org.eclipse.justj.openjdk.hotspot.jre.full.win32.x86_64_21.0.8.v20250724-1412/jre/bin;C:\WINDOWS\system32;C:\WINDOWS;C:\WINDOWS\System32\Wbem;C:\WINDOWS\System32\WindowsPowerShell\v1.0\;C:\WINDOWS\System32\OpenSSH\;C:\Program Files (x86)\NVIDIA Corporation\PhysX\Common;C:\Program Files\Docker\Docker\resources\bin;C:\Program Files\Git\cmd;C:\Users\UsuarioPc\AppData\Local\Microsoft\WindowsApps;C:\Users\UsuarioPc\AppData\Local\Python\bin;C:\Users\UsuarioPc\AppData\Local\Programs\Microsoft VS Code\bin;C:\Users\UsuarioPc\Documents\rosetta-2.13.1-win32.win32.x86_64\Rosetta;
USERNAME=Edivaldo
OS=Windows_NT
PROCESSOR_IDENTIFIER=Intel64 Family 6 Model 140 Stepping 1, GenuineIntel
TMP=C:\Users\USUARI~1\AppData\Local\Temp
TEMP=C:\Users\USUARI~1\AppData\Local\Temp




Periodic native trim disabled

---------------  S Y S T E M  ---------------

OS:
 Windows 11 , 64 bit Build 26100 (10.0.26100.8521)
OS uptime: 0 days 1:29 hours
Hyper-V role detected

CPU: total 8 (initial active 8) (4 cores per cpu, 2 threads per core) family 6 model 140 stepping 1 microcode 0xbe, cx8, cmov, fxsr, ht, mmx, 3dnowpref, sse, sse2, sse3, ssse3, sse4.1, sse4.2, popcnt, lzcnt, tsc, tscinvbit, avx, avx2, aes, erms, clmul, bmi1, bmi2, adx, avx512f, avx512dq, avx512cd, avx512bw, avx512vl, sha, fma, vzeroupper, avx512_vpopcntdq, avx512_vpclmulqdq, avx512_vaes, avx512_vnni, clflush, clflushopt, clwb, avx512_vbmi2, avx512_vbmi, hv, rdtscp, rdpid, fsrm, gfni, avx512_bitalg, f16c, cet_ibt, cet_ss, avx512_ifma
Processor Information for the first 8 processors :
  Max Mhz: 2611, Current Mhz: 1104, Mhz Limit: 1096

Memory: 4k page, system-wide physical 16087M (669M free)
TotalPageFile size 19318M (AvailPageFile size 165M)
current process WorkingSet (physical memory assigned to process): 1021M, peak: 1021M
current process commit charge ("private bytes"): 1744M, peak: 2242M

vm_info: OpenJDK 64-Bit Server VM (21.0.8+9-LTS) for windows-amd64 JRE (21.0.8+9-LTS), built on 2025-07-15T00:00:00Z by "admin" with MS VC++ 17.7 (VS2022)

END.
